[INFO] Scanning for projects...
[INFO] 
[INFO] -----------< emranhss.com:Modern_Hospital_Management_System >-----------
[INFO] Building  0.0.1-SNAPSHOT
[INFO]   from pom.xml
[INFO] --------------------------------[ jar ]---------------------------------
[INFO] 
[INFO] >>> spring-boot:4.1.0:run (default-cli) > test-compile @ Modern_Hospital_Management_System >>>
[INFO] 
[INFO] --- resources:3.5.0:resources (default-resources) @ Modern_Hospital_Management_System ---
[INFO] Copying 1 resource from src\main\resources to target\classes
[INFO] Copying 9 resources from src\main\resources to target\classes
[INFO] 
[INFO] --- compiler:3.15.0:compile (default-compile) @ Modern_Hospital_Management_System ---
[INFO] Nothing to compile - all classes are up to date.
[INFO] 
[INFO] --- resources:3.5.0:testResources (default-testResources) @ Modern_Hospital_Management_System ---
[INFO] skip non existing resourceDirectory F:\JEE69\Final-Project\SPRING_BOOT_Hospital_Management\Modern_Hospital_Management_System\src\test\resources
[INFO] 
[INFO] --- compiler:3.15.0:testCompile (default-testCompile) @ Modern_Hospital_Management_System ---
[INFO] Recompiling the module because of added or removed source files.
[INFO] Compiling 1 source file with javac [debug parameters release 17] to target\test-classes
[INFO] 
[INFO] <<< spring-boot:4.1.0:run (default-cli) < test-compile @ Modern_Hospital_Management_System <<<
[INFO] 
[INFO] 
[INFO] --- spring-boot:4.1.0:run (default-cli) @ Modern_Hospital_Management_System ---
[INFO] Attaching agents: []

  .   ____          _            __ _ _
 /\\ / ___'_ __ _ _(_)_ __  __ _ \ \ \ \
( ( )\___ | '_ | '_| | '_ \/ _` | \ \ \ \
 \\/  ___)| |_)| | | | | || (_| |  ) ) ) )
  '  |____| .__|_| |_|_| |_\__, | / / / /
 =========|_|==============|___/=/_/_/_/

 :: Spring Boot ::                (v4.1.0)

2026-08-15T16:25:41.792+06:00  INFO 11004 --- [Modern_Hospital_Management_System] [  restartedMain] odernHospitalManagementSystemApplication : Starting ModernHospitalManagementSystemApplication using Java 17.0.5 with PID 11004 (F:\JEE69\Final-Project\SPRING_BOOT_Hospital_Management\Modern_Hospital_Management_System\target\classes started by Admin in F:\JEE69\Final-Project\SPRING_BOOT_Hospital_Management\Modern_Hospital_Management_System)
2026-08-15T16:25:41.795+06:00  INFO 11004 --- [Modern_Hospital_Management_System] [  restartedMain] odernHospitalManagementSystemApplication : No active profile set, falling back to 1 default profile: "default"
2026-08-15T16:25:41.840+06:00  INFO 11004 --- [Modern_Hospital_Management_System] [  restartedMain] .e.DevToolsPropertyDefaultsPostProcessor : Devtools property defaults active! Set 'spring.devtools.add-properties' to 'false' to disable
2026-08-15T16:25:41.841+06:00  INFO 11004 --- [Modern_Hospital_Management_System] [  restartedMain] .e.DevToolsPropertyDefaultsPostProcessor : For additional web related logging consider setting the 'logging.level.web' property to 'DEBUG'
2026-08-15T16:25:42.691+06:00  INFO 11004 --- [Modern_Hospital_Management_System] [  restartedMain] .s.d.r.c.RepositoryConfigurationDelegate : Bootstrapping Spring Data JPA repositories in DEFAULT mode.
2026-08-15T16:25:42.871+06:00  INFO 11004 --- [Modern_Hospital_Management_System] [  restartedMain] .s.d.r.c.RepositoryConfigurationDelegate : Finished Spring Data repository scanning in 172 ms. Found 75 JPA repository interfaces.
2026-08-15T16:25:43.431+06:00  INFO 11004 --- [Modern_Hospital_Management_System] [  restartedMain] o.s.boot.tomcat.TomcatWebServer          : Tomcat initialized with port 8085 (http)
2026-08-15T16:25:43.442+06:00  INFO 11004 --- [Modern_Hospital_Management_System] [  restartedMain] o.apache.catalina.core.StandardService   : Starting service [Tomcat]
2026-08-15T16:25:43.443+06:00  INFO 11004 --- [Modern_Hospital_Management_System] [  restartedMain] o.apache.catalina.core.StandardEngine    : Starting Servlet engine: [Apache Tomcat/11.0.22]
2026-08-15T16:25:43.483+06:00  INFO 11004 --- [Modern_Hospital_Management_System] [  restartedMain] b.w.c.s.WebApplicationContextInitializer : Root WebApplicationContext: initialization completed in 1640 ms
2026-08-15T16:25:43.643+06:00  INFO 11004 --- [Modern_Hospital_Management_System] [  restartedMain] org.hibernate.orm.jpa                    : HHH008540: Processing PersistenceUnitInfo [name: default]
2026-08-15T16:25:43.688+06:00  INFO 11004 --- [Modern_Hospital_Management_System] [  restartedMain] org.hibernate.orm.core                   : HHH000001: Hibernate ORM core version 7.4.1.Final
2026-08-15T16:25:44.068+06:00  INFO 11004 --- [Modern_Hospital_Management_System] [  restartedMain] o.s.o.j.p.SpringPersistenceUnitInfo      : No LoadTimeWeaver setup: ignoring JPA class transformer
2026-08-15T16:25:44.097+06:00  INFO 11004 --- [Modern_Hospital_Management_System] [  restartedMain] com.zaxxer.hikari.HikariDataSource       : HikariPool-1 - Starting...
2026-08-15T16:25:44.339+06:00  INFO 11004 --- [Modern_Hospital_Management_System] [  restartedMain] com.zaxxer.hikari.pool.HikariPool        : HikariPool-1 - Added connection com.mysql.cj.jdbc.ConnectionImpl@28867d07
2026-08-15T16:25:44.341+06:00  INFO 11004 --- [Modern_Hospital_Management_System] [  restartedMain] com.zaxxer.hikari.HikariDataSource       : HikariPool-1 - Start completed.
2026-08-15T16:25:44.412+06:00  INFO 11004 --- [Modern_Hospital_Management_System] [  restartedMain] org.hibernate.orm.connections.pooling    : HHH10001005: Database info:
	Database JDBC URL [jdbc:mysql://localhost:3306/hospital?createDatabaseIfNotExist=true]
	Database driver: MySQL Connector/J
	Database dialect: MySQLDialect
	Database version: 8.0.45
	Default catalog/schema: hospital/undefined
	Autocommit mode: undefined/unknown
	Isolation level: REPEATABLE_READ [default REPEATABLE_READ]
	JDBC fetch size: none
	Pool: DataSourceConnectionProvider
	Minimum pool size: undefined/unknown
	Maximum pool size: undefined/unknown
2026-08-15T16:25:45.050+06:00  WARN 11004 --- [Modern_Hospital_Management_System] [  restartedMain] org.hibernate.orm.deprecation            : HHH90000033: Encountered use of deprecated annotation [interface jakarta.persistence.Temporal] at emranhss.com.Modern_Hospital_Management_System.entity.OfficeStaff.joinDate.
2026-08-15T16:25:45.164+06:00  WARN 11004 --- [Modern_Hospital_Management_System] [  restartedMain] org.hibernate.orm.deprecation            : HHH90000033: Encountered use of deprecated annotation [interface jakarta.persistence.Temporal] at emranhss.com.Modern_Hospital_Management_System.entity.Report.createDate.
2026-08-15T16:25:45.165+06:00  WARN 11004 --- [Modern_Hospital_Management_System] [  restartedMain] org.hibernate.orm.deprecation            : HHH90000033: Encountered use of deprecated annotation [interface jakarta.persistence.Temporal] at emranhss.com.Modern_Hospital_Management_System.entity.Report.deliveryDate.
2026-08-15T16:25:45.169+06:00  WARN 11004 --- [Modern_Hospital_Management_System] [  restartedMain] org.hibernate.orm.deprecation            : HHH90000033: Encountered use of deprecated annotation [interface jakarta.persistence.Temporal] at emranhss.com.Modern_Hospital_Management_System.entity.Report.testDate.
2026-08-15T16:25:46.653+06:00  INFO 11004 --- [Modern_Hospital_Management_System] [  restartedMain] org.hibernate.orm.core                   : HHH000489: No JTA platform available (set 'hibernate.transaction.jta.platform' to enable JTA platform integration)
Hibernate: 
    alter table billing_payments 
       modify column payment_method enum ('BANK_TRANSFER','CARD','CASH','INSURANCE','MOBILE_BANKING','ONLINE_PAYMENT','SPLIT') not null
Hibernate: 
    alter table billing_payments 
       modify column payment_status enum ('COMPLETED','FAILED','PARTIAL','PENDING','REFUNDED') not null
Hibernate: 
    alter table lab_report_results 
       modify column status enum ('ABNORMAL','BORDERLINE','CRITICAL_HIGH','CRITICAL_LOW','HIGH','LOW','NEGATIVE','NON_REACTIVE','NORMAL','PENDING','POSITIVE','REACTIVE') not null
Hibernate: 
    alter table lab_reports 
       modify column report_status enum ('ABNORMAL','CRITICAL','DENGUE_POSITIVE','NEEDS_DOCTOR_REVIEW','NORMAL','PENDING','READY') not null
Hibernate: 
    alter table test_parameters 
       modify column result_type enum ('MULTI_OPTION','NUMERIC','POSITIVE_NEGATIVE','TEXT') not null
2026-08-15T16:25:46.946+06:00  INFO 11004 --- [Modern_Hospital_Management_System] [  restartedMain] j.LocalContainerEntityManagerFactoryBean : Initialized JPA EntityManagerFactory for persistence unit 'default'
2026-08-15T16:25:47.012+06:00  INFO 11004 --- [Modern_Hospital_Management_System] [  restartedMain] o.s.d.j.r.query.QueryEnhancerFactories   : Hibernate is in classpath; If applicable, HQL parser will be used.
2026-08-15T16:25:48.711+06:00  INFO 11004 --- [Modern_Hospital_Management_System] [  restartedMain] eAuthenticationProviderManagerConfigurer : Global AuthenticationManager configured with AuthenticationProvider bean with name authenticationProvider
2026-08-15T16:25:48.712+06:00  WARN 11004 --- [Modern_Hospital_Management_System] [  restartedMain] r$InitializeUserDetailsManagerConfigurer : Global AuthenticationManager configured with an AuthenticationProvider bean. UserDetailsService beans will not be used by Spring Security for automatically configuring username/password login. Consider removing the AuthenticationProvider bean. Alternatively, consider using the UserDetailsService in a manually instantiated DaoAuthenticationProvider. If the current configuration is intentional, to turn off this warning, increase the logging level of 'org.springframework.security.config.annotation.authentication.configuration.InitializeUserDetailsBeanManagerConfigurer' to ERROR
2026-08-15T16:25:50.520+06:00  WARN 11004 --- [Modern_Hospital_Management_System] [  restartedMain] JpaBaseConfiguration$JpaWebConfiguration : spring.jpa.open-in-view is enabled by default. Therefore, database queries may be performed during view rendering. Explicitly configure spring.jpa.open-in-view to disable this warning
2026-08-15T16:25:50.854+06:00  INFO 11004 --- [Modern_Hospital_Management_System] [  restartedMain] o.s.v.b.OptionalValidatorFactoryBean     : Failed to set up a Bean Validation provider: jakarta.validation.NoProviderFoundException: Unable to create a Configuration, because no Jakarta Validation provider could be found. Add a provider like Hibernate Validator (RI) to your classpath.
2026-08-15T16:25:51.333+06:00  INFO 11004 --- [Modern_Hospital_Management_System] [  restartedMain] o.s.boot.tomcat.TomcatWebServer          : Tomcat started on port 8085 (http) with context path '/'
2026-08-15T16:25:51.339+06:00  INFO 11004 --- [Modern_Hospital_Management_System] [  restartedMain] odernHospitalManagementSystemApplication : Started ModernHospitalManagementSystemApplication in 9.906 seconds (process running for 10.316)
Hibernate: 
    select
        count(*) 
    from
        charge_categories cc1_0
2026-08-15T16:25:51.409+06:00  INFO 11004 --- [Modern_Hospital_Management_System] [  restartedMain] e.c.M.config.ChargeCategorySeeder        : Charge categories already seeded. Skipping.
Hibernate: 
    select
        count(*) 
    from
        patients p1_0
Hibernate: 
    select
        count(*) 
    from
        dieticians d1_0
[SKIP] Dietary data already seeded.
Hibernate: 
    select
        tm1_0.id,
        tm1_0.active,
        tm1_0.normal_range,
        tm1_0.standard_price,
        tm1_0.test_code,
        tm1_0.test_name 
    from
        test_masters tm1_0 
    where
        tm1_0.test_code=?
Hibernate: 
    select
        tp1_0.id,
        tp1_0.active,
        tp1_0.allowed_values,
        tp1_0.decimal_precision,
        tp1_0.display_order,
        tp1_0.normal_text,
        tp1_0.parameter_code,
        tp1_0.parameter_name,
        tp1_0.result_type,
        tp1_0.test_master_id,
        tp1_0.unit 
    from
        test_parameters tp1_0 
    where
        tp1_0.test_master_id=? 
    order by
        tp1_0.display_order
Hibernate: 
    select
        rr1_0.id,
        rr1_0.active,
        rr1_0.critical_high,
        rr1_0.critical_low,
        rr1_0.display_range,
        rr1_0.gender_scope,
        rr1_0.max_age_years,
        rr1_0.max_value,
        rr1_0.min_age_years,
        rr1_0.min_value,
        rr1_0.priority,
        rr1_0.test_parameter_id 
    from
        reference_ranges rr1_0 
    where
        rr1_0.test_parameter_id=? 
    order by
        rr1_0.priority
Hibernate: 
    select
        ir1_0.id,
        ir1_0.active,
        ir1_0.display_order,
        ir1_0.interpretation_text,
        ir1_0.parameter_status,
        ir1_0.test_parameter_id,
        ir1_0.value_match 
    from
        interpretation_rules ir1_0 
    where
        ir1_0.test_parameter_id=? 
    order by
        ir1_0.display_order
Hibernate: 
    select
        tp1_0.id,
        tp1_0.active,
        tp1_0.allowed_values,
        tp1_0.decimal_precision,
        tp1_0.display_order,
        tp1_0.normal_text,
        tp1_0.parameter_code,
        tp1_0.parameter_name,
        tp1_0.result_type,
        tp1_0.test_master_id,
        tp1_0.unit 
    from
        test_parameters tp1_0 
    where
        tp1_0.test_master_id=? 
    order by
        tp1_0.display_order
Hibernate: 
    select
        rr1_0.id,
        rr1_0.active,
        rr1_0.critical_high,
        rr1_0.critical_low,
        rr1_0.display_range,
        rr1_0.gender_scope,
        rr1_0.max_age_years,
        rr1_0.max_value,
        rr1_0.min_age_years,
        rr1_0.min_value,
        rr1_0.priority,
        rr1_0.test_parameter_id 
    from
        reference_ranges rr1_0 
    where
        rr1_0.test_parameter_id=? 
    order by
        rr1_0.priority
Hibernate: 
    select
        ir1_0.id,
        ir1_0.active,
        ir1_0.display_order,
        ir1_0.interpretation_text,
        ir1_0.parameter_status,
        ir1_0.test_parameter_id,
        ir1_0.value_match 
    from
        interpretation_rules ir1_0 
    where
        ir1_0.test_parameter_id=? 
    order by
        ir1_0.display_order
Hibernate: 
    select
        tp1_0.id,
        tp1_0.active,
        tp1_0.allowed_values,
        tp1_0.decimal_precision,
        tp1_0.display_order,
        tp1_0.normal_text,
        tp1_0.parameter_code,
        tp1_0.parameter_name,
        tp1_0.result_type,
        tp1_0.test_master_id,
        tp1_0.unit 
    from
        test_parameters tp1_0 
    where
        tp1_0.test_master_id=? 
    order by
        tp1_0.display_order
Hibernate: 
    select
        rr1_0.id,
        rr1_0.active,
        rr1_0.critical_high,
        rr1_0.critical_low,
        rr1_0.display_range,
        rr1_0.gender_scope,
        rr1_0.max_age_years,
        rr1_0.max_value,
        rr1_0.min_age_years,
        rr1_0.min_value,
        rr1_0.priority,
        rr1_0.test_parameter_id 
    from
        reference_ranges rr1_0 
    where
        rr1_0.test_parameter_id=? 
    order by
        rr1_0.priority
Hibernate: 
    select
        ir1_0.id,
        ir1_0.active,
        ir1_0.display_order,
        ir1_0.interpretation_text,
        ir1_0.parameter_status,
        ir1_0.test_parameter_id,
        ir1_0.value_match 
    from
        interpretation_rules ir1_0 
    where
        ir1_0.test_parameter_id=? 
    order by
        ir1_0.display_order
Hibernate: 
    select
        tp1_0.id,
        tp1_0.active,
        tp1_0.allowed_values,
        tp1_0.decimal_precision,
        tp1_0.display_order,
        tp1_0.normal_text,
        tp1_0.parameter_code,
        tp1_0.parameter_name,
        tp1_0.result_type,
        tp1_0.test_master_id,
        tp1_0.unit 
    from
        test_parameters tp1_0 
    where
        tp1_0.test_master_id=? 
    order by
        tp1_0.display_order
Hibernate: 
    select
        rr1_0.id,
        rr1_0.active,
        rr1_0.critical_high,
        rr1_0.critical_low,
        rr1_0.display_range,
        rr1_0.gender_scope,
        rr1_0.max_age_years,
        rr1_0.max_value,
        rr1_0.min_age_years,
        rr1_0.min_value,
        rr1_0.priority,
        rr1_0.test_parameter_id 
    from
        reference_ranges rr1_0 
    where
        rr1_0.test_parameter_id=? 
    order by
        rr1_0.priority
Hibernate: 
    select
        ir1_0.id,
        ir1_0.active,
        ir1_0.display_order,
        ir1_0.interpretation_text,
        ir1_0.parameter_status,
        ir1_0.test_parameter_id,
        ir1_0.value_match 
    from
        interpretation_rules ir1_0 
    where
        ir1_0.test_parameter_id=? 
    order by
        ir1_0.display_order
Hibernate: 
    select
        tp1_0.id,
        tp1_0.active,
        tp1_0.allowed_values,
        tp1_0.decimal_precision,
        tp1_0.display_order,
        tp1_0.normal_text,
        tp1_0.parameter_code,
        tp1_0.parameter_name,
        tp1_0.result_type,
        tp1_0.test_master_id,
        tp1_0.unit 
    from
        test_parameters tp1_0 
    where
        tp1_0.test_master_id=? 
    order by
        tp1_0.display_order
Hibernate: 
    select
        rr1_0.id,
        rr1_0.active,
        rr1_0.critical_high,
        rr1_0.critical_low,
        rr1_0.display_range,
        rr1_0.gender_scope,
        rr1_0.max_age_years,
        rr1_0.max_value,
        rr1_0.min_age_years,
        rr1_0.min_value,
        rr1_0.priority,
        rr1_0.test_parameter_id 
    from
        reference_ranges rr1_0 
    where
        rr1_0.test_parameter_id=? 
    order by
        rr1_0.priority
Hibernate: 
    select
        ir1_0.id,
        ir1_0.active,
        ir1_0.display_order,
        ir1_0.interpretation_text,
        ir1_0.parameter_status,
        ir1_0.test_parameter_id,
        ir1_0.value_match 
    from
        interpretation_rules ir1_0 
    where
        ir1_0.test_parameter_id=? 
    order by
        ir1_0.display_order
Hibernate: 
    select
        tp1_0.id,
        tp1_0.active,
        tp1_0.allowed_values,
        tp1_0.decimal_precision,
        tp1_0.display_order,
        tp1_0.normal_text,
        tp1_0.parameter_code,
        tp1_0.parameter_name,
        tp1_0.result_type,
        tp1_0.test_master_id,
        tp1_0.unit 
    from
        test_parameters tp1_0 
    where
        tp1_0.test_master_id=? 
    order by
        tp1_0.display_order
Hibernate: 
    select
        rr1_0.id,
        rr1_0.active,
        rr1_0.critical_high,
        rr1_0.critical_low,
        rr1_0.display_range,
        rr1_0.gender_scope,
        rr1_0.max_age_years,
        rr1_0.max_value,
        rr1_0.min_age_years,
        rr1_0.min_value,
        rr1_0.priority,
        rr1_0.test_parameter_id 
    from
        reference_ranges rr1_0 
    where
        rr1_0.test_parameter_id=? 
    order by
        rr1_0.priority
Hibernate: 
    select
        ir1_0.id,
        ir1_0.active,
        ir1_0.display_order,
        ir1_0.interpretation_text,
        ir1_0.parameter_status,
        ir1_0.test_parameter_id,
        ir1_0.value_match 
    from
        interpretation_rules ir1_0 
    where
        ir1_0.test_parameter_id=? 
    order by
        ir1_0.display_order
Hibernate: 
    select
        tm1_0.id,
        tm1_0.active,
        tm1_0.normal_range,
        tm1_0.standard_price,
        tm1_0.test_code,
        tm1_0.test_name 
    from
        test_masters tm1_0 
    where
        tm1_0.test_code=?
Hibernate: 
    select
        tp1_0.id,
        tp1_0.active,
        tp1_0.allowed_values,
        tp1_0.decimal_precision,
        tp1_0.display_order,
        tp1_0.normal_text,
        tp1_0.parameter_code,
        tp1_0.parameter_name,
        tp1_0.result_type,
        tp1_0.test_master_id,
        tp1_0.unit 
    from
        test_parameters tp1_0 
    where
        tp1_0.test_master_id=? 
    order by
        tp1_0.display_order
Hibernate: 
    select
        rr1_0.id,
        rr1_0.active,
        rr1_0.critical_high,
        rr1_0.critical_low,
        rr1_0.display_range,
        rr1_0.gender_scope,
        rr1_0.max_age_years,
        rr1_0.max_value,
        rr1_0.min_age_years,
        rr1_0.min_value,
        rr1_0.priority,
        rr1_0.test_parameter_id 
    from
        reference_ranges rr1_0 
    where
        rr1_0.test_parameter_id=? 
    order by
        rr1_0.priority
Hibernate: 
    select
        ir1_0.id,
        ir1_0.active,
        ir1_0.display_order,
        ir1_0.interpretation_text,
        ir1_0.parameter_status,
        ir1_0.test_parameter_id,
        ir1_0.value_match 
    from
        interpretation_rules ir1_0 
    where
        ir1_0.test_parameter_id=? 
    order by
        ir1_0.display_order
Hibernate: 
    select
        tp1_0.id,
        tp1_0.active,
        tp1_0.allowed_values,
        tp1_0.decimal_precision,
        tp1_0.display_order,
        tp1_0.normal_text,
        tp1_0.parameter_code,
        tp1_0.parameter_name,
        tp1_0.result_type,
        tp1_0.test_master_id,
        tp1_0.unit 
    from
        test_parameters tp1_0 
    where
        tp1_0.test_master_id=? 
    order by
        tp1_0.display_order
Hibernate: 
    select
        rr1_0.id,
        rr1_0.active,
        rr1_0.critical_high,
        rr1_0.critical_low,
        rr1_0.display_range,
        rr1_0.gender_scope,
        rr1_0.max_age_years,
        rr1_0.max_value,
        rr1_0.min_age_years,
        rr1_0.min_value,
        rr1_0.priority,
        rr1_0.test_parameter_id 
    from
        reference_ranges rr1_0 
    where
        rr1_0.test_parameter_id=? 
    order by
        rr1_0.priority
Hibernate: 
    select
        ir1_0.id,
        ir1_0.active,
        ir1_0.display_order,
        ir1_0.interpretation_text,
        ir1_0.parameter_status,
        ir1_0.test_parameter_id,
        ir1_0.value_match 
    from
        interpretation_rules ir1_0 
    where
        ir1_0.test_parameter_id=? 
    order by
        ir1_0.display_order
Hibernate: 
    select
        tp1_0.id,
        tp1_0.active,
        tp1_0.allowed_values,
        tp1_0.decimal_precision,
        tp1_0.display_order,
        tp1_0.normal_text,
        tp1_0.parameter_code,
        tp1_0.parameter_name,
        tp1_0.result_type,
        tp1_0.test_master_id,
        tp1_0.unit 
    from
        test_parameters tp1_0 
    where
        tp1_0.test_master_id=? 
    order by
        tp1_0.display_order
Hibernate: 
    select
        rr1_0.id,
        rr1_0.active,
        rr1_0.critical_high,
        rr1_0.critical_low,
        rr1_0.display_range,
        rr1_0.gender_scope,
        rr1_0.max_age_years,
        rr1_0.max_value,
        rr1_0.min_age_years,
        rr1_0.min_value,
        rr1_0.priority,
        rr1_0.test_parameter_id 
    from
        reference_ranges rr1_0 
    where
        rr1_0.test_parameter_id=? 
    order by
        rr1_0.priority
Hibernate: 
    select
        ir1_0.id,
        ir1_0.active,
        ir1_0.display_order,
        ir1_0.interpretation_text,
        ir1_0.parameter_status,
        ir1_0.test_parameter_id,
        ir1_0.value_match 
    from
        interpretation_rules ir1_0 
    where
        ir1_0.test_parameter_id=? 
    order by
        ir1_0.display_order
Hibernate: 
    select
        tm1_0.id,
        tm1_0.active,
        tm1_0.normal_range,
        tm1_0.standard_price,
        tm1_0.test_code,
        tm1_0.test_name 
    from
        test_masters tm1_0 
    where
        tm1_0.test_code=?
Hibernate: 
    select
        tp1_0.id,
        tp1_0.active,
        tp1_0.allowed_values,
        tp1_0.decimal_precision,
        tp1_0.display_order,
        tp1_0.normal_text,
        tp1_0.parameter_code,
        tp1_0.parameter_name,
        tp1_0.result_type,
        tp1_0.test_master_id,
        tp1_0.unit 
    from
        test_parameters tp1_0 
    where
        tp1_0.test_master_id=? 
    order by
        tp1_0.display_order
Hibernate: 
    select
        rr1_0.id,
        rr1_0.active,
        rr1_0.critical_high,
        rr1_0.critical_low,
        rr1_0.display_range,
        rr1_0.gender_scope,
        rr1_0.max_age_years,
        rr1_0.max_value,
        rr1_0.min_age_years,
        rr1_0.min_value,
        rr1_0.priority,
        rr1_0.test_parameter_id 
    from
        reference_ranges rr1_0 
    where
        rr1_0.test_parameter_id=? 
    order by
        rr1_0.priority
Hibernate: 
    select
        ir1_0.id,
        ir1_0.active,
        ir1_0.display_order,
        ir1_0.interpretation_text,
        ir1_0.parameter_status,
        ir1_0.test_parameter_id,
        ir1_0.value_match 
    from
        interpretation_rules ir1_0 
    where
        ir1_0.test_parameter_id=? 
    order by
        ir1_0.display_order
Hibernate: 
    select
        tp1_0.id,
        tp1_0.active,
        tp1_0.allowed_values,
        tp1_0.decimal_precision,
        tp1_0.display_order,
        tp1_0.normal_text,
        tp1_0.parameter_code,
        tp1_0.parameter_name,
        tp1_0.result_type,
        tp1_0.test_master_id,
        tp1_0.unit 
    from
        test_parameters tp1_0 
    where
        tp1_0.test_master_id=? 
    order by
        tp1_0.display_order
Hibernate: 
    select
        rr1_0.id,
        rr1_0.active,
        rr1_0.critical_high,
        rr1_0.critical_low,
        rr1_0.display_range,
        rr1_0.gender_scope,
        rr1_0.max_age_years,
        rr1_0.max_value,
        rr1_0.min_age_years,
        rr1_0.min_value,
        rr1_0.priority,
        rr1_0.test_parameter_id 
    from
        reference_ranges rr1_0 
    where
        rr1_0.test_parameter_id=? 
    order by
        rr1_0.priority
Hibernate: 
    select
        ir1_0.id,
        ir1_0.active,
        ir1_0.display_order,
        ir1_0.interpretation_text,
        ir1_0.parameter_status,
        ir1_0.test_parameter_id,
        ir1_0.value_match 
    from
        interpretation_rules ir1_0 
    where
        ir1_0.test_parameter_id=? 
    order by
        ir1_0.display_order
Hibernate: 
    select
        tp1_0.id,
        tp1_0.active,
        tp1_0.allowed_values,
        tp1_0.decimal_precision,
        tp1_0.display_order,
        tp1_0.normal_text,
        tp1_0.parameter_code,
        tp1_0.parameter_name,
        tp1_0.result_type,
        tp1_0.test_master_id,
        tp1_0.unit 
    from
        test_parameters tp1_0 
    where
        tp1_0.test_master_id=? 
    order by
        tp1_0.display_order
Hibernate: 
    select
        rr1_0.id,
        rr1_0.active,
        rr1_0.critical_high,
        rr1_0.critical_low,
        rr1_0.display_range,
        rr1_0.gender_scope,
        rr1_0.max_age_years,
        rr1_0.max_value,
        rr1_0.min_age_years,
        rr1_0.min_value,
        rr1_0.priority,
        rr1_0.test_parameter_id 
    from
        reference_ranges rr1_0 
    where
        rr1_0.test_parameter_id=? 
    order by
        rr1_0.priority
Hibernate: 
    select
        ir1_0.id,
        ir1_0.active,
        ir1_0.display_order,
        ir1_0.interpretation_text,
        ir1_0.parameter_status,
        ir1_0.test_parameter_id,
        ir1_0.value_match 
    from
        interpretation_rules ir1_0 
    where
        ir1_0.test_parameter_id=? 
    order by
        ir1_0.display_order
Hibernate: 
    select
        tp1_0.id,
        tp1_0.active,
        tp1_0.allowed_values,
        tp1_0.decimal_precision,
        tp1_0.display_order,
        tp1_0.normal_text,
        tp1_0.parameter_code,
        tp1_0.parameter_name,
        tp1_0.result_type,
        tp1_0.test_master_id,
        tp1_0.unit 
    from
        test_parameters tp1_0 
    where
        tp1_0.test_master_id=? 
    order by
        tp1_0.display_order
Hibernate: 
    select
        rr1_0.id,
        rr1_0.active,
        rr1_0.critical_high,
        rr1_0.critical_low,
        rr1_0.display_range,
        rr1_0.gender_scope,
        rr1_0.max_age_years,
        rr1_0.max_value,
        rr1_0.min_age_years,
        rr1_0.min_value,
        rr1_0.priority,
        rr1_0.test_parameter_id 
    from
        reference_ranges rr1_0 
    where
        rr1_0.test_parameter_id=? 
    order by
        rr1_0.priority
Hibernate: 
    select
        ir1_0.id,
        ir1_0.active,
        ir1_0.display_order,
        ir1_0.interpretation_text,
        ir1_0.parameter_status,
        ir1_0.test_parameter_id,
        ir1_0.value_match 
    from
        interpretation_rules ir1_0 
    where
        ir1_0.test_parameter_id=? 
    order by
        ir1_0.display_order
Hibernate: 
    select
        tp1_0.id,
        tp1_0.active,
        tp1_0.allowed_values,
        tp1_0.decimal_precision,
        tp1_0.display_order,
        tp1_0.normal_text,
        tp1_0.parameter_code,
        tp1_0.parameter_name,
        tp1_0.result_type,
        tp1_0.test_master_id,
        tp1_0.unit 
    from
        test_parameters tp1_0 
    where
        tp1_0.test_master_id=? 
    order by
        tp1_0.display_order
Hibernate: 
    select
        rr1_0.id,
        rr1_0.active,
        rr1_0.critical_high,
        rr1_0.critical_low,
        rr1_0.display_range,
        rr1_0.gender_scope,
        rr1_0.max_age_years,
        rr1_0.max_value,
        rr1_0.min_age_years,
        rr1_0.min_value,
        rr1_0.priority,
        rr1_0.test_parameter_id 
    from
        reference_ranges rr1_0 
    where
        rr1_0.test_parameter_id=? 
    order by
        rr1_0.priority
Hibernate: 
    select
        ir1_0.id,
        ir1_0.active,
        ir1_0.display_order,
        ir1_0.interpretation_text,
        ir1_0.parameter_status,
        ir1_0.test_parameter_id,
        ir1_0.value_match 
    from
        interpretation_rules ir1_0 
    where
        ir1_0.test_parameter_id=? 
    order by
        ir1_0.display_order
Hibernate: 
    select
        tp1_0.id,
        tp1_0.active,
        tp1_0.allowed_values,
        tp1_0.decimal_precision,
        tp1_0.display_order,
        tp1_0.normal_text,
        tp1_0.parameter_code,
        tp1_0.parameter_name,
        tp1_0.result_type,
        tp1_0.test_master_id,
        tp1_0.unit 
    from
        test_parameters tp1_0 
    where
        tp1_0.test_master_id=? 
    order by
        tp1_0.display_order
Hibernate: 
    select
        rr1_0.id,
        rr1_0.active,
        rr1_0.critical_high,
        rr1_0.critical_low,
        rr1_0.display_range,
        rr1_0.gender_scope,
        rr1_0.max_age_years,
        rr1_0.max_value,
        rr1_0.min_age_years,
        rr1_0.min_value,
        rr1_0.priority,
        rr1_0.test_parameter_id 
    from
        reference_ranges rr1_0 
    where
        rr1_0.test_parameter_id=? 
    order by
        rr1_0.priority
Hibernate: 
    select
        ir1_0.id,
        ir1_0.active,
        ir1_0.display_order,
        ir1_0.interpretation_text,
        ir1_0.parameter_status,
        ir1_0.test_parameter_id,
        ir1_0.value_match 
    from
        interpretation_rules ir1_0 
    where
        ir1_0.test_parameter_id=? 
    order by
        ir1_0.display_order
Hibernate: 
    select
        tp1_0.id,
        tp1_0.active,
        tp1_0.allowed_values,
        tp1_0.decimal_precision,
        tp1_0.display_order,
        tp1_0.normal_text,
        tp1_0.parameter_code,
        tp1_0.parameter_name,
        tp1_0.result_type,
        tp1_0.test_master_id,
        tp1_0.unit 
    from
        test_parameters tp1_0 
    where
        tp1_0.test_master_id=? 
    order by
        tp1_0.display_order
Hibernate: 
    select
        rr1_0.id,
        rr1_0.active,
        rr1_0.critical_high,
        rr1_0.critical_low,
        rr1_0.display_range,
        rr1_0.gender_scope,
        rr1_0.max_age_years,
        rr1_0.max_value,
        rr1_0.min_age_years,
        rr1_0.min_value,
        rr1_0.priority,
        rr1_0.test_parameter_id 
    from
        reference_ranges rr1_0 
    where
        rr1_0.test_parameter_id=? 
    order by
        rr1_0.priority
Hibernate: 
    select
        ir1_0.id,
        ir1_0.active,
        ir1_0.display_order,
        ir1_0.interpretation_text,
        ir1_0.parameter_status,
        ir1_0.test_parameter_id,
        ir1_0.value_match 
    from
        interpretation_rules ir1_0 
    where
        ir1_0.test_parameter_id=? 
    order by
        ir1_0.display_order
Hibernate: 
    select
        tm1_0.id,
        tm1_0.active,
        tm1_0.normal_range,
        tm1_0.standard_price,
        tm1_0.test_code,
        tm1_0.test_name 
    from
        test_masters tm1_0 
    where
        tm1_0.test_code=?
Hibernate: 
    select
        tp1_0.id,
        tp1_0.active,
        tp1_0.allowed_values,
        tp1_0.decimal_precision,
        tp1_0.display_order,
        tp1_0.normal_text,
        tp1_0.parameter_code,
        tp1_0.parameter_name,
        tp1_0.result_type,
        tp1_0.test_master_id,
        tp1_0.unit 
    from
        test_parameters tp1_0 
    where
        tp1_0.test_master_id=? 
    order by
        tp1_0.display_order
Hibernate: 
    select
        rr1_0.id,
        rr1_0.active,
        rr1_0.critical_high,
        rr1_0.critical_low,
        rr1_0.display_range,
        rr1_0.gender_scope,
        rr1_0.max_age_years,
        rr1_0.max_value,
        rr1_0.min_age_years,
        rr1_0.min_value,
        rr1_0.priority,
        rr1_0.test_parameter_id 
    from
        reference_ranges rr1_0 
    where
        rr1_0.test_parameter_id=? 
    order by
        rr1_0.priority
Hibernate: 
    select
        ir1_0.id,
        ir1_0.active,
        ir1_0.display_order,
        ir1_0.interpretation_text,
        ir1_0.parameter_status,
        ir1_0.test_parameter_id,
        ir1_0.value_match 
    from
        interpretation_rules ir1_0 
    where
        ir1_0.test_parameter_id=? 
    order by
        ir1_0.display_order
Hibernate: 
    select
        tm1_0.id,
        tm1_0.active,
        tm1_0.normal_range,
        tm1_0.standard_price,
        tm1_0.test_code,
        tm1_0.test_name 
    from
        test_masters tm1_0 
    where
        tm1_0.test_code=?
Hibernate: 
    select
        tp1_0.id,
        tp1_0.active,
        tp1_0.allowed_values,
        tp1_0.decimal_precision,
        tp1_0.display_order,
        tp1_0.normal_text,
        tp1_0.parameter_code,
        tp1_0.parameter_name,
        tp1_0.result_type,
        tp1_0.test_master_id,
        tp1_0.unit 
    from
        test_parameters tp1_0 
    where
        tp1_0.test_master_id=? 
    order by
        tp1_0.display_order
Hibernate: 
    select
        rr1_0.id,
        rr1_0.active,
        rr1_0.critical_high,
        rr1_0.critical_low,
        rr1_0.display_range,
        rr1_0.gender_scope,
        rr1_0.max_age_years,
        rr1_0.max_value,
        rr1_0.min_age_years,
        rr1_0.min_value,
        rr1_0.priority,
        rr1_0.test_parameter_id 
    from
        reference_ranges rr1_0 
    where
        rr1_0.test_parameter_id=? 
    order by
        rr1_0.priority
Hibernate: 
    select
        ir1_0.id,
        ir1_0.active,
        ir1_0.display_order,
        ir1_0.interpretation_text,
        ir1_0.parameter_status,
        ir1_0.test_parameter_id,
        ir1_0.value_match 
    from
        interpretation_rules ir1_0 
    where
        ir1_0.test_parameter_id=? 
    order by
        ir1_0.display_order
Hibernate: 
    select
        tm1_0.id,
        tm1_0.active,
        tm1_0.normal_range,
        tm1_0.standard_price,
        tm1_0.test_code,
        tm1_0.test_name 
    from
        test_masters tm1_0 
    where
        tm1_0.test_code=?
Hibernate: 
    select
        tp1_0.id,
        tp1_0.active,
        tp1_0.allowed_values,
        tp1_0.decimal_precision,
        tp1_0.display_order,
        tp1_0.normal_text,
        tp1_0.parameter_code,
        tp1_0.parameter_name,
        tp1_0.result_type,
        tp1_0.test_master_id,
        tp1_0.unit 
    from
        test_parameters tp1_0 
    where
        tp1_0.test_master_id=? 
    order by
        tp1_0.display_order
Hibernate: 
    select
        rr1_0.id,
        rr1_0.active,
        rr1_0.critical_high,
        rr1_0.critical_low,
        rr1_0.display_range,
        rr1_0.gender_scope,
        rr1_0.max_age_years,
        rr1_0.max_value,
        rr1_0.min_age_years,
        rr1_0.min_value,
        rr1_0.priority,
        rr1_0.test_parameter_id 
    from
        reference_ranges rr1_0 
    where
        rr1_0.test_parameter_id=? 
    order by
        rr1_0.priority
Hibernate: 
    select
        ir1_0.id,
        ir1_0.active,
        ir1_0.display_order,
        ir1_0.interpretation_text,
        ir1_0.parameter_status,
        ir1_0.test_parameter_id,
        ir1_0.value_match 
    from
        interpretation_rules ir1_0 
    where
        ir1_0.test_parameter_id=? 
    order by
        ir1_0.display_order
Hibernate: 
    select
        tm1_0.id,
        tm1_0.active,
        tm1_0.normal_range,
        tm1_0.standard_price,
        tm1_0.test_code,
        tm1_0.test_name 
    from
        test_masters tm1_0 
    where
        tm1_0.test_code=?
Hibernate: 
    select
        tp1_0.id,
        tp1_0.active,
        tp1_0.allowed_values,
        tp1_0.decimal_precision,
        tp1_0.display_order,
        tp1_0.normal_text,
        tp1_0.parameter_code,
        tp1_0.parameter_name,
        tp1_0.result_type,
        tp1_0.test_master_id,
        tp1_0.unit 
    from
        test_parameters tp1_0 
    where
        tp1_0.test_master_id=? 
    order by
        tp1_0.display_order
Hibernate: 
    select
        rr1_0.id,
        rr1_0.active,
        rr1_0.critical_high,
        rr1_0.critical_low,
        rr1_0.display_range,
        rr1_0.gender_scope,
        rr1_0.max_age_years,
        rr1_0.max_value,
        rr1_0.min_age_years,
        rr1_0.min_value,
        rr1_0.priority,
        rr1_0.test_parameter_id 
    from
        reference_ranges rr1_0 
    where
        rr1_0.test_parameter_id=? 
    order by
        rr1_0.priority
Hibernate: 
    select
        ir1_0.id,
        ir1_0.active,
        ir1_0.display_order,
        ir1_0.interpretation_text,
        ir1_0.parameter_status,
        ir1_0.test_parameter_id,
        ir1_0.value_match 
    from
        interpretation_rules ir1_0 
    where
        ir1_0.test_parameter_id=? 
    order by
        ir1_0.display_order
Hibernate: 
    select
        tm1_0.id,
        tm1_0.active,
        tm1_0.normal_range,
        tm1_0.standard_price,
        tm1_0.test_code,
        tm1_0.test_name 
    from
        test_masters tm1_0 
    where
        tm1_0.test_code=?
Hibernate: 
    select
        tp1_0.id,
        tp1_0.active,
        tp1_0.allowed_values,
        tp1_0.decimal_precision,
        tp1_0.display_order,
        tp1_0.normal_text,
        tp1_0.parameter_code,
        tp1_0.parameter_name,
        tp1_0.result_type,
        tp1_0.test_master_id,
        tp1_0.unit 
    from
        test_parameters tp1_0 
    where
        tp1_0.test_master_id=? 
    order by
        tp1_0.display_order
Hibernate: 
    select
        rr1_0.id,
        rr1_0.active,
        rr1_0.critical_high,
        rr1_0.critical_low,
        rr1_0.display_range,
        rr1_0.gender_scope,
        rr1_0.max_age_years,
        rr1_0.max_value,
        rr1_0.min_age_years,
        rr1_0.min_value,
        rr1_0.priority,
        rr1_0.test_parameter_id 
    from
        reference_ranges rr1_0 
    where
        rr1_0.test_parameter_id=? 
    order by
        rr1_0.priority
Hibernate: 
    select
        ir1_0.id,
        ir1_0.active,
        ir1_0.display_order,
        ir1_0.interpretation_text,
        ir1_0.parameter_status,
        ir1_0.test_parameter_id,
        ir1_0.value_match 
    from
        interpretation_rules ir1_0 
    where
        ir1_0.test_parameter_id=? 
    order by
        ir1_0.display_order
Hibernate: 
    select
        tm1_0.id,
        tm1_0.active,
        tm1_0.normal_range,
        tm1_0.standard_price,
        tm1_0.test_code,
        tm1_0.test_name 
    from
        test_masters tm1_0 
    where
        tm1_0.test_code=?
Hibernate: 
    select
        tp1_0.id,
        tp1_0.active,
        tp1_0.allowed_values,
        tp1_0.decimal_precision,
        tp1_0.display_order,
        tp1_0.normal_text,
        tp1_0.parameter_code,
        tp1_0.parameter_name,
        tp1_0.result_type,
        tp1_0.test_master_id,
        tp1_0.unit 
    from
        test_parameters tp1_0 
    where
        tp1_0.test_master_id=? 
    order by
        tp1_0.display_order
Hibernate: 
    select
        rr1_0.id,
        rr1_0.active,
        rr1_0.critical_high,
        rr1_0.critical_low,
        rr1_0.display_range,
        rr1_0.gender_scope,
        rr1_0.max_age_years,
        rr1_0.max_value,
        rr1_0.min_age_years,
        rr1_0.min_value,
        rr1_0.priority,
        rr1_0.test_parameter_id 
    from
        reference_ranges rr1_0 
    where
        rr1_0.test_parameter_id=? 
    order by
        rr1_0.priority
Hibernate: 
    select
        ir1_0.id,
        ir1_0.active,
        ir1_0.display_order,
        ir1_0.interpretation_text,
        ir1_0.parameter_status,
        ir1_0.test_parameter_id,
        ir1_0.value_match 
    from
        interpretation_rules ir1_0 
    where
        ir1_0.test_parameter_id=? 
    order by
        ir1_0.display_order
Hibernate: 
    select
        tm1_0.id,
        tm1_0.active,
        tm1_0.normal_range,
        tm1_0.standard_price,
        tm1_0.test_code,
        tm1_0.test_name 
    from
        test_masters tm1_0 
    where
        tm1_0.test_code=?
Hibernate: 
    select
        tp1_0.id,
        tp1_0.active,
        tp1_0.allowed_values,
        tp1_0.decimal_precision,
        tp1_0.display_order,
        tp1_0.normal_text,
        tp1_0.parameter_code,
        tp1_0.parameter_name,
        tp1_0.result_type,
        tp1_0.test_master_id,
        tp1_0.unit 
    from
        test_parameters tp1_0 
    where
        tp1_0.test_master_id=? 
    order by
        tp1_0.display_order
Hibernate: 
    select
        rr1_0.id,
        rr1_0.active,
        rr1_0.critical_high,
        rr1_0.critical_low,
        rr1_0.display_range,
        rr1_0.gender_scope,
        rr1_0.max_age_years,
        rr1_0.max_value,
        rr1_0.min_age_years,
        rr1_0.min_value,
        rr1_0.priority,
        rr1_0.test_parameter_id 
    from
        reference_ranges rr1_0 
    where
        rr1_0.test_parameter_id=? 
    order by
        rr1_0.priority
Hibernate: 
    select
        ir1_0.id,
        ir1_0.active,
        ir1_0.display_order,
        ir1_0.interpretation_text,
        ir1_0.parameter_status,
        ir1_0.test_parameter_id,
        ir1_0.value_match 
    from
        interpretation_rules ir1_0 
    where
        ir1_0.test_parameter_id=? 
    order by
        ir1_0.display_order
Hibernate: 
    select
        count(*) 
    from
        lab_rules lr1_0
2026-08-15T16:25:51.665+06:00  INFO 11004 --- [Modern_Hospital_Management_System] [  restartedMain] e.c.M.config.LabDataSeeder               : Lab data seeding completed.
Hibernate: 
    select
        count(*) 
    from
        surgery_categories sc1_0
Hibernate: 
    select
        count(*) 
    from
        operation_theatres ot1_0
2026-08-15T16:25:51.672+06:00  INFO 11004 --- [Modern_Hospital_Management_System] [  restartedMain] e.c.M.config.SurgeryDataSeeder           : Surgery data already seeded. Skipping.
Hibernate: 
    select
        u1_0.id,
        u1_0.active,
        u1_0.email,
        u1_0.image,
        u1_0.name,
        u1_0.password,
        u1_0.phone,
        u1_0.role 
    from
        users u1_0 
    where
        u1_0.email=?
2026-08-15T16:26:53.176+06:00  INFO 11004 --- [Modern_Hospital_Management_System] [nio-8085-exec-1] o.a.c.c.C.[Tomcat].[localhost].[/]       : Initializing Spring DispatcherServlet 'dispatcherServlet'
2026-08-15T16:26:53.178+06:00  INFO 11004 --- [Modern_Hospital_Management_System] [nio-8085-exec-1] o.s.web.servlet.DispatcherServlet        : Initializing Servlet 'dispatcherServlet'
2026-08-15T16:26:53.181+06:00  INFO 11004 --- [Modern_Hospital_Management_System] [nio-8085-exec-1] o.s.web.servlet.DispatcherServlet        : Completed initialization in 2 ms
Hibernate: 
    select
        d1_0.id,
        d1_0.available_days,
        d1_0.chamber,
        d1_0.consultation_fee,
        d1_0.designation,
        d1_0.doctor_department_id,
        d1_0.duty_hours,
        d1_0.experience_years,
        d1_0.follow_up_fee,
        d1_0.gender,
        d1_0.join_date,
        d1_0.photo,
        d1_0.registration_number,
        d1_0.signature,
        d1_0.specialization,
        d1_0.status,
        d1_0.study,
        d1_0.user_id 
    from
        doctors d1_0 
    where
        d1_0.user_id=?
Hibernate: 
    select
        d1_0.id,
        d1_0.available_days,
        d1_0.chamber,
        d1_0.consultation_fee,
        d1_0.designation,
        d1_0.doctor_department_id,
        d1_0.duty_hours,
        d1_0.experience_years,
        d1_0.follow_up_fee,
        d1_0.gender,
        d1_0.join_date,
        d1_0.photo,
        d1_0.registration_number,
        d1_0.signature,
        d1_0.specialization,
        d1_0.status,
        d1_0.study,
        d1_0.user_id 
    from
        doctors d1_0
Hibernate: 
    select
        u1_0.id,
        u1_0.active,
        u1_0.email,
        u1_0.image,
        u1_0.name,
        u1_0.password,
        u1_0.phone,
        u1_0.role 
    from
        users u1_0 
    where
        u1_0.id=?
Hibernate: 
    select
        dd1_0.id,
        dd1_0.department_name,
        dd1_0.description 
    from
        doctor_departments dd1_0 
    where
        dd1_0.id=?
Hibernate: 
    select
        u1_0.id,
        u1_0.active,
        u1_0.email,
        u1_0.image,
        u1_0.name,
        u1_0.password,
        u1_0.phone,
        u1_0.role 
    from
        users u1_0 
    where
        u1_0.id=?
Hibernate: 
    select
        dd1_0.id,
        dd1_0.department_name,
        dd1_0.description 
    from
        doctor_departments dd1_0 
    where
        dd1_0.id=?
Hibernate: 
    select
        u1_0.id,
        u1_0.active,
        u1_0.email,
        u1_0.image,
        u1_0.name,
        u1_0.password,
        u1_0.phone,
        u1_0.role 
    from
        users u1_0 
    where
        u1_0.id=?
Hibernate: 
    select
        dd1_0.id,
        dd1_0.department_name,
        dd1_0.description 
    from
        doctor_departments dd1_0 
    where
        dd1_0.id=?
Hibernate: 
    select
        u1_0.id,
        u1_0.active,
        u1_0.email,
        u1_0.image,
        u1_0.name,
        u1_0.password,
        u1_0.phone,
        u1_0.role 
    from
        users u1_0 
    where
        u1_0.id=?
Hibernate: 
    select
        dd1_0.id,
        dd1_0.department_name,
        dd1_0.description 
    from
        doctor_departments dd1_0 
    where
        dd1_0.id=?
Hibernate: 
    select
        u1_0.id,
        u1_0.active,
        u1_0.email,
        u1_0.image,
        u1_0.name,
        u1_0.password,
        u1_0.phone,
        u1_0.role 
    from
        users u1_0 
    where
        u1_0.id=?
Hibernate: 
    select
        dd1_0.id,
        dd1_0.department_name,
        dd1_0.description 
    from
        doctor_departments dd1_0 
    where
        dd1_0.id=?
Hibernate: 
    select
        d1_0.id,
        d1_0.available_days,
        d1_0.chamber,
        d1_0.consultation_fee,
        d1_0.designation,
        d1_0.doctor_department_id,
        d1_0.duty_hours,
        d1_0.experience_years,
        d1_0.follow_up_fee,
        d1_0.gender,
        d1_0.join_date,
        d1_0.photo,
        d1_0.registration_number,
        d1_0.signature,
        d1_0.specialization,
        d1_0.status,
        d1_0.study,
        d1_0.user_id 
    from
        doctors d1_0
Hibernate: 
    select
        u1_0.id,
        u1_0.active,
        u1_0.email,
        u1_0.image,
        u1_0.name,
        u1_0.password,
        u1_0.phone,
        u1_0.role 
    from
        users u1_0 
    where
        u1_0.id=?
Hibernate: 
    select
        dd1_0.id,
        dd1_0.department_name,
        dd1_0.description 
    from
        doctor_departments dd1_0 
    where
        dd1_0.id=?
Hibernate: 
    select
        u1_0.id,
        u1_0.active,
        u1_0.email,
        u1_0.image,
        u1_0.name,
        u1_0.password,
        u1_0.phone,
        u1_0.role 
    from
        users u1_0 
    where
        u1_0.id=?
Hibernate: 
    select
        dd1_0.id,
        dd1_0.department_name,
        dd1_0.description 
    from
        doctor_departments dd1_0 
    where
        dd1_0.id=?
Hibernate: 
    select
        u1_0.id,
        u1_0.active,
        u1_0.email,
        u1_0.image,
        u1_0.name,
        u1_0.password,
        u1_0.phone,
        u1_0.role 
    from
        users u1_0 
    where
        u1_0.id=?
Hibernate: 
    select
        dd1_0.id,
        dd1_0.department_name,
        dd1_0.description 
    from
        doctor_departments dd1_0 
    where
        dd1_0.id=?
Hibernate: 
    select
        u1_0.id,
        u1_0.active,
        u1_0.email,
        u1_0.image,
        u1_0.name,
        u1_0.password,
        u1_0.phone,
        u1_0.role 
    from
        users u1_0 
    where
        u1_0.id=?
Hibernate: 
    select
        dd1_0.id,
        dd1_0.department_name,
        dd1_0.description 
    from
        doctor_departments dd1_0 
    where
        dd1_0.id=?
Hibernate: 
    select
        u1_0.id,
        u1_0.active,
        u1_0.email,
        u1_0.image,
        u1_0.name,
        u1_0.password,
        u1_0.phone,
        u1_0.role 
    from
        users u1_0 
    where
        u1_0.id=?
Hibernate: 
    select
        dd1_0.id,
        dd1_0.department_name,
        dd1_0.description 
    from
        doctor_departments dd1_0 
    where
        dd1_0.id=?
Hibernate: 
    select
        u1_0.id,
        u1_0.active,
        u1_0.email,
        u1_0.image,
        u1_0.name,
        u1_0.password,
        u1_0.phone,
        u1_0.role 
    from
        users u1_0 
    where
        u1_0.email=?
Hibernate: 
    select
        d1_0.id,
        d1_0.available_days,
        d1_0.chamber,
        d1_0.consultation_fee,
        d1_0.designation,
        d1_0.doctor_department_id,
        d1_0.duty_hours,
        d1_0.experience_years,
        d1_0.follow_up_fee,
        d1_0.gender,
        d1_0.join_date,
        d1_0.photo,
        d1_0.registration_number,
        d1_0.signature,
        d1_0.specialization,
        d1_0.status,
        d1_0.study,
        d1_0.user_id 
    from
        doctors d1_0 
    where
        d1_0.user_id=?
Hibernate: 
    select
        u1_0.id,
        u1_0.active,
        u1_0.email,
        u1_0.image,
        u1_0.name,
        u1_0.password,
        u1_0.phone,
        u1_0.role 
    from
        users u1_0 
    where
        u1_0.email=?
Hibernate: 
    select
        p1_0.id,
        p1_0.appointment_id,
        p1_0.blood_pressure,
        p1_0.body_temperature,
        p1_0.chief_complaints,
        p1_0.created_date,
        p1_0.diagnosis,
        p1_0.dispensed,
        p1_0.doctor_id,
        p1_0.next_follow_up_date,
        p1_0.notes,
        p1_0.patient_id,
        p1_0.prescription_number,
        p1_0.pulse_rate,
        p1_0.symptoms,
        p1_0.weight 
    from
        prescriptions p1_0
Hibernate: 
    select
        d1_0.id,
        d1_0.available_days,
        d1_0.chamber,
        d1_0.consultation_fee,
        d1_0.designation,
        d1_0.doctor_department_id,
        d1_0.duty_hours,
        d1_0.experience_years,
        d1_0.follow_up_fee,
        d1_0.gender,
        d1_0.join_date,
        d1_0.photo,
        d1_0.registration_number,
        d1_0.signature,
        d1_0.specialization,
        d1_0.status,
        d1_0.study,
        d1_0.user_id 
    from
        doctors d1_0 
    where
        d1_0.id=?
Hibernate: 
    select
        dd1_0.id,
        dd1_0.department_name,
        dd1_0.description 
    from
        doctor_departments dd1_0 
    where
        dd1_0.id=?
Hibernate: 
    select
        u1_0.id,
        u1_0.active,
        u1_0.email,
        u1_0.image,
        u1_0.name,
        u1_0.password,
        u1_0.phone,
        u1_0.role 
    from
        users u1_0 
    where
        u1_0.id=?
Hibernate: 
    select
        p1_0.id,
        p1_0.address,
        p1_0.alternate_phone,
        p1_0.blood_group,
        p1_0.city,
        p1_0.date_of_birth,
        p1_0.district,
        p1_0.email,
        p1_0.emergency_contact_name,
        p1_0.emergency_contact_number,
        p1_0.gender,
        p1_0.marital_status,
        p1_0.name,
        p1_0.national_id,
        p1_0.patient_code,
        p1_0.phone,
        p1_0.postal_code,
        p1_0.relationship 
    from
        patients p1_0 
    where
        p1_0.id=?
Hibernate: 
    select
        pi1_0.prescription_id,
        pi1_0.id,
        pi1_0.dosage,
        pi1_0.duration,
        pi1_0.instruction,
        pi1_0.medicine_id,
        pi1_0.medicine_type 
    from
        prescription_items pi1_0 
    where
        pi1_0.prescription_id=?
Hibernate: 
    select
        m1_0.id,
        m1_0.dosage,
        g1_0.id,
        g1_0.generic_name,
        m1_0.medicine_name 
    from
        medicines m1_0 
    left join
        generics g1_0 
            on g1_0.id=m1_0.generic_id 
    where
        m1_0.id=?
Hibernate: 
    select
        m1_0.id,
        m1_0.dosage,
        g1_0.id,
        g1_0.generic_name,
        m1_0.medicine_name 
    from
        medicines m1_0 
    left join
        generics g1_0 
            on g1_0.id=m1_0.generic_id 
    where
        m1_0.id=?
Hibernate: 
    select
        m1_0.id,
        m1_0.dosage,
        g1_0.id,
        g1_0.generic_name,
        m1_0.medicine_name 
    from
        medicines m1_0 
    left join
        generics g1_0 
            on g1_0.id=m1_0.generic_id 
    where
        m1_0.id=?
Hibernate: 
    select
        t1_0.id,
        t1_0.lab_report_id,
        t1_0.last_updated,
        t1_0.order_status,
        t1_0.ordered_date,
        t1_0.patient_id,
        t1_0.doctor_id,
        t1_0.prescription_id,
        t1_0.report_file_path,
        t1_0.result_entered_by,
        t1_0.result_entered_date,
        t1_0.result_notes,
        t1_0.result_value,
        t1_0.sample_collected_date,
        t1_0.sample_collector_name,
        t1_0.sample_received_by,
        t1_0.sample_received_date,
        t1_0.sample_type,
        t1_0.test_master_id,
        t1_0.testing_start_date,
        t1_0.verification_notes,
        t1_0.verified_by,
        t1_0.verified_date 
    from
        tests t1_0 
    where
        t1_0.prescription_id=?
Hibernate: 
    select
        tm1_0.id,
        tm1_0.active,
        tm1_0.normal_range,
        tm1_0.standard_price,
        tm1_0.test_code,
        tm1_0.test_name 
    from
        test_masters tm1_0 
    where
        tm1_0.id=?
Hibernate: 
    select
        tm1_0.id,
        tm1_0.active,
        tm1_0.normal_range,
        tm1_0.standard_price,
        tm1_0.test_code,
        tm1_0.test_name 
    from
        test_masters tm1_0 
    where
        tm1_0.id=?
Hibernate: 
    select
        d1_0.id,
        d1_0.available_days,
        d1_0.chamber,
        d1_0.consultation_fee,
        d1_0.designation,
        d1_0.doctor_department_id,
        d1_0.duty_hours,
        d1_0.experience_years,
        d1_0.follow_up_fee,
        d1_0.gender,
        d1_0.join_date,
        d1_0.photo,
        d1_0.registration_number,
        d1_0.signature,
        d1_0.specialization,
        d1_0.status,
        d1_0.study,
        d1_0.user_id 
    from
        doctors d1_0 
    where
        d1_0.id=?
Hibernate: 
    select
        dd1_0.id,
        dd1_0.department_name,
        dd1_0.description 
    from
        doctor_departments dd1_0 
    where
        dd1_0.id=?
Hibernate: 
    select
        u1_0.id,
        u1_0.active,
        u1_0.email,
        u1_0.image,
        u1_0.name,
        u1_0.password,
        u1_0.phone,
        u1_0.role 
    from
        users u1_0 
    where
        u1_0.id=?
Hibernate: 
    select
        p1_0.id,
        p1_0.address,
        p1_0.alternate_phone,
        p1_0.blood_group,
        p1_0.city,
        p1_0.date_of_birth,
        p1_0.district,
        p1_0.email,
        p1_0.emergency_contact_name,
        p1_0.emergency_contact_number,
        p1_0.gender,
        p1_0.marital_status,
        p1_0.name,
        p1_0.national_id,
        p1_0.patient_code,
        p1_0.phone,
        p1_0.postal_code,
        p1_0.relationship 
    from
        patients p1_0 
    where
        p1_0.id=?
Hibernate: 
    select
        pi1_0.prescription_id,
        pi1_0.id,
        pi1_0.dosage,
        pi1_0.duration,
        pi1_0.instruction,
        pi1_0.medicine_id,
        pi1_0.medicine_type 
    from
        prescription_items pi1_0 
    where
        pi1_0.prescription_id=?
Hibernate: 
    select
        t1_0.id,
        t1_0.lab_report_id,
        t1_0.last_updated,
        t1_0.order_status,
        t1_0.ordered_date,
        t1_0.patient_id,
        t1_0.doctor_id,
        t1_0.prescription_id,
        t1_0.report_file_path,
        t1_0.result_entered_by,
        t1_0.result_entered_date,
        t1_0.result_notes,
        t1_0.result_value,
        t1_0.sample_collected_date,
        t1_0.sample_collector_name,
        t1_0.sample_received_by,
        t1_0.sample_received_date,
        t1_0.sample_type,
        t1_0.test_master_id,
        t1_0.testing_start_date,
        t1_0.verification_notes,
        t1_0.verified_by,
        t1_0.verified_date 
    from
        tests t1_0 
    where
        t1_0.prescription_id=?
Hibernate: 
    select
        d1_0.id,
        d1_0.available_days,
        d1_0.chamber,
        d1_0.consultation_fee,
        d1_0.designation,
        d1_0.doctor_department_id,
        d1_0.duty_hours,
        d1_0.experience_years,
        d1_0.follow_up_fee,
        d1_0.gender,
        d1_0.join_date,
        d1_0.photo,
        d1_0.registration_number,
        d1_0.signature,
        d1_0.specialization,
        d1_0.status,
        d1_0.study,
        d1_0.user_id 
    from
        doctors d1_0 
    where
        d1_0.id=?
Hibernate: 
    select
        dd1_0.id,
        dd1_0.department_name,
        dd1_0.description 
    from
        doctor_departments dd1_0 
    where
        dd1_0.id=?
Hibernate: 
    select
        u1_0.id,
        u1_0.active,
        u1_0.email,
        u1_0.image,
        u1_0.name,
        u1_0.password,
        u1_0.phone,
        u1_0.role 
    from
        users u1_0 
    where
        u1_0.id=?
Hibernate: 
    select
        p1_0.id,
        p1_0.address,
        p1_0.alternate_phone,
        p1_0.blood_group,
        p1_0.city,
        p1_0.date_of_birth,
        p1_0.district,
        p1_0.email,
        p1_0.emergency_contact_name,
        p1_0.emergency_contact_number,
        p1_0.gender,
        p1_0.marital_status,
        p1_0.name,
        p1_0.national_id,
        p1_0.patient_code,
        p1_0.phone,
        p1_0.postal_code,
        p1_0.relationship 
    from
        patients p1_0 
    where
        p1_0.id=?
Hibernate: 
    select
        pi1_0.prescription_id,
        pi1_0.id,
        pi1_0.dosage,
        pi1_0.duration,
        pi1_0.instruction,
        pi1_0.medicine_id,
        pi1_0.medicine_type 
    from
        prescription_items pi1_0 
    where
        pi1_0.prescription_id=?
Hibernate: 
    select
        m1_0.id,
        m1_0.dosage,
        g1_0.id,
        g1_0.generic_name,
        m1_0.medicine_name 
    from
        medicines m1_0 
    left join
        generics g1_0 
            on g1_0.id=m1_0.generic_id 
    where
        m1_0.id=?
Hibernate: 
    select
        m1_0.id,
        m1_0.dosage,
        g1_0.id,
        g1_0.generic_name,
        m1_0.medicine_name 
    from
        medicines m1_0 
    left join
        generics g1_0 
            on g1_0.id=m1_0.generic_id 
    where
        m1_0.id=?
Hibernate: 
    select
        t1_0.id,
        t1_0.lab_report_id,
        t1_0.last_updated,
        t1_0.order_status,
        t1_0.ordered_date,
        t1_0.patient_id,
        t1_0.doctor_id,
        t1_0.prescription_id,
        t1_0.report_file_path,
        t1_0.result_entered_by,
        t1_0.result_entered_date,
        t1_0.result_notes,
        t1_0.result_value,
        t1_0.sample_collected_date,
        t1_0.sample_collector_name,
        t1_0.sample_received_by,
        t1_0.sample_received_date,
        t1_0.sample_type,
        t1_0.test_master_id,
        t1_0.testing_start_date,
        t1_0.verification_notes,
        t1_0.verified_by,
        t1_0.verified_date 
    from
        tests t1_0 
    where
        t1_0.prescription_id=?
Hibernate: 
    select
        tm1_0.id,
        tm1_0.active,
        tm1_0.normal_range,
        tm1_0.standard_price,
        tm1_0.test_code,
        tm1_0.test_name 
    from
        test_masters tm1_0 
    where
        tm1_0.id=?
Hibernate: 
    select
        tm1_0.id,
        tm1_0.active,
        tm1_0.normal_range,
        tm1_0.standard_price,
        tm1_0.test_code,
        tm1_0.test_name 
    from
        test_masters tm1_0 
    where
        tm1_0.id=?
Hibernate: 
    select
        p1_0.id,
        p1_0.address,
        p1_0.alternate_phone,
        p1_0.blood_group,
        p1_0.city,
        p1_0.date_of_birth,
        p1_0.district,
        p1_0.email,
        p1_0.emergency_contact_name,
        p1_0.emergency_contact_number,
        p1_0.gender,
        p1_0.marital_status,
        p1_0.name,
        p1_0.national_id,
        p1_0.patient_code,
        p1_0.phone,
        p1_0.postal_code,
        p1_0.relationship 
    from
        patients p1_0 
    where
        p1_0.id=?
Hibernate: 
    select
        pi1_0.prescription_id,
        pi1_0.id,
        pi1_0.dosage,
        pi1_0.duration,
        pi1_0.instruction,
        pi1_0.medicine_id,
        pi1_0.medicine_type 
    from
        prescription_items pi1_0 
    where
        pi1_0.prescription_id=?
Hibernate: 
    select
        t1_0.id,
        t1_0.lab_report_id,
        t1_0.last_updated,
        t1_0.order_status,
        t1_0.ordered_date,
        t1_0.patient_id,
        t1_0.doctor_id,
        t1_0.prescription_id,
        t1_0.report_file_path,
        t1_0.result_entered_by,
        t1_0.result_entered_date,
        t1_0.result_notes,
        t1_0.result_value,
        t1_0.sample_collected_date,
        t1_0.sample_collector_name,
        t1_0.sample_received_by,
        t1_0.sample_received_date,
        t1_0.sample_type,
        t1_0.test_master_id,
        t1_0.testing_start_date,
        t1_0.verification_notes,
        t1_0.verified_by,
        t1_0.verified_date 
    from
        tests t1_0 
    where
        t1_0.prescription_id=?
Hibernate: 
    select
        tm1_0.id,
        tm1_0.active,
        tm1_0.normal_range,
        tm1_0.standard_price,
        tm1_0.test_code,
        tm1_0.test_name 
    from
        test_masters tm1_0 
    where
        tm1_0.id=?
Hibernate: 
    select
        p1_0.id,
        p1_0.address,
        p1_0.alternate_phone,
        p1_0.blood_group,
        p1_0.city,
        p1_0.date_of_birth,
        p1_0.district,
        p1_0.email,
        p1_0.emergency_contact_name,
        p1_0.emergency_contact_number,
        p1_0.gender,
        p1_0.marital_status,
        p1_0.name,
        p1_0.national_id,
        p1_0.patient_code,
        p1_0.phone,
        p1_0.postal_code,
        p1_0.relationship 
    from
        patients p1_0 
    where
        p1_0.id=?
Hibernate: 
    select
        pi1_0.prescription_id,
        pi1_0.id,
        pi1_0.dosage,
        pi1_0.duration,
        pi1_0.instruction,
        pi1_0.medicine_id,
        pi1_0.medicine_type 
    from
        prescription_items pi1_0 
    where
        pi1_0.prescription_id=?
Hibernate: 
    select
        t1_0.id,
        t1_0.lab_report_id,
        t1_0.last_updated,
        t1_0.order_status,
        t1_0.ordered_date,
        t1_0.patient_id,
        t1_0.doctor_id,
        t1_0.prescription_id,
        t1_0.report_file_path,
        t1_0.result_entered_by,
        t1_0.result_entered_date,
        t1_0.result_notes,
        t1_0.result_value,
        t1_0.sample_collected_date,
        t1_0.sample_collector_name,
        t1_0.sample_received_by,
        t1_0.sample_received_date,
        t1_0.sample_type,
        t1_0.test_master_id,
        t1_0.testing_start_date,
        t1_0.verification_notes,
        t1_0.verified_by,
        t1_0.verified_date 
    from
        tests t1_0 
    where
        t1_0.prescription_id=?
Hibernate: 
    select
        p1_0.id,
        p1_0.address,
        p1_0.alternate_phone,
        p1_0.blood_group,
        p1_0.city,
        p1_0.date_of_birth,
        p1_0.district,
        p1_0.email,
        p1_0.emergency_contact_name,
        p1_0.emergency_contact_number,
        p1_0.gender,
        p1_0.marital_status,
        p1_0.name,
        p1_0.national_id,
        p1_0.patient_code,
        p1_0.phone,
        p1_0.postal_code,
        p1_0.relationship 
    from
        patients p1_0 
    where
        p1_0.id=?
Hibernate: 
    select
        pi1_0.prescription_id,
        pi1_0.id,
        pi1_0.dosage,
        pi1_0.duration,
        pi1_0.instruction,
        pi1_0.medicine_id,
        pi1_0.medicine_type 
    from
        prescription_items pi1_0 
    where
        pi1_0.prescription_id=?
Hibernate: 
    select
        t1_0.id,
        t1_0.lab_report_id,
        t1_0.last_updated,
        t1_0.order_status,
        t1_0.ordered_date,
        t1_0.patient_id,
        t1_0.doctor_id,
        t1_0.prescription_id,
        t1_0.report_file_path,
        t1_0.result_entered_by,
        t1_0.result_entered_date,
        t1_0.result_notes,
        t1_0.result_value,
        t1_0.sample_collected_date,
        t1_0.sample_collector_name,
        t1_0.sample_received_by,
        t1_0.sample_received_date,
        t1_0.sample_type,
        t1_0.test_master_id,
        t1_0.testing_start_date,
        t1_0.verification_notes,
        t1_0.verified_by,
        t1_0.verified_date 
    from
        tests t1_0 
    where
        t1_0.prescription_id=?
Hibernate: 
    select
        u1_0.id,
        u1_0.active,
        u1_0.email,
        u1_0.image,
        u1_0.name,
        u1_0.password,
        u1_0.phone,
        u1_0.role 
    from
        users u1_0 
    where
        u1_0.email=?
Hibernate: 
    select
        m1_0.id,
        m1_0.dosage,
        m1_0.generic_id,
        m1_0.medicine_name 
    from
        medicines m1_0
Hibernate: 
    select
        g1_0.id,
        g1_0.generic_name 
    from
        generics g1_0 
    where
        g1_0.id=?
Hibernate: 
    select
        g1_0.id,
        g1_0.generic_name 
    from
        generics g1_0 
    where
        g1_0.id=?
Hibernate: 
    select
        g1_0.id,
        g1_0.generic_name 
    from
        generics g1_0 
    where
        g1_0.id=?
Hibernate: 
    select
        g1_0.id,
        g1_0.generic_name 
    from
        generics g1_0 
    where
        g1_0.id=?
Hibernate: 
    select
        g1_0.id,
        g1_0.generic_name 
    from
        generics g1_0 
    where
        g1_0.id=?
Hibernate: 
    select
        g1_0.id,
        g1_0.generic_name 
    from
        generics g1_0 
    where
        g1_0.id=?
Hibernate: 
    select
        g1_0.id,
        g1_0.generic_name 
    from
        generics g1_0 
    where
        g1_0.id=?
Hibernate: 
    select
        g1_0.id,
        g1_0.generic_name 
    from
        generics g1_0 
    where
        g1_0.id=?
Hibernate: 
    select
        g1_0.id,
        g1_0.generic_name 
    from
        generics g1_0 
    where
        g1_0.id=?
Hibernate: 
    select
        g1_0.id,
        g1_0.generic_name 
    from
        generics g1_0 
    where
        g1_0.id=?
Hibernate: 
    select
        g1_0.id,
        g1_0.generic_name 
    from
        generics g1_0 
    where
        g1_0.id=?
Hibernate: 
    select
        g1_0.id,
        g1_0.generic_name 
    from
        generics g1_0 
    where
        g1_0.id=?
Hibernate: 
    select
        g1_0.id,
        g1_0.generic_name 
    from
        generics g1_0 
    where
        g1_0.id=?
Hibernate: 
    select
        g1_0.id,
        g1_0.generic_name 
    from
        generics g1_0 
    where
        g1_0.id=?
Hibernate: 
    select
        g1_0.id,
        g1_0.generic_name 
    from
        generics g1_0 
    where
        g1_0.id=?
Hibernate: 
    select
        g1_0.id,
        g1_0.generic_name 
    from
        generics g1_0 
    where
        g1_0.id=?
Hibernate: 
    select
        g1_0.id,
        g1_0.generic_name 
    from
        generics g1_0 
    where
        g1_0.id=?
Hibernate: 
    select
        g1_0.id,
        g1_0.generic_name 
    from
        generics g1_0 
    where
        g1_0.id=?
Hibernate: 
    select
        g1_0.id,
        g1_0.generic_name 
    from
        generics g1_0 
    where
        g1_0.id=?
Hibernate: 
    select
        g1_0.id,
        g1_0.generic_name 
    from
        generics g1_0 
    where
        g1_0.id=?
Hibernate: 
    select
        u1_0.id,
        u1_0.active,
        u1_0.email,
        u1_0.image,
        u1_0.name,
        u1_0.password,
        u1_0.phone,
        u1_0.role 
    from
        users u1_0 
    where
        u1_0.email=?
Hibernate: 
    select
        d1_0.id,
        d1_0.available_days,
        d1_0.chamber,
        d1_0.consultation_fee,
        d1_0.designation,
        d1_0.doctor_department_id,
        d1_0.duty_hours,
        d1_0.experience_years,
        d1_0.follow_up_fee,
        d1_0.gender,
        d1_0.join_date,
        d1_0.photo,
        d1_0.registration_number,
        d1_0.signature,
        d1_0.specialization,
        d1_0.status,
        d1_0.study,
        d1_0.user_id 
    from
        doctors d1_0 
    where
        d1_0.user_id=?
Hibernate: 
    select
        u1_0.id,
        u1_0.active,
        u1_0.email,
        u1_0.image,
        u1_0.name,
        u1_0.password,
        u1_0.phone,
        u1_0.role 
    from
        users u1_0 
    where
        u1_0.email=?
Hibernate: 
    select
        p1_0.id,
        p1_0.appointment_id,
        p1_0.blood_pressure,
        p1_0.body_temperature,
        p1_0.chief_complaints,
        p1_0.created_date,
        p1_0.diagnosis,
        p1_0.dispensed,
        p1_0.doctor_id,
        p1_0.next_follow_up_date,
        p1_0.notes,
        p1_0.patient_id,
        p1_0.prescription_number,
        p1_0.pulse_rate,
        p1_0.symptoms,
        p1_0.weight 
    from
        prescriptions p1_0
Hibernate: 
    select
        d1_0.id,
        d1_0.available_days,
        d1_0.chamber,
        d1_0.consultation_fee,
        d1_0.designation,
        d1_0.doctor_department_id,
        d1_0.duty_hours,
        d1_0.experience_years,
        d1_0.follow_up_fee,
        d1_0.gender,
        d1_0.join_date,
        d1_0.photo,
        d1_0.registration_number,
        d1_0.signature,
        d1_0.specialization,
        d1_0.status,
        d1_0.study,
        d1_0.user_id 
    from
        doctors d1_0 
    where
        d1_0.id=?
Hibernate: 
    select
        dd1_0.id,
        dd1_0.department_name,
        dd1_0.description 
    from
        doctor_departments dd1_0 
    where
        dd1_0.id=?
Hibernate: 
    select
        u1_0.id,
        u1_0.active,
        u1_0.email,
        u1_0.image,
        u1_0.name,
        u1_0.password,
        u1_0.phone,
        u1_0.role 
    from
        users u1_0 
    where
        u1_0.id=?
Hibernate: 
    select
        p1_0.id,
        p1_0.address,
        p1_0.alternate_phone,
        p1_0.blood_group,
        p1_0.city,
        p1_0.date_of_birth,
        p1_0.district,
        p1_0.email,
        p1_0.emergency_contact_name,
        p1_0.emergency_contact_number,
        p1_0.gender,
        p1_0.marital_status,
        p1_0.name,
        p1_0.national_id,
        p1_0.patient_code,
        p1_0.phone,
        p1_0.postal_code,
        p1_0.relationship 
    from
        patients p1_0 
    where
        p1_0.id=?
Hibernate: 
    select
        pi1_0.prescription_id,
        pi1_0.id,
        pi1_0.dosage,
        pi1_0.duration,
        pi1_0.instruction,
        pi1_0.medicine_id,
        pi1_0.medicine_type 
    from
        prescription_items pi1_0 
    where
        pi1_0.prescription_id=?
Hibernate: 
    select
        m1_0.id,
        m1_0.dosage,
        g1_0.id,
        g1_0.generic_name,
        m1_0.medicine_name 
    from
        medicines m1_0 
    left join
        generics g1_0 
            on g1_0.id=m1_0.generic_id 
    where
        m1_0.id=?
Hibernate: 
    select
        m1_0.id,
        m1_0.dosage,
        g1_0.id,
        g1_0.generic_name,
        m1_0.medicine_name 
    from
        medicines m1_0 
    left join
        generics g1_0 
            on g1_0.id=m1_0.generic_id 
    where
        m1_0.id=?
Hibernate: 
    select
        m1_0.id,
        m1_0.dosage,
        g1_0.id,
        g1_0.generic_name,
        m1_0.medicine_name 
    from
        medicines m1_0 
    left join
        generics g1_0 
            on g1_0.id=m1_0.generic_id 
    where
        m1_0.id=?
Hibernate: 
    select
        t1_0.id,
        t1_0.lab_report_id,
        t1_0.last_updated,
        t1_0.order_status,
        t1_0.ordered_date,
        t1_0.patient_id,
        t1_0.doctor_id,
        t1_0.prescription_id,
        t1_0.report_file_path,
        t1_0.result_entered_by,
        t1_0.result_entered_date,
        t1_0.result_notes,
        t1_0.result_value,
        t1_0.sample_collected_date,
        t1_0.sample_collector_name,
        t1_0.sample_received_by,
        t1_0.sample_received_date,
        t1_0.sample_type,
        t1_0.test_master_id,
        t1_0.testing_start_date,
        t1_0.verification_notes,
        t1_0.verified_by,
        t1_0.verified_date 
    from
        tests t1_0 
    where
        t1_0.prescription_id=?
Hibernate: 
    select
        tm1_0.id,
        tm1_0.active,
        tm1_0.normal_range,
        tm1_0.standard_price,
        tm1_0.test_code,
        tm1_0.test_name 
    from
        test_masters tm1_0 
    where
        tm1_0.id=?
Hibernate: 
    select
        tm1_0.id,
        tm1_0.active,
        tm1_0.normal_range,
        tm1_0.standard_price,
        tm1_0.test_code,
        tm1_0.test_name 
    from
        test_masters tm1_0 
    where
        tm1_0.id=?
Hibernate: 
    select
        d1_0.id,
        d1_0.available_days,
        d1_0.chamber,
        d1_0.consultation_fee,
        d1_0.designation,
        d1_0.doctor_department_id,
        d1_0.duty_hours,
        d1_0.experience_years,
        d1_0.follow_up_fee,
        d1_0.gender,
        d1_0.join_date,
        d1_0.photo,
        d1_0.registration_number,
        d1_0.signature,
        d1_0.specialization,
        d1_0.status,
        d1_0.study,
        d1_0.user_id 
    from
        doctors d1_0 
    where
        d1_0.id=?
Hibernate: 
    select
        dd1_0.id,
        dd1_0.department_name,
        dd1_0.description 
    from
        doctor_departments dd1_0 
    where
        dd1_0.id=?
Hibernate: 
    select
        u1_0.id,
        u1_0.active,
        u1_0.email,
        u1_0.image,
        u1_0.name,
        u1_0.password,
        u1_0.phone,
        u1_0.role 
    from
        users u1_0 
    where
        u1_0.id=?
Hibernate: 
    select
        p1_0.id,
        p1_0.address,
        p1_0.alternate_phone,
        p1_0.blood_group,
        p1_0.city,
        p1_0.date_of_birth,
        p1_0.district,
        p1_0.email,
        p1_0.emergency_contact_name,
        p1_0.emergency_contact_number,
        p1_0.gender,
        p1_0.marital_status,
        p1_0.name,
        p1_0.national_id,
        p1_0.patient_code,
        p1_0.phone,
        p1_0.postal_code,
        p1_0.relationship 
    from
        patients p1_0 
    where
        p1_0.id=?
Hibernate: 
    select
        pi1_0.prescription_id,
        pi1_0.id,
        pi1_0.dosage,
        pi1_0.duration,
        pi1_0.instruction,
        pi1_0.medicine_id,
        pi1_0.medicine_type 
    from
        prescription_items pi1_0 
    where
        pi1_0.prescription_id=?
Hibernate: 
    select
        t1_0.id,
        t1_0.lab_report_id,
        t1_0.last_updated,
        t1_0.order_status,
        t1_0.ordered_date,
        t1_0.patient_id,
        t1_0.doctor_id,
        t1_0.prescription_id,
        t1_0.report_file_path,
        t1_0.result_entered_by,
        t1_0.result_entered_date,
        t1_0.result_notes,
        t1_0.result_value,
        t1_0.sample_collected_date,
        t1_0.sample_collector_name,
        t1_0.sample_received_by,
        t1_0.sample_received_date,
        t1_0.sample_type,
        t1_0.test_master_id,
        t1_0.testing_start_date,
        t1_0.verification_notes,
        t1_0.verified_by,
        t1_0.verified_date 
    from
        tests t1_0 
    where
        t1_0.prescription_id=?
Hibernate: 
    select
        d1_0.id,
        d1_0.available_days,
        d1_0.chamber,
        d1_0.consultation_fee,
        d1_0.designation,
        d1_0.doctor_department_id,
        d1_0.duty_hours,
        d1_0.experience_years,
        d1_0.follow_up_fee,
        d1_0.gender,
        d1_0.join_date,
        d1_0.photo,
        d1_0.registration_number,
        d1_0.signature,
        d1_0.specialization,
        d1_0.status,
        d1_0.study,
        d1_0.user_id 
    from
        doctors d1_0 
    where
        d1_0.id=?
Hibernate: 
    select
        dd1_0.id,
        dd1_0.department_name,
        dd1_0.description 
    from
        doctor_departments dd1_0 
    where
        dd1_0.id=?
Hibernate: 
    select
        u1_0.id,
        u1_0.active,
        u1_0.email,
        u1_0.image,
        u1_0.name,
        u1_0.password,
        u1_0.phone,
        u1_0.role 
    from
        users u1_0 
    where
        u1_0.id=?
Hibernate: 
    select
        p1_0.id,
        p1_0.address,
        p1_0.alternate_phone,
        p1_0.blood_group,
        p1_0.city,
        p1_0.date_of_birth,
        p1_0.district,
        p1_0.email,
        p1_0.emergency_contact_name,
        p1_0.emergency_contact_number,
        p1_0.gender,
        p1_0.marital_status,
        p1_0.name,
        p1_0.national_id,
        p1_0.patient_code,
        p1_0.phone,
        p1_0.postal_code,
        p1_0.relationship 
    from
        patients p1_0 
    where
        p1_0.id=?
Hibernate: 
    select
        pi1_0.prescription_id,
        pi1_0.id,
        pi1_0.dosage,
        pi1_0.duration,
        pi1_0.instruction,
        pi1_0.medicine_id,
        pi1_0.medicine_type 
    from
        prescription_items pi1_0 
    where
        pi1_0.prescription_id=?
Hibernate: 
    select
        m1_0.id,
        m1_0.dosage,
        g1_0.id,
        g1_0.generic_name,
        m1_0.medicine_name 
    from
        medicines m1_0 
    left join
        generics g1_0 
            on g1_0.id=m1_0.generic_id 
    where
        m1_0.id=?
Hibernate: 
    select
        m1_0.id,
        m1_0.dosage,
        g1_0.id,
        g1_0.generic_name,
        m1_0.medicine_name 
    from
        medicines m1_0 
    left join
        generics g1_0 
            on g1_0.id=m1_0.generic_id 
    where
        m1_0.id=?
Hibernate: 
    select
        t1_0.id,
        t1_0.lab_report_id,
        t1_0.last_updated,
        t1_0.order_status,
        t1_0.ordered_date,
        t1_0.patient_id,
        t1_0.doctor_id,
        t1_0.prescription_id,
        t1_0.report_file_path,
        t1_0.result_entered_by,
        t1_0.result_entered_date,
        t1_0.result_notes,
        t1_0.result_value,
        t1_0.sample_collected_date,
        t1_0.sample_collector_name,
        t1_0.sample_received_by,
        t1_0.sample_received_date,
        t1_0.sample_type,
        t1_0.test_master_id,
        t1_0.testing_start_date,
        t1_0.verification_notes,
        t1_0.verified_by,
        t1_0.verified_date 
    from
        tests t1_0 
    where
        t1_0.prescription_id=?
Hibernate: 
    select
        tm1_0.id,
        tm1_0.active,
        tm1_0.normal_range,
        tm1_0.standard_price,
        tm1_0.test_code,
        tm1_0.test_name 
    from
        test_masters tm1_0 
    where
        tm1_0.id=?
Hibernate: 
    select
        tm1_0.id,
        tm1_0.active,
        tm1_0.normal_range,
        tm1_0.standard_price,
        tm1_0.test_code,
        tm1_0.test_name 
    from
        test_masters tm1_0 
    where
        tm1_0.id=?
Hibernate: 
    select
        p1_0.id,
        p1_0.address,
        p1_0.alternate_phone,
        p1_0.blood_group,
        p1_0.city,
        p1_0.date_of_birth,
        p1_0.district,
        p1_0.email,
        p1_0.emergency_contact_name,
        p1_0.emergency_contact_number,
        p1_0.gender,
        p1_0.marital_status,
        p1_0.name,
        p1_0.national_id,
        p1_0.patient_code,
        p1_0.phone,
        p1_0.postal_code,
        p1_0.relationship 
    from
        patients p1_0 
    where
        p1_0.id=?
Hibernate: 
    select
        pi1_0.prescription_id,
        pi1_0.id,
        pi1_0.dosage,
        pi1_0.duration,
        pi1_0.instruction,
        pi1_0.medicine_id,
        pi1_0.medicine_type 
    from
        prescription_items pi1_0 
    where
        pi1_0.prescription_id=?
Hibernate: 
    select
        t1_0.id,
        t1_0.lab_report_id,
        t1_0.last_updated,
        t1_0.order_status,
        t1_0.ordered_date,
        t1_0.patient_id,
        t1_0.doctor_id,
        t1_0.prescription_id,
        t1_0.report_file_path,
        t1_0.result_entered_by,
        t1_0.result_entered_date,
        t1_0.result_notes,
        t1_0.result_value,
        t1_0.sample_collected_date,
        t1_0.sample_collector_name,
        t1_0.sample_received_by,
        t1_0.sample_received_date,
        t1_0.sample_type,
        t1_0.test_master_id,
        t1_0.testing_start_date,
        t1_0.verification_notes,
        t1_0.verified_by,
        t1_0.verified_date 
    from
        tests t1_0 
    where
        t1_0.prescription_id=?
Hibernate: 
    select
        tm1_0.id,
        tm1_0.active,
        tm1_0.normal_range,
        tm1_0.standard_price,
        tm1_0.test_code,
        tm1_0.test_name 
    from
        test_masters tm1_0 
    where
        tm1_0.id=?
Hibernate: 
    select
        p1_0.id,
        p1_0.address,
        p1_0.alternate_phone,
        p1_0.blood_group,
        p1_0.city,
        p1_0.date_of_birth,
        p1_0.district,
        p1_0.email,
        p1_0.emergency_contact_name,
        p1_0.emergency_contact_number,
        p1_0.gender,
        p1_0.marital_status,
        p1_0.name,
        p1_0.national_id,
        p1_0.patient_code,
        p1_0.phone,
        p1_0.postal_code,
        p1_0.relationship 
    from
        patients p1_0 
    where
        p1_0.id=?
Hibernate: 
    select
        pi1_0.prescription_id,
        pi1_0.id,
        pi1_0.dosage,
        pi1_0.duration,
        pi1_0.instruction,
        pi1_0.medicine_id,
        pi1_0.medicine_type 
    from
        prescription_items pi1_0 
    where
        pi1_0.prescription_id=?
Hibernate: 
    select
        t1_0.id,
        t1_0.lab_report_id,
        t1_0.last_updated,
        t1_0.order_status,
        t1_0.ordered_date,
        t1_0.patient_id,
        t1_0.doctor_id,
        t1_0.prescription_id,
        t1_0.report_file_path,
        t1_0.result_entered_by,
        t1_0.result_entered_date,
        t1_0.result_notes,
        t1_0.result_value,
        t1_0.sample_collected_date,
        t1_0.sample_collector_name,
        t1_0.sample_received_by,
        t1_0.sample_received_date,
        t1_0.sample_type,
        t1_0.test_master_id,
        t1_0.testing_start_date,
        t1_0.verification_notes,
        t1_0.verified_by,
        t1_0.verified_date 
    from
        tests t1_0 
    where
        t1_0.prescription_id=?
Hibernate: 
    select
        p1_0.id,
        p1_0.address,
        p1_0.alternate_phone,
        p1_0.blood_group,
        p1_0.city,
        p1_0.date_of_birth,
        p1_0.district,
        p1_0.email,
        p1_0.emergency_contact_name,
        p1_0.emergency_contact_number,
        p1_0.gender,
        p1_0.marital_status,
        p1_0.name,
        p1_0.national_id,
        p1_0.patient_code,
        p1_0.phone,
        p1_0.postal_code,
        p1_0.relationship 
    from
        patients p1_0 
    where
        p1_0.id=?
Hibernate: 
    select
        pi1_0.prescription_id,
        pi1_0.id,
        pi1_0.dosage,
        pi1_0.duration,
        pi1_0.instruction,
        pi1_0.medicine_id,
        pi1_0.medicine_type 
    from
        prescription_items pi1_0 
    where
        pi1_0.prescription_id=?
Hibernate: 
    select
        t1_0.id,
        t1_0.lab_report_id,
        t1_0.last_updated,
        t1_0.order_status,
        t1_0.ordered_date,
        t1_0.patient_id,
        t1_0.doctor_id,
        t1_0.prescription_id,
        t1_0.report_file_path,
        t1_0.result_entered_by,
        t1_0.result_entered_date,
        t1_0.result_notes,
        t1_0.result_value,
        t1_0.sample_collected_date,
        t1_0.sample_collector_name,
        t1_0.sample_received_by,
        t1_0.sample_received_date,
        t1_0.sample_type,
        t1_0.test_master_id,
        t1_0.testing_start_date,
        t1_0.verification_notes,
        t1_0.verified_by,
        t1_0.verified_date 
    from
        tests t1_0 
    where
        t1_0.prescription_id=?
Hibernate: 
    select
        u1_0.id,
        u1_0.active,
        u1_0.email,
        u1_0.image,
        u1_0.name,
        u1_0.password,
        u1_0.phone,
        u1_0.role 
    from
        users u1_0 
    where
        u1_0.email=?
Hibernate: 
    select
        d1_0.id,
        d1_0.available_days,
        d1_0.chamber,
        d1_0.consultation_fee,
        d1_0.designation,
        d1_0.doctor_department_id,
        d1_0.duty_hours,
        d1_0.experience_years,
        d1_0.follow_up_fee,
        d1_0.gender,
        d1_0.join_date,
        d1_0.photo,
        d1_0.registration_number,
        d1_0.signature,
        d1_0.specialization,
        d1_0.status,
        d1_0.study,
        d1_0.user_id 
    from
        doctors d1_0 
    where
        d1_0.user_id=?
Hibernate: 
    select
        u1_0.id,
        u1_0.active,
        u1_0.email,
        u1_0.image,
        u1_0.name,
        u1_0.password,
        u1_0.phone,
        u1_0.role 
    from
        users u1_0 
    where
        u1_0.email=?
Hibernate: 
    select
        p1_0.id,
        p1_0.appointment_id,
        p1_0.blood_pressure,
        p1_0.body_temperature,
        p1_0.chief_complaints,
        p1_0.created_date,
        p1_0.diagnosis,
        p1_0.dispensed,
        p1_0.doctor_id,
        p1_0.next_follow_up_date,
        p1_0.notes,
        p1_0.patient_id,
        p1_0.prescription_number,
        p1_0.pulse_rate,
        p1_0.symptoms,
        p1_0.weight 
    from
        prescriptions p1_0
Hibernate: 
    select
        d1_0.id,
        d1_0.available_days,
        d1_0.chamber,
        d1_0.consultation_fee,
        d1_0.designation,
        d1_0.doctor_department_id,
        d1_0.duty_hours,
        d1_0.experience_years,
        d1_0.follow_up_fee,
        d1_0.gender,
        d1_0.join_date,
        d1_0.photo,
        d1_0.registration_number,
        d1_0.signature,
        d1_0.specialization,
        d1_0.status,
        d1_0.study,
        d1_0.user_id 
    from
        doctors d1_0 
    where
        d1_0.id=?
Hibernate: 
    select
        dd1_0.id,
        dd1_0.department_name,
        dd1_0.description 
    from
        doctor_departments dd1_0 
    where
        dd1_0.id=?
Hibernate: 
    select
        u1_0.id,
        u1_0.active,
        u1_0.email,
        u1_0.image,
        u1_0.name,
        u1_0.password,
        u1_0.phone,
        u1_0.role 
    from
        users u1_0 
    where
        u1_0.id=?
Hibernate: 
    select
        p1_0.id,
        p1_0.address,
        p1_0.alternate_phone,
        p1_0.blood_group,
        p1_0.city,
        p1_0.date_of_birth,
        p1_0.district,
        p1_0.email,
        p1_0.emergency_contact_name,
        p1_0.emergency_contact_number,
        p1_0.gender,
        p1_0.marital_status,
        p1_0.name,
        p1_0.national_id,
        p1_0.patient_code,
        p1_0.phone,
        p1_0.postal_code,
        p1_0.relationship 
    from
        patients p1_0 
    where
        p1_0.id=?
Hibernate: 
    select
        pi1_0.prescription_id,
        pi1_0.id,
        pi1_0.dosage,
        pi1_0.duration,
        pi1_0.instruction,
        pi1_0.medicine_id,
        pi1_0.medicine_type 
    from
        prescription_items pi1_0 
    where
        pi1_0.prescription_id=?
Hibernate: 
    select
        m1_0.id,
        m1_0.dosage,
        g1_0.id,
        g1_0.generic_name,
        m1_0.medicine_name 
    from
        medicines m1_0 
    left join
        generics g1_0 
            on g1_0.id=m1_0.generic_id 
    where
        m1_0.id=?
Hibernate: 
    select
        m1_0.id,
        m1_0.dosage,
        g1_0.id,
        g1_0.generic_name,
        m1_0.medicine_name 
    from
        medicines m1_0 
    left join
        generics g1_0 
            on g1_0.id=m1_0.generic_id 
    where
        m1_0.id=?
Hibernate: 
    select
        m1_0.id,
        m1_0.dosage,
        g1_0.id,
        g1_0.generic_name,
        m1_0.medicine_name 
    from
        medicines m1_0 
    left join
        generics g1_0 
            on g1_0.id=m1_0.generic_id 
    where
        m1_0.id=?
Hibernate: 
    select
        t1_0.id,
        t1_0.lab_report_id,
        t1_0.last_updated,
        t1_0.order_status,
        t1_0.ordered_date,
        t1_0.patient_id,
        t1_0.doctor_id,
        t1_0.prescription_id,
        t1_0.report_file_path,
        t1_0.result_entered_by,
        t1_0.result_entered_date,
        t1_0.result_notes,
        t1_0.result_value,
        t1_0.sample_collected_date,
        t1_0.sample_collector_name,
        t1_0.sample_received_by,
        t1_0.sample_received_date,
        t1_0.sample_type,
        t1_0.test_master_id,
        t1_0.testing_start_date,
        t1_0.verification_notes,
        t1_0.verified_by,
        t1_0.verified_date 
    from
        tests t1_0 
    where
        t1_0.prescription_id=?
Hibernate: 
    select
        tm1_0.id,
        tm1_0.active,
        tm1_0.normal_range,
        tm1_0.standard_price,
        tm1_0.test_code,
        tm1_0.test_name 
    from
        test_masters tm1_0 
    where
        tm1_0.id=?
Hibernate: 
    select
        tm1_0.id,
        tm1_0.active,
        tm1_0.normal_range,
        tm1_0.standard_price,
        tm1_0.test_code,
        tm1_0.test_name 
    from
        test_masters tm1_0 
    where
        tm1_0.id=?
Hibernate: 
    select
        d1_0.id,
        d1_0.available_days,
        d1_0.chamber,
        d1_0.consultation_fee,
        d1_0.designation,
        d1_0.doctor_department_id,
        d1_0.duty_hours,
        d1_0.experience_years,
        d1_0.follow_up_fee,
        d1_0.gender,
        d1_0.join_date,
        d1_0.photo,
        d1_0.registration_number,
        d1_0.signature,
        d1_0.specialization,
        d1_0.status,
        d1_0.study,
        d1_0.user_id 
    from
        doctors d1_0 
    where
        d1_0.id=?
Hibernate: 
    select
        dd1_0.id,
        dd1_0.department_name,
        dd1_0.description 
    from
        doctor_departments dd1_0 
    where
        dd1_0.id=?
Hibernate: 
    select
        u1_0.id,
        u1_0.active,
        u1_0.email,
        u1_0.image,
        u1_0.name,
        u1_0.password,
        u1_0.phone,
        u1_0.role 
    from
        users u1_0 
    where
        u1_0.id=?
Hibernate: 
    select
        p1_0.id,
        p1_0.address,
        p1_0.alternate_phone,
        p1_0.blood_group,
        p1_0.city,
        p1_0.date_of_birth,
        p1_0.district,
        p1_0.email,
        p1_0.emergency_contact_name,
        p1_0.emergency_contact_number,
        p1_0.gender,
        p1_0.marital_status,
        p1_0.name,
        p1_0.national_id,
        p1_0.patient_code,
        p1_0.phone,
        p1_0.postal_code,
        p1_0.relationship 
    from
        patients p1_0 
    where
        p1_0.id=?
Hibernate: 
    select
        pi1_0.prescription_id,
        pi1_0.id,
        pi1_0.dosage,
        pi1_0.duration,
        pi1_0.instruction,
        pi1_0.medicine_id,
        pi1_0.medicine_type 
    from
        prescription_items pi1_0 
    where
        pi1_0.prescription_id=?
Hibernate: 
    select
        t1_0.id,
        t1_0.lab_report_id,
        t1_0.last_updated,
        t1_0.order_status,
        t1_0.ordered_date,
        t1_0.patient_id,
        t1_0.doctor_id,
        t1_0.prescription_id,
        t1_0.report_file_path,
        t1_0.result_entered_by,
        t1_0.result_entered_date,
        t1_0.result_notes,
        t1_0.result_value,
        t1_0.sample_collected_date,
        t1_0.sample_collector_name,
        t1_0.sample_received_by,
        t1_0.sample_received_date,
        t1_0.sample_type,
        t1_0.test_master_id,
        t1_0.testing_start_date,
        t1_0.verification_notes,
        t1_0.verified_by,
        t1_0.verified_date 
    from
        tests t1_0 
    where
        t1_0.prescription_id=?
Hibernate: 
    select
        d1_0.id,
        d1_0.available_days,
        d1_0.chamber,
        d1_0.consultation_fee,
        d1_0.designation,
        d1_0.doctor_department_id,
        d1_0.duty_hours,
        d1_0.experience_years,
        d1_0.follow_up_fee,
        d1_0.gender,
        d1_0.join_date,
        d1_0.photo,
        d1_0.registration_number,
        d1_0.signature,
        d1_0.specialization,
        d1_0.status,
        d1_0.study,
        d1_0.user_id 
    from
        doctors d1_0 
    where
        d1_0.id=?
Hibernate: 
    select
        dd1_0.id,
        dd1_0.department_name,
        dd1_0.description 
    from
        doctor_departments dd1_0 
    where
        dd1_0.id=?
Hibernate: 
    select
        u1_0.id,
        u1_0.active,
        u1_0.email,
        u1_0.image,
        u1_0.name,
        u1_0.password,
        u1_0.phone,
        u1_0.role 
    from
        users u1_0 
    where
        u1_0.id=?
Hibernate: 
    select
        p1_0.id,
        p1_0.address,
        p1_0.alternate_phone,
        p1_0.blood_group,
        p1_0.city,
        p1_0.date_of_birth,
        p1_0.district,
        p1_0.email,
        p1_0.emergency_contact_name,
        p1_0.emergency_contact_number,
        p1_0.gender,
        p1_0.marital_status,
        p1_0.name,
        p1_0.national_id,
        p1_0.patient_code,
        p1_0.phone,
        p1_0.postal_code,
        p1_0.relationship 
    from
        patients p1_0 
    where
        p1_0.id=?
Hibernate: 
    select
        pi1_0.prescription_id,
        pi1_0.id,
        pi1_0.dosage,
        pi1_0.duration,
        pi1_0.instruction,
        pi1_0.medicine_id,
        pi1_0.medicine_type 
    from
        prescription_items pi1_0 
    where
        pi1_0.prescription_id=?
Hibernate: 
    select
        m1_0.id,
        m1_0.dosage,
        g1_0.id,
        g1_0.generic_name,
        m1_0.medicine_name 
    from
        medicines m1_0 
    left join
        generics g1_0 
            on g1_0.id=m1_0.generic_id 
    where
        m1_0.id=?
Hibernate: 
    select
        m1_0.id,
        m1_0.dosage,
        g1_0.id,
        g1_0.generic_name,
        m1_0.medicine_name 
    from
        medicines m1_0 
    left join
        generics g1_0 
            on g1_0.id=m1_0.generic_id 
    where
        m1_0.id=?
Hibernate: 
    select
        t1_0.id,
        t1_0.lab_report_id,
        t1_0.last_updated,
        t1_0.order_status,
        t1_0.ordered_date,
        t1_0.patient_id,
        t1_0.doctor_id,
        t1_0.prescription_id,
        t1_0.report_file_path,
        t1_0.result_entered_by,
        t1_0.result_entered_date,
        t1_0.result_notes,
        t1_0.result_value,
        t1_0.sample_collected_date,
        t1_0.sample_collector_name,
        t1_0.sample_received_by,
        t1_0.sample_received_date,
        t1_0.sample_type,
        t1_0.test_master_id,
        t1_0.testing_start_date,
        t1_0.verification_notes,
        t1_0.verified_by,
        t1_0.verified_date 
    from
        tests t1_0 
    where
        t1_0.prescription_id=?
Hibernate: 
    select
        tm1_0.id,
        tm1_0.active,
        tm1_0.normal_range,
        tm1_0.standard_price,
        tm1_0.test_code,
        tm1_0.test_name 
    from
        test_masters tm1_0 
    where
        tm1_0.id=?
Hibernate: 
    select
        tm1_0.id,
        tm1_0.active,
        tm1_0.normal_range,
        tm1_0.standard_price,
        tm1_0.test_code,
        tm1_0.test_name 
    from
        test_masters tm1_0 
    where
        tm1_0.id=?
Hibernate: 
    select
        p1_0.id,
        p1_0.address,
        p1_0.alternate_phone,
        p1_0.blood_group,
        p1_0.city,
        p1_0.date_of_birth,
        p1_0.district,
        p1_0.email,
        p1_0.emergency_contact_name,
        p1_0.emergency_contact_number,
        p1_0.gender,
        p1_0.marital_status,
        p1_0.name,
        p1_0.national_id,
        p1_0.patient_code,
        p1_0.phone,
        p1_0.postal_code,
        p1_0.relationship 
    from
        patients p1_0 
    where
        p1_0.id=?
Hibernate: 
    select
        pi1_0.prescription_id,
        pi1_0.id,
        pi1_0.dosage,
        pi1_0.duration,
        pi1_0.instruction,
        pi1_0.medicine_id,
        pi1_0.medicine_type 
    from
        prescription_items pi1_0 
    where
        pi1_0.prescription_id=?
Hibernate: 
    select
        t1_0.id,
        t1_0.lab_report_id,
        t1_0.last_updated,
        t1_0.order_status,
        t1_0.ordered_date,
        t1_0.patient_id,
        t1_0.doctor_id,
        t1_0.prescription_id,
        t1_0.report_file_path,
        t1_0.result_entered_by,
        t1_0.result_entered_date,
        t1_0.result_notes,
        t1_0.result_value,
        t1_0.sample_collected_date,
        t1_0.sample_collector_name,
        t1_0.sample_received_by,
        t1_0.sample_received_date,
        t1_0.sample_type,
        t1_0.test_master_id,
        t1_0.testing_start_date,
        t1_0.verification_notes,
        t1_0.verified_by,
        t1_0.verified_date 
    from
        tests t1_0 
    where
        t1_0.prescription_id=?
Hibernate: 
    select
        tm1_0.id,
        tm1_0.active,
        tm1_0.normal_range,
        tm1_0.standard_price,
        tm1_0.test_code,
        tm1_0.test_name 
    from
        test_masters tm1_0 
    where
        tm1_0.id=?
Hibernate: 
    select
        p1_0.id,
        p1_0.address,
        p1_0.alternate_phone,
        p1_0.blood_group,
        p1_0.city,
        p1_0.date_of_birth,
        p1_0.district,
        p1_0.email,
        p1_0.emergency_contact_name,
        p1_0.emergency_contact_number,
        p1_0.gender,
        p1_0.marital_status,
        p1_0.name,
        p1_0.national_id,
        p1_0.patient_code,
        p1_0.phone,
        p1_0.postal_code,
        p1_0.relationship 
    from
        patients p1_0 
    where
        p1_0.id=?
Hibernate: 
    select
        pi1_0.prescription_id,
        pi1_0.id,
        pi1_0.dosage,
        pi1_0.duration,
        pi1_0.instruction,
        pi1_0.medicine_id,
        pi1_0.medicine_type 
    from
        prescription_items pi1_0 
    where
        pi1_0.prescription_id=?
Hibernate: 
    select
        t1_0.id,
        t1_0.lab_report_id,
        t1_0.last_updated,
        t1_0.order_status,
        t1_0.ordered_date,
        t1_0.patient_id,
        t1_0.doctor_id,
        t1_0.prescription_id,
        t1_0.report_file_path,
        t1_0.result_entered_by,
        t1_0.result_entered_date,
        t1_0.result_notes,
        t1_0.result_value,
        t1_0.sample_collected_date,
        t1_0.sample_collector_name,
        t1_0.sample_received_by,
        t1_0.sample_received_date,
        t1_0.sample_type,
        t1_0.test_master_id,
        t1_0.testing_start_date,
        t1_0.verification_notes,
        t1_0.verified_by,
        t1_0.verified_date 
    from
        tests t1_0 
    where
        t1_0.prescription_id=?
Hibernate: 
    select
        p1_0.id,
        p1_0.address,
        p1_0.alternate_phone,
        p1_0.blood_group,
        p1_0.city,
        p1_0.date_of_birth,
        p1_0.district,
        p1_0.email,
        p1_0.emergency_contact_name,
        p1_0.emergency_contact_number,
        p1_0.gender,
        p1_0.marital_status,
        p1_0.name,
        p1_0.national_id,
        p1_0.patient_code,
        p1_0.phone,
        p1_0.postal_code,
        p1_0.relationship 
    from
        patients p1_0 
    where
        p1_0.id=?
Hibernate: 
    select
        pi1_0.prescription_id,
        pi1_0.id,
        pi1_0.dosage,
        pi1_0.duration,
        pi1_0.instruction,
        pi1_0.medicine_id,
        pi1_0.medicine_type 
    from
        prescription_items pi1_0 
    where
        pi1_0.prescription_id=?
Hibernate: 
    select
        t1_0.id,
        t1_0.lab_report_id,
        t1_0.last_updated,
        t1_0.order_status,
        t1_0.ordered_date,
        t1_0.patient_id,
        t1_0.doctor_id,
        t1_0.prescription_id,
        t1_0.report_file_path,
        t1_0.result_entered_by,
        t1_0.result_entered_date,
        t1_0.result_notes,
        t1_0.result_value,
        t1_0.sample_collected_date,
        t1_0.sample_collector_name,
        t1_0.sample_received_by,
        t1_0.sample_received_date,
        t1_0.sample_type,
        t1_0.test_master_id,
        t1_0.testing_start_date,
        t1_0.verification_notes,
        t1_0.verified_by,
        t1_0.verified_date 
    from
        tests t1_0 
    where
        t1_0.prescription_id=?
Hibernate: 
    select
        u1_0.id,
        u1_0.active,
        u1_0.email,
        u1_0.image,
        u1_0.name,
        u1_0.password,
        u1_0.phone,
        u1_0.role 
    from
        users u1_0 
    where
        u1_0.email=?
Hibernate: 
    select
        u1_0.id,
        u1_0.active,
        u1_0.email,
        u1_0.image,
        u1_0.name,
        u1_0.password,
        u1_0.phone,
        u1_0.role 
    from
        users u1_0 
    where
        u1_0.email=?
Hibernate: 
    select
        u1_0.id,
        u1_0.active,
        u1_0.email,
        u1_0.image,
        u1_0.name,
        u1_0.password,
        u1_0.phone,
        u1_0.role 
    from
        users u1_0 
    where
        u1_0.email=?
Hibernate: 
    select
        u1_0.id,
        u1_0.active,
        u1_0.email,
        u1_0.image,
        u1_0.name,
        u1_0.password,
        u1_0.phone,
        u1_0.role 
    from
        users u1_0 
    where
        u1_0.email=?
Hibernate: 
    select
        p1_0.id,
        p1_0.address,
        p1_0.alternate_phone,
        p1_0.blood_group,
        p1_0.city,
        p1_0.date_of_birth,
        p1_0.district,
        p1_0.email,
        p1_0.emergency_contact_name,
        p1_0.emergency_contact_number,
        p1_0.gender,
        p1_0.marital_status,
        p1_0.name,
        p1_0.national_id,
        p1_0.patient_code,
        p1_0.phone,
        p1_0.postal_code,
        p1_0.relationship 
    from
        patients p1_0
Hibernate: 
    select
        ap1_0.id,
        ap1_0.admission_date,
        ap1_0.admission_status,
        ap1_0.discharge_date,
        ap1_0.initial_diagnosis,
        ap1_0.patient_id,
        ap1_0.doctor_id 
    from
        admitted_patients ap1_0
Hibernate: 
    select
        d1_0.id,
        d1_0.available_days,
        d1_0.chamber,
        d1_0.consultation_fee,
        d1_0.designation,
        d1_0.doctor_department_id,
        d1_0.duty_hours,
        d1_0.experience_years,
        d1_0.follow_up_fee,
        d1_0.gender,
        d1_0.join_date,
        d1_0.photo,
        d1_0.registration_number,
        d1_0.signature,
        d1_0.specialization,
        d1_0.status,
        d1_0.study,
        d1_0.user_id 
    from
        doctors d1_0
Hibernate: 
    select
        u1_0.id,
        u1_0.active,
        u1_0.email,
        u1_0.image,
        u1_0.name,
        u1_0.password,
        u1_0.phone,
        u1_0.role 
    from
        users u1_0 
    where
        u1_0.email=?
Hibernate: 
    select
        u1_0.id,
        u1_0.active,
        u1_0.email,
        u1_0.image,
        u1_0.name,
        u1_0.password,
        u1_0.phone,
        u1_0.role 
    from
        users u1_0 
    where
        u1_0.id=?
Hibernate: 
    select
        a1_0.id,
        a1_0.appointment_date,
        a1_0.appointment_number,
        a1_0.appointment_time,
        a1_0.created_date,
        a1_0.doctor_id,
        a1_0.fee_charged,
        a1_0.mobile_number,
        a1_0.patient_id,
        a1_0.patient_name,
        a1_0.payment_method,
        a1_0.problem_description,
        a1_0.schedule_slot_id,
        a1_0.specialization,
        a1_0.status,
        a1_0.transaction_id 
    from
        appointments a1_0
Hibernate: 
    select
        dd1_0.id,
        dd1_0.department_name,
        dd1_0.description 
    from
        doctor_departments dd1_0 
    where
        dd1_0.id=?
Hibernate: 
    select
        n1_0.id,
        n1_0.active,
        n1_0.address,
        n1_0.assigned_ward,
        n1_0.experience_years,
        n1_0.gender,
        n1_0.join_date,
        n1_0.nurse_type,
        n1_0.on_duty,
        n1_0.photo,
        n1_0.qualification,
        n1_0.registration_number,
        n1_0.remarks,
        n1_0.shift,
        n1_0.user_id,
        n1_0.working_hours 
    from
        nurses n1_0
Hibernate: 
    select
        u1_0.id,
        u1_0.active,
        u1_0.email,
        u1_0.image,
        u1_0.name,
        u1_0.password,
        u1_0.phone,
        u1_0.role 
    from
        users u1_0 
    where
        u1_0.id=?
Hibernate: 
    select
        dd1_0.id,
        dd1_0.department_name,
        dd1_0.description 
    from
        doctor_departments dd1_0 
    where
        dd1_0.id=?
Hibernate: 
    select
        p1_0.id,
        p1_0.address,
        p1_0.alternate_phone,
        p1_0.blood_group,
        p1_0.city,
        p1_0.date_of_birth,
        p1_0.district,
        p1_0.email,
        p1_0.emergency_contact_name,
        p1_0.emergency_contact_number,
        p1_0.gender,
        p1_0.marital_status,
        p1_0.name,
        p1_0.national_id,
        p1_0.patient_code,
        p1_0.phone,
        p1_0.postal_code,
        p1_0.relationship 
    from
        patients p1_0 
    where
        p1_0.id=?
Hibernate: 
    select
        u1_0.id,
        u1_0.active,
        u1_0.email,
        u1_0.image,
        u1_0.name,
        u1_0.password,
        u1_0.phone,
        u1_0.role 
    from
        users u1_0 
    where
        u1_0.id=?
Hibernate: 
    select
        d1_0.id,
        d1_0.available_days,
        d1_0.chamber,
        d1_0.consultation_fee,
        d1_0.designation,
        d1_0.doctor_department_id,
        d1_0.duty_hours,
        d1_0.experience_years,
        d1_0.follow_up_fee,
        d1_0.gender,
        d1_0.join_date,
        d1_0.photo,
        d1_0.registration_number,
        d1_0.signature,
        d1_0.specialization,
        d1_0.status,
        d1_0.study,
        d1_0.user_id 
    from
        doctors d1_0 
    where
        d1_0.id=?
Hibernate: 
    select
        bb1_0.id,
        bb1_0.active,
        bb1_0.admitted_patient_id,
        bb1_0.bed_id,
        bb1_0.emergency_patient_id,
        bb1_0.end_time,
        bb1_0.start_time 
    from
        bed_bookings bb1_0 
    where
        bb1_0.admitted_patient_id=? 
        and bb1_0.active=true
Hibernate: 
    select
        dd1_0.id,
        dd1_0.department_name,
        dd1_0.description 
    from
        doctor_departments dd1_0 
    where
        dd1_0.id=?
Hibernate: 
    select
        u1_0.id,
        u1_0.active,
        u1_0.email,
        u1_0.image,
        u1_0.name,
        u1_0.password,
        u1_0.phone,
        u1_0.role 
    from
        users u1_0 
    where
        u1_0.id=?
Hibernate: 
    select
        u1_0.id,
        u1_0.active,
        u1_0.email,
        u1_0.image,
        u1_0.name,
        u1_0.password,
        u1_0.phone,
        u1_0.role 
    from
        users u1_0 
    where
        u1_0.id=?
Hibernate: 
    select
        p1_0.id,
        p1_0.address,
        p1_0.alternate_phone,
        p1_0.blood_group,
        p1_0.city,
        p1_0.date_of_birth,
        p1_0.district,
        p1_0.email,
        p1_0.emergency_contact_name,
        p1_0.emergency_contact_number,
        p1_0.gender,
        p1_0.marital_status,
        p1_0.name,
        p1_0.national_id,
        p1_0.patient_code,
        p1_0.phone,
        p1_0.postal_code,
        p1_0.relationship 
    from
        patients p1_0 
    where
        p1_0.id=?
Hibernate: 
    select
        u1_0.id,
        u1_0.active,
        u1_0.email,
        u1_0.image,
        u1_0.name,
        u1_0.password,
        u1_0.phone,
        u1_0.role 
    from
        users u1_0 
    where
        u1_0.id=?
Hibernate: 
    select
        u1_0.id,
        u1_0.active,
        u1_0.email,
        u1_0.image,
        u1_0.name,
        u1_0.password,
        u1_0.phone,
        u1_0.role 
    from
        users u1_0 
    where
        u1_0.id=?
Hibernate: 
    select
        ss1_0.id,
        ss1_0.date,
        ss1_0.doctor_id,
        ss1_0.end_time,
        ss1_0.is_booked,
        ss1_0.start_time 
    from
        schedule_slots ss1_0 
    where
        ss1_0.id=?
Hibernate: 
    select
        d1_0.id,
        d1_0.available_days,
        d1_0.chamber,
        d1_0.consultation_fee,
        d1_0.designation,
        d1_0.doctor_department_id,
        d1_0.duty_hours,
        d1_0.experience_years,
        d1_0.follow_up_fee,
        d1_0.gender,
        d1_0.join_date,
        d1_0.photo,
        d1_0.registration_number,
        d1_0.signature,
        d1_0.specialization,
        d1_0.status,
        d1_0.study,
        d1_0.user_id 
    from
        doctors d1_0 
    where
        d1_0.id=?
Hibernate: 
    select
        dd1_0.id,
        dd1_0.department_name,
        dd1_0.description 
    from
        doctor_departments dd1_0 
    where
        dd1_0.id=?
Hibernate: 
    select
        u1_0.id,
        u1_0.active,
        u1_0.email,
        u1_0.image,
        u1_0.name,
        u1_0.password,
        u1_0.phone,
        u1_0.role 
    from
        users u1_0 
    where
        u1_0.id=?
Hibernate: 
    select
        u1_0.id,
        u1_0.active,
        u1_0.email,
        u1_0.image,
        u1_0.name,
        u1_0.password,
        u1_0.phone,
        u1_0.role 
    from
        users u1_0 
    where
        u1_0.id=?
Hibernate: 
    select
        u1_0.id,
        u1_0.active,
        u1_0.email,
        u1_0.image,
        u1_0.name,
        u1_0.password,
        u1_0.phone,
        u1_0.role 
    from
        users u1_0 
    where
        u1_0.id=?
Hibernate: 
    select
        bb1_0.id,
        bb1_0.active,
        bb1_0.admitted_patient_id,
        bb1_0.bed_id,
        bb1_0.emergency_patient_id,
        bb1_0.end_time,
        bb1_0.start_time 
    from
        bed_bookings bb1_0 
    where
        bb1_0.admitted_patient_id=? 
        and bb1_0.active=true
Hibernate: 
    select
        p1_0.id,
        p1_0.address,
        p1_0.alternate_phone,
        p1_0.blood_group,
        p1_0.city,
        p1_0.date_of_birth,
        p1_0.district,
        p1_0.email,
        p1_0.emergency_contact_name,
        p1_0.emergency_contact_number,
        p1_0.gender,
        p1_0.marital_status,
        p1_0.name,
        p1_0.national_id,
        p1_0.patient_code,
        p1_0.phone,
        p1_0.postal_code,
        p1_0.relationship 
    from
        patients p1_0 
    where
        p1_0.id=?
Hibernate: 
    select
        u1_0.id,
        u1_0.active,
        u1_0.email,
        u1_0.image,
        u1_0.name,
        u1_0.password,
        u1_0.phone,
        u1_0.role 
    from
        users u1_0 
    where
        u1_0.id=?
Hibernate: 
    select
        dd1_0.id,
        dd1_0.department_name,
        dd1_0.description 
    from
        doctor_departments dd1_0 
    where
        dd1_0.id=?
Hibernate: 
    select
        d1_0.id,
        d1_0.available_days,
        d1_0.chamber,
        d1_0.consultation_fee,
        d1_0.designation,
        d1_0.doctor_department_id,
        d1_0.duty_hours,
        d1_0.experience_years,
        d1_0.follow_up_fee,
        d1_0.gender,
        d1_0.join_date,
        d1_0.photo,
        d1_0.registration_number,
        d1_0.signature,
        d1_0.specialization,
        d1_0.status,
        d1_0.study,
        d1_0.user_id 
    from
        doctors d1_0 
    where
        d1_0.id=?
Hibernate: 
    select
        b1_0.id,
        b1_0.bed_number,
        b1_0.status,
        b1_0.ward_id 
    from
        beds b1_0 
    where
        b1_0.id=?
Hibernate: 
    select
        u1_0.id,
        u1_0.active,
        u1_0.email,
        u1_0.image,
        u1_0.name,
        u1_0.password,
        u1_0.phone,
        u1_0.role 
    from
        users u1_0 
    where
        u1_0.email=?
Hibernate: 
    select
        u1_0.id,
        u1_0.active,
        u1_0.email,
        u1_0.image,
        u1_0.name,
        u1_0.password,
        u1_0.phone,
        u1_0.role 
    from
        users u1_0 
    where
        u1_0.id=?
Hibernate: 
    select
        w1_0.id,
        w1_0.base_price_per_day,
        w1_0.department_id,
        w1_0.name,
        w1_0.room_type,
        w1_0.total_beds 
    from
        wards w1_0 
    where
        w1_0.id=?
Hibernate: 
    select
        ss1_0.id,
        ss1_0.date,
        ss1_0.doctor_id,
        ss1_0.end_time,
        ss1_0.is_booked,
        ss1_0.start_time 
    from
        schedule_slots ss1_0 
    where
        ss1_0.id=?
Hibernate: 
    select
        bb1_0.id,
        bb1_0.active,
        bb1_0.admitted_patient_id,
        bb1_0.bed_id,
        bb1_0.emergency_patient_id,
        bb1_0.end_time,
        bb1_0.start_time 
    from
        bed_bookings bb1_0 
    where
        bb1_0.admitted_patient_id=? 
        and bb1_0.active=true
Hibernate: 
    select
        u1_0.id,
        u1_0.active,
        u1_0.email,
        u1_0.image,
        u1_0.name,
        u1_0.password,
        u1_0.phone,
        u1_0.role 
    from
        users u1_0 
    where
        u1_0.email=?
Hibernate: 
    select
        p1_0.id,
        p1_0.address,
        p1_0.alternate_phone,
        p1_0.blood_group,
        p1_0.city,
        p1_0.date_of_birth,
        p1_0.district,
        p1_0.email,
        p1_0.emergency_contact_name,
        p1_0.emergency_contact_number,
        p1_0.gender,
        p1_0.marital_status,
        p1_0.name,
        p1_0.national_id,
        p1_0.patient_code,
        p1_0.phone,
        p1_0.postal_code,
        p1_0.relationship 
    from
        patients p1_0 
    where
        p1_0.id=?
Hibernate: 
    select
        b1_0.id,
        b1_0.bed_number,
        b1_0.status,
        b1_0.ward_id 
    from
        beds b1_0 
    where
        b1_0.id=?
Hibernate: 
    select
        m1_0.id,
        m1_0.dosage,
        m1_0.generic_id,
        m1_0.medicine_name 
    from
        medicines m1_0
Hibernate: 
    select
        u1_0.id,
        u1_0.active,
        u1_0.email,
        u1_0.image,
        u1_0.name,
        u1_0.password,
        u1_0.phone,
        u1_0.role 
    from
        users u1_0 
    where
        u1_0.email=?
Hibernate: 
    select
        g1_0.id,
        g1_0.generic_name 
    from
        generics g1_0 
    where
        g1_0.id=?
Hibernate: 
    select
        d1_0.id,
        d1_0.available_days,
        d1_0.chamber,
        d1_0.consultation_fee,
        d1_0.designation,
        d1_0.doctor_department_id,
        d1_0.duty_hours,
        d1_0.experience_years,
        d1_0.follow_up_fee,
        d1_0.gender,
        d1_0.join_date,
        d1_0.photo,
        d1_0.registration_number,
        d1_0.signature,
        d1_0.specialization,
        d1_0.status,
        d1_0.study,
        d1_0.user_id 
    from
        doctors d1_0 
    where
        d1_0.id=?
Hibernate: 
    select
        u1_0.id,
        u1_0.active,
        u1_0.email,
        u1_0.image,
        u1_0.name,
        u1_0.password,
        u1_0.phone,
        u1_0.role 
    from
        users u1_0 
    where
        u1_0.email=?
Hibernate: 
    select
        tm1_0.id,
        tm1_0.active,
        tm1_0.normal_range,
        tm1_0.standard_price,
        tm1_0.test_code,
        tm1_0.test_name 
    from
        test_masters tm1_0
Hibernate: 
    select
        g1_0.id,
        g1_0.generic_name 
    from
        generics g1_0 
    where
        g1_0.id=?
Hibernate: 
    select
        w1_0.id,
        w1_0.base_price_per_day,
        w1_0.department_id,
        w1_0.name,
        w1_0.room_type,
        w1_0.total_beds 
    from
        wards w1_0 
    where
        w1_0.id=?
Hibernate: 
    select
        os1_0.id,
        os1_0.age,
        os1_0.department,
        os1_0.email,
        os1_0.gender,
        os1_0.join_date,
        os1_0.name,
        os1_0.phone,
        os1_0.photo,
        os1_0.position,
        os1_0.user_id,
        os1_0.working_hours 
    from
        office_staff os1_0
Hibernate: 
    select
        u1_0.id,
        u1_0.active,
        u1_0.email,
        u1_0.image,
        u1_0.name,
        u1_0.password,
        u1_0.phone,
        u1_0.role 
    from
        users u1_0 
    where
        u1_0.id=?
Hibernate: 
    select
        bb1_0.id,
        bb1_0.active,
        bb1_0.admitted_patient_id,
        bb1_0.bed_id,
        bb1_0.emergency_patient_id,
        bb1_0.end_time,
        bb1_0.start_time 
    from
        bed_bookings bb1_0 
    where
        bb1_0.admitted_patient_id=? 
        and bb1_0.active=true
Hibernate: 
    select
        g1_0.id,
        g1_0.generic_name 
    from
        generics g1_0 
    where
        g1_0.id=?
Hibernate: 
    select
        ss1_0.id,
        ss1_0.date,
        ss1_0.doctor_id,
        ss1_0.end_time,
        ss1_0.is_booked,
        ss1_0.start_time 
    from
        schedule_slots ss1_0 
    where
        ss1_0.id=?
Hibernate: 
    select
        g1_0.id,
        g1_0.generic_name 
    from
        generics g1_0
Hibernate: 
    select
        g1_0.id,
        g1_0.generic_name 
    from
        generics g1_0 
    where
        g1_0.id=?
Hibernate: 
    select
        p1_0.id,
        p1_0.address,
        p1_0.alternate_phone,
        p1_0.blood_group,
        p1_0.city,
        p1_0.date_of_birth,
        p1_0.district,
        p1_0.email,
        p1_0.emergency_contact_name,
        p1_0.emergency_contact_number,
        p1_0.gender,
        p1_0.marital_status,
        p1_0.name,
        p1_0.national_id,
        p1_0.patient_code,
        p1_0.phone,
        p1_0.postal_code,
        p1_0.relationship 
    from
        patients p1_0 
    where
        p1_0.id=?
Hibernate: 
    select
        u1_0.id,
        u1_0.active,
        u1_0.email,
        u1_0.image,
        u1_0.name,
        u1_0.password,
        u1_0.phone,
        u1_0.role 
    from
        users u1_0 
    where
        u1_0.id=?
Hibernate: 
    select
        p1_0.id,
        p1_0.address,
        p1_0.alternate_phone,
        p1_0.blood_group,
        p1_0.city,
        p1_0.date_of_birth,
        p1_0.district,
        p1_0.email,
        p1_0.emergency_contact_name,
        p1_0.emergency_contact_number,
        p1_0.gender,
        p1_0.marital_status,
        p1_0.name,
        p1_0.national_id,
        p1_0.patient_code,
        p1_0.phone,
        p1_0.postal_code,
        p1_0.relationship 
    from
        patients p1_0 
    where
        p1_0.id=?
Hibernate: 
    select
        g1_0.id,
        g1_0.generic_name 
    from
        generics g1_0 
    where
        g1_0.id=?
Hibernate: 
    select
        u1_0.id,
        u1_0.active,
        u1_0.email,
        u1_0.image,
        u1_0.name,
        u1_0.password,
        u1_0.phone,
        u1_0.role 
    from
        users u1_0 
    where
        u1_0.id=?
Hibernate: 
    select
        d1_0.id,
        d1_0.available_days,
        d1_0.chamber,
        d1_0.consultation_fee,
        d1_0.designation,
        d1_0.doctor_department_id,
        d1_0.duty_hours,
        d1_0.experience_years,
        d1_0.follow_up_fee,
        d1_0.gender,
        d1_0.join_date,
        d1_0.photo,
        d1_0.registration_number,
        d1_0.signature,
        d1_0.specialization,
        d1_0.status,
        d1_0.study,
        d1_0.user_id 
    from
        doctors d1_0 
    where
        d1_0.id=?
Hibernate: 
    select
        g1_0.id,
        g1_0.generic_name 
    from
        generics g1_0 
    where
        g1_0.id=?
Hibernate: 
    select
        ss1_0.id,
        ss1_0.date,
        ss1_0.doctor_id,
        ss1_0.end_time,
        ss1_0.is_booked,
        ss1_0.start_time 
    from
        schedule_slots ss1_0 
    where
        ss1_0.id=?
Hibernate: 
    select
        u1_0.id,
        u1_0.active,
        u1_0.email,
        u1_0.image,
        u1_0.name,
        u1_0.password,
        u1_0.phone,
        u1_0.role 
    from
        users u1_0 
    where
        u1_0.id=?
Hibernate: 
    select
        g1_0.id,
        g1_0.generic_name 
    from
        generics g1_0 
    where
        g1_0.id=?
Hibernate: 
    select
        p1_0.id,
        p1_0.address,
        p1_0.alternate_phone,
        p1_0.blood_group,
        p1_0.city,
        p1_0.date_of_birth,
        p1_0.district,
        p1_0.email,
        p1_0.emergency_contact_name,
        p1_0.emergency_contact_number,
        p1_0.gender,
        p1_0.marital_status,
        p1_0.name,
        p1_0.national_id,
        p1_0.patient_code,
        p1_0.phone,
        p1_0.postal_code,
        p1_0.relationship 
    from
        patients p1_0 
    where
        p1_0.id=?
Hibernate: 
    select
        g1_0.id,
        g1_0.generic_name 
    from
        generics g1_0 
    where
        g1_0.id=?
Hibernate: 
    select
        b1_0.id,
        b1_0.bed_number,
        b1_0.status,
        b1_0.ward_id 
    from
        beds b1_0 
    where
        b1_0.id=?
Hibernate: 
    select
        ss1_0.id,
        ss1_0.date,
        ss1_0.doctor_id,
        ss1_0.end_time,
        ss1_0.is_booked,
        ss1_0.start_time 
    from
        schedule_slots ss1_0 
    where
        ss1_0.id=?
Hibernate: 
    select
        g1_0.id,
        g1_0.generic_name 
    from
        generics g1_0 
    where
        g1_0.id=?
Hibernate: 
    select
        u1_0.id,
        u1_0.active,
        u1_0.email,
        u1_0.image,
        u1_0.name,
        u1_0.password,
        u1_0.phone,
        u1_0.role 
    from
        users u1_0 
    where
        u1_0.email=?
Hibernate: 
    select
        bb1_0.id,
        bb1_0.active,
        bb1_0.admitted_patient_id,
        bb1_0.bed_id,
        bb1_0.emergency_patient_id,
        bb1_0.end_time,
        bb1_0.start_time 
    from
        bed_bookings bb1_0 
    where
        bb1_0.admitted_patient_id=? 
        and bb1_0.active=true
Hibernate: 
    select
        u1_0.id,
        u1_0.active,
        u1_0.email,
        u1_0.image,
        u1_0.name,
        u1_0.password,
        u1_0.phone,
        u1_0.role 
    from
        users u1_0 
    where
        u1_0.email=?
Hibernate: 
    select
        g1_0.id,
        g1_0.generic_name 
    from
        generics g1_0 
    where
        g1_0.id=?
Hibernate: 
    select
        p1_0.id,
        p1_0.address,
        p1_0.alternate_phone,
        p1_0.blood_group,
        p1_0.city,
        p1_0.date_of_birth,
        p1_0.district,
        p1_0.email,
        p1_0.emergency_contact_name,
        p1_0.emergency_contact_number,
        p1_0.gender,
        p1_0.marital_status,
        p1_0.name,
        p1_0.national_id,
        p1_0.patient_code,
        p1_0.phone,
        p1_0.postal_code,
        p1_0.relationship 
    from
        patients p1_0 
    where
        p1_0.id=?
Hibernate: 
    select
        p1_0.id,
        p1_0.address,
        p1_0.alternate_phone,
        p1_0.blood_group,
        p1_0.city,
        p1_0.date_of_birth,
        p1_0.district,
        p1_0.email,
        p1_0.emergency_contact_name,
        p1_0.emergency_contact_number,
        p1_0.gender,
        p1_0.marital_status,
        p1_0.name,
        p1_0.national_id,
        p1_0.patient_code,
        p1_0.phone,
        p1_0.postal_code,
        p1_0.relationship 
    from
        patients p1_0 
    where
        p1_0.id=?
Hibernate: 
    select
        u1_0.id,
        u1_0.active,
        u1_0.email,
        u1_0.image,
        u1_0.name,
        u1_0.password,
        u1_0.phone,
        u1_0.role 
    from
        users u1_0 
    where
        u1_0.email=?
Hibernate: 
    select
        ss1_0.id,
        ss1_0.date,
        ss1_0.doctor_id,
        ss1_0.end_time,
        ss1_0.is_booked,
        ss1_0.start_time 
    from
        schedule_slots ss1_0 
    where
        ss1_0.id=?
Hibernate: 
    select
        g1_0.id,
        g1_0.generic_name 
    from
        generics g1_0 
    where
        g1_0.id=?
Hibernate: 
    select
        p1_0.id,
        p1_0.address,
        p1_0.alternate_phone,
        p1_0.blood_group,
        p1_0.city,
        p1_0.date_of_birth,
        p1_0.district,
        p1_0.email,
        p1_0.emergency_contact_name,
        p1_0.emergency_contact_number,
        p1_0.gender,
        p1_0.marital_status,
        p1_0.name,
        p1_0.national_id,
        p1_0.patient_code,
        p1_0.phone,
        p1_0.postal_code,
        p1_0.relationship 
    from
        patients p1_0 
    where
        p1_0.id=?
Hibernate: 
    select
        g1_0.id,
        g1_0.generic_name 
    from
        generics g1_0 
    where
        g1_0.id=?
Hibernate: 
    select
        ps1_0.id,
        ps1_0.billing_id,
        ps1_0.change_amount,
        ps1_0.discount,
        ps1_0.doctor_id,
        ps1_0.doctor_name,
        ps1_0.net_payable,
        ps1_0.paid_amount,
        ps1_0.patient_id,
        ps1_0.patient_name,
        ps1_0.patient_phone,
        ps1_0.patient_type,
        ps1_0.payment_method,
        ps1_0.payment_status,
        ps1_0.prescription_id,
        ps1_0.sale_date,
        ps1_0.sale_invoice_no,
        ps1_0.sale_type,
        ps1_0.total_amount,
        ps1_0.vat 
    from
        pharmacy_sales ps1_0 
    order by
        ps1_0.sale_date desc
Hibernate: 
    select
        b1_0.id,
        b1_0.bed_number,
        b1_0.status,
        b1_0.ward_id 
    from
        beds b1_0 
    where
        b1_0.id=?
Hibernate: 
    select
        p1_0.id,
        p1_0.created_at,
        p1_0.discount,
        p1_0.due_amount,
        p1_0.invoice_no,
        p1_0.net_amount,
        p1_0.notes,
        p1_0.paid_amount,
        p1_0.payment_method,
        p1_0.payment_status,
        p1_0.purchase_date,
        p1_0.status,
        p1_0.supplier_id,
        p1_0.total_amount,
        p1_0.vat 
    from
        purchases p1_0
Hibernate: 
    select
        w1_0.id,
        w1_0.base_price_per_day,
        w1_0.department_id,
        w1_0.name,
        w1_0.room_type,
        w1_0.total_beds 
    from
        wards w1_0
Hibernate: 
    select
        g1_0.id,
        g1_0.generic_name 
    from
        generics g1_0 
    where
        g1_0.id=?
Hibernate: 
    select
        ss1_0.id,
        ss1_0.date,
        ss1_0.doctor_id,
        ss1_0.end_time,
        ss1_0.is_booked,
        ss1_0.start_time 
    from
        schedule_slots ss1_0 
    where
        ss1_0.id=?
Hibernate: 
    select
        i1_0.pharmacy_sale_id,
        i1_0.id,
        i1_0.batch_number,
        i1_0.discount,
        i1_0.medicine_stock_id,
        i1_0.quantity,
        i1_0.subtotal,
        i1_0.unit_price 
    from
        pharmacy_sale_items i1_0 
    where
        i1_0.pharmacy_sale_id=?
Hibernate: 
    select
        w1_0.id,
        w1_0.base_price_per_day,
        w1_0.department_id,
        w1_0.name,
        w1_0.room_type,
        w1_0.total_beds 
    from
        wards w1_0 
    where
        w1_0.id=?
Hibernate: 
    select
        p1_0.id,
        p1_0.address,
        p1_0.alternate_phone,
        p1_0.blood_group,
        p1_0.city,
        p1_0.date_of_birth,
        p1_0.district,
        p1_0.email,
        p1_0.emergency_contact_name,
        p1_0.emergency_contact_number,
        p1_0.gender,
        p1_0.marital_status,
        p1_0.name,
        p1_0.national_id,
        p1_0.patient_code,
        p1_0.phone,
        p1_0.postal_code,
        p1_0.relationship 
    from
        patients p1_0 
    where
        p1_0.id=?
Hibernate: 
    select
        bb1_0.id,
        bb1_0.active,
        bb1_0.admitted_patient_id,
        bb1_0.bed_id,
        bb1_0.emergency_patient_id,
        bb1_0.end_time,
        bb1_0.start_time 
    from
        bed_bookings bb1_0 
    where
        bb1_0.admitted_patient_id=? 
        and bb1_0.active=true
Hibernate: 
    select
        g1_0.id,
        g1_0.generic_name 
    from
        generics g1_0 
    where
        g1_0.id=?
Hibernate: 
    select
        d1_0.id,
        d1_0.active,
        d1_0.code,
        d1_0.description,
        d1_0.name 
    from
        departments d1_0 
    where
        d1_0.id=?
Hibernate: 
    select
        ms1_0.id,
        ms1_0.active,
        ms1_0.barcode,
        ms1_0.batch_number,
        ms1_0.created_date,
        ms1_0.damaged_quantity,
        ms1_0.dosage_form,
        ms1_0.expiry_date,
        ms1_0.generic_name,
        ms1_0.manufacturing_date,
        ms1_0.medicine_name,
        ms1_0.minimum_stock_level,
        ms1_0.purchase_price,
        ms1_0.reorder_level,
        ms1_0.reserved_quantity,
        ms1_0.sale_price,
        ms1_0.stock_quantity,
        ms1_0.strength,
        ms1_0.supplier_id,
        ms1_0.vat 
    from
        medicine_stocks ms1_0 
    where
        ms1_0.id=?
Hibernate: 
    select
        ss1_0.id,
        ss1_0.date,
        ss1_0.doctor_id,
        ss1_0.end_time,
        ss1_0.is_booked,
        ss1_0.start_time 
    from
        schedule_slots ss1_0 
    where
        ss1_0.id=?
Hibernate: 
    select
        b1_0.id,
        b1_0.bed_number,
        b1_0.status,
        b1_0.ward_id 
    from
        beds b1_0 
    where
        b1_0.id=?
Hibernate: 
    select
        g1_0.id,
        g1_0.generic_name 
    from
        generics g1_0 
    where
        g1_0.id=?
Hibernate: 
    select
        p1_0.id,
        p1_0.address,
        p1_0.alternate_phone,
        p1_0.blood_group,
        p1_0.city,
        p1_0.date_of_birth,
        p1_0.district,
        p1_0.email,
        p1_0.emergency_contact_name,
        p1_0.emergency_contact_number,
        p1_0.gender,
        p1_0.marital_status,
        p1_0.name,
        p1_0.national_id,
        p1_0.patient_code,
        p1_0.phone,
        p1_0.postal_code,
        p1_0.relationship 
    from
        patients p1_0 
    where
        p1_0.id=?
Hibernate: 
    select
        d1_0.id,
        d1_0.active,
        d1_0.code,
        d1_0.description,
        d1_0.name 
    from
        departments d1_0 
    where
        d1_0.id=?
Hibernate: 
    select
        bb1_0.id,
        bb1_0.active,
        bb1_0.admitted_patient_id,
        bb1_0.bed_id,
        bb1_0.emergency_patient_id,
        bb1_0.end_time,
        bb1_0.start_time 
    from
        bed_bookings bb1_0 
    where
        bb1_0.admitted_patient_id=? 
        and bb1_0.active=true
Hibernate: 
    select
        g1_0.id,
        g1_0.generic_name 
    from
        generics g1_0 
    where
        g1_0.id=?
Hibernate: 
    select
        ms1_0.id,
        ms1_0.active,
        ms1_0.barcode,
        ms1_0.batch_number,
        ms1_0.created_date,
        ms1_0.damaged_quantity,
        ms1_0.dosage_form,
        ms1_0.expiry_date,
        ms1_0.generic_name,
        ms1_0.manufacturing_date,
        ms1_0.medicine_name,
        ms1_0.minimum_stock_level,
        ms1_0.purchase_price,
        ms1_0.reorder_level,
        ms1_0.reserved_quantity,
        ms1_0.sale_price,
        ms1_0.stock_quantity,
        ms1_0.strength,
        ms1_0.supplier_id,
        ms1_0.vat 
    from
        medicine_stocks ms1_0 
    where
        ms1_0.id=?
Hibernate: 
    select
        p1_0.id,
        p1_0.address,
        p1_0.alternate_phone,
        p1_0.blood_group,
        p1_0.city,
        p1_0.date_of_birth,
        p1_0.district,
        p1_0.email,
        p1_0.emergency_contact_name,
        p1_0.emergency_contact_number,
        p1_0.gender,
        p1_0.marital_status,
        p1_0.name,
        p1_0.national_id,
        p1_0.patient_code,
        p1_0.phone,
        p1_0.postal_code,
        p1_0.relationship 
    from
        patients p1_0 
    where
        p1_0.id=?
Hibernate: 
    select
        d1_0.id,
        d1_0.active,
        d1_0.code,
        d1_0.description,
        d1_0.name 
    from
        departments d1_0 
    where
        d1_0.id=?
Hibernate: 
    select
        ss1_0.id,
        ss1_0.date,
        ss1_0.doctor_id,
        ss1_0.end_time,
        ss1_0.is_booked,
        ss1_0.start_time 
    from
        schedule_slots ss1_0 
    where
        ss1_0.id=?
Hibernate: 
    select
        u1_0.id,
        u1_0.active,
        u1_0.email,
        u1_0.image,
        u1_0.name,
        u1_0.password,
        u1_0.phone,
        u1_0.role 
    from
        users u1_0 
    where
        u1_0.email=?
Hibernate: 
    select
        d1_0.id,
        d1_0.active,
        d1_0.code,
        d1_0.description,
        d1_0.name 
    from
        departments d1_0 
    where
        d1_0.id=?
Hibernate: 
    select
        b1_0.id,
        b1_0.bed_number,
        b1_0.status,
        b1_0.ward_id 
    from
        beds b1_0 
    where
        b1_0.id=?
Hibernate: 
    select
        i1_0.pharmacy_sale_id,
        i1_0.id,
        i1_0.batch_number,
        i1_0.discount,
        i1_0.medicine_stock_id,
        i1_0.quantity,
        i1_0.subtotal,
        i1_0.unit_price 
    from
        pharmacy_sale_items i1_0 
    where
        i1_0.pharmacy_sale_id=?
Hibernate: 
    select
        g1_0.id,
        g1_0.generic_name 
    from
        generics g1_0 
    where
        g1_0.id=?
Hibernate: 
    select
        w1_0.id,
        w1_0.base_price_per_day,
        w1_0.department_id,
        w1_0.name,
        w1_0.room_type,
        w1_0.total_beds 
    from
        wards w1_0 
    where
        w1_0.id=?
Hibernate: 
    select
        i1_0.pharmacy_sale_id,
        i1_0.id,
        i1_0.batch_number,
        i1_0.discount,
        i1_0.medicine_stock_id,
        i1_0.quantity,
        i1_0.subtotal,
        i1_0.unit_price 
    from
        pharmacy_sale_items i1_0 
    where
        i1_0.pharmacy_sale_id=?
Hibernate: 
    select
        g1_0.id,
        g1_0.generic_name 
    from
        generics g1_0 
    where
        g1_0.id=?
Hibernate: 
    select
        bb1_0.id,
        bb1_0.active,
        bb1_0.admitted_patient_id,
        bb1_0.bed_id,
        bb1_0.emergency_patient_id,
        bb1_0.end_time,
        bb1_0.start_time 
    from
        bed_bookings bb1_0 
    where
        bb1_0.admitted_patient_id=? 
        and bb1_0.active=true
Hibernate: 
    select
        i1_0.pharmacy_sale_id,
        i1_0.id,
        i1_0.batch_number,
        i1_0.discount,
        i1_0.medicine_stock_id,
        i1_0.quantity,
        i1_0.subtotal,
        i1_0.unit_price 
    from
        pharmacy_sale_items i1_0 
    where
        i1_0.pharmacy_sale_id=?
Hibernate: 
    select
        count(t1_0.id) 
    from
        tests t1_0 
    where
        t1_0.order_status=?
Hibernate: 
    select
        p1_0.id,
        p1_0.address,
        p1_0.alternate_phone,
        p1_0.blood_group,
        p1_0.city,
        p1_0.date_of_birth,
        p1_0.district,
        p1_0.email,
        p1_0.emergency_contact_name,
        p1_0.emergency_contact_number,
        p1_0.gender,
        p1_0.marital_status,
        p1_0.name,
        p1_0.national_id,
        p1_0.patient_code,
        p1_0.phone,
        p1_0.postal_code,
        p1_0.relationship 
    from
        patients p1_0 
    where
        p1_0.id=?
Hibernate: 
    select
        g1_0.id,
        g1_0.generic_name 
    from
        generics g1_0 
    where
        g1_0.id=?
Hibernate: 
    select
        count(t1_0.id) 
    from
        tests t1_0 
    where
        t1_0.order_status=?
Hibernate: 
    select
        i1_0.pharmacy_sale_id,
        i1_0.id,
        i1_0.batch_number,
        i1_0.discount,
        i1_0.medicine_stock_id,
        i1_0.quantity,
        i1_0.subtotal,
        i1_0.unit_price 
    from
        pharmacy_sale_items i1_0 
    where
        i1_0.pharmacy_sale_id=?
Hibernate: 
    select
        g1_0.id,
        g1_0.generic_name 
    from
        generics g1_0 
    where
        g1_0.id=?
Hibernate: 
    select
        b1_0.id,
        b1_0.bed_number,
        b1_0.status,
        b1_0.ward_id 
    from
        beds b1_0 
    where
        b1_0.id=?
Hibernate: 
    select
        u1_0.id,
        u1_0.active,
        u1_0.email,
        u1_0.image,
        u1_0.name,
        u1_0.password,
        u1_0.phone,
        u1_0.role 
    from
        users u1_0 
    where
        u1_0.email=?
Hibernate: 
    select
        count(t1_0.id) 
    from
        tests t1_0 
    where
        t1_0.order_status=?
Hibernate: 
    select
        count(t1_0.id) 
    from
        tests t1_0 
    where
        t1_0.order_status=?
Hibernate: 
    select
        count(t1_0.id) 
    from
        tests t1_0 
    where
        t1_0.order_status=?
Hibernate: 
    select
        u1_0.id,
        u1_0.active,
        u1_0.email,
        u1_0.image,
        u1_0.name,
        u1_0.password,
        u1_0.phone,
        u1_0.role 
    from
        users u1_0 
    where
        u1_0.email=?
Hibernate: 
    select
        count(t1_0.id) 
    from
        tests t1_0 
    where
        t1_0.order_status=?
Hibernate: 
    select
        u1_0.id,
        u1_0.active,
        u1_0.email,
        u1_0.image,
        u1_0.name,
        u1_0.password,
        u1_0.phone,
        u1_0.role 
    from
        users u1_0 
    where
        u1_0.email=?
Hibernate: 
    select
        count(t1_0.id) 
    from
        tests t1_0 
    where
        t1_0.order_status=?
Hibernate: 
    select
        u1_0.id,
        u1_0.active,
        u1_0.email,
        u1_0.image,
        u1_0.name,
        u1_0.password,
        u1_0.phone,
        u1_0.role 
    from
        users u1_0 
    where
        u1_0.email=?
Hibernate: 
    select
        u1_0.id,
        u1_0.active,
        u1_0.email,
        u1_0.image,
        u1_0.name,
        u1_0.password,
        u1_0.phone,
        u1_0.role 
    from
        users u1_0 
    where
        u1_0.email=?
Hibernate: 
    select
        a1_0.id,
        a1_0.appointment_date,
        a1_0.appointment_number,
        a1_0.appointment_time,
        a1_0.created_date,
        a1_0.doctor_id,
        a1_0.fee_charged,
        a1_0.mobile_number,
        a1_0.patient_id,
        a1_0.patient_name,
        a1_0.payment_method,
        a1_0.problem_description,
        a1_0.schedule_slot_id,
        a1_0.specialization,
        a1_0.status,
        a1_0.transaction_id 
    from
        appointments a1_0
Hibernate: 
    select
        u1_0.id,
        u1_0.active,
        u1_0.email,
        u1_0.image,
        u1_0.name,
        u1_0.password,
        u1_0.phone,
        u1_0.role 
    from
        users u1_0 
    where
        u1_0.email=?
Hibernate: 
    select
        ap1_0.id,
        ap1_0.admission_date,
        ap1_0.admission_status,
        ap1_0.discharge_date,
        ap1_0.initial_diagnosis,
        ap1_0.patient_id,
        ap1_0.doctor_id 
    from
        admitted_patients ap1_0
Hibernate: 
    select
        p1_0.id,
        p1_0.vat,
        p1_0.amount,
        p1_0.bank_name,
        p1_0.card_last4,
        p1_0.created_date,
        p1_0.discount,
        p1_0.insurance_company_id,
        p1_0.insurance_coverage,
        p1_0.invoice_number,
        p1_0.mobile_provider,
        p1_0.net_amount,
        p1_0.notes,
        p1_0.patient_id,
        p1_0.patient_name,
        p1_0.payment_date,
        p1_0.payment_method,
        p1_0.payment_reference,
        p1_0.payment_status,
        p1_0.processed_by,
        p1_0.refund_amount,
        p1_0.self_pay_amount,
        p1_0.transaction_id 
    from
        payments p1_0
Hibernate: 
    select
        p1_0.id,
        p1_0.address,
        p1_0.alternate_phone,
        p1_0.blood_group,
        p1_0.city,
        p1_0.date_of_birth,
        p1_0.district,
        p1_0.email,
        p1_0.emergency_contact_name,
        p1_0.emergency_contact_number,
        p1_0.gender,
        p1_0.marital_status,
        p1_0.name,
        p1_0.national_id,
        p1_0.patient_code,
        p1_0.phone,
        p1_0.postal_code,
        p1_0.relationship 
    from
        patients p1_0 
    where
        p1_0.id=?
Hibernate: 
    select
        d1_0.id,
        d1_0.available_days,
        d1_0.chamber,
        d1_0.consultation_fee,
        d1_0.designation,
        d1_0.doctor_department_id,
        d1_0.duty_hours,
        d1_0.experience_years,
        d1_0.follow_up_fee,
        d1_0.gender,
        d1_0.join_date,
        d1_0.photo,
        d1_0.registration_number,
        d1_0.signature,
        d1_0.specialization,
        d1_0.status,
        d1_0.study,
        d1_0.user_id 
    from
        doctors d1_0 
    where
        d1_0.id=?
Hibernate: 
    select
        bb1_0.id,
        bb1_0.active,
        bb1_0.admitted_patient_id,
        bb1_0.bed_id,
        bb1_0.emergency_patient_id,
        bb1_0.end_time,
        bb1_0.start_time 
    from
        bed_bookings bb1_0 
    where
        bb1_0.admitted_patient_id=? 
        and bb1_0.active=true
Hibernate: 
    select
        w1_0.id,
        w1_0.base_price_per_day,
        w1_0.department_id,
        w1_0.name,
        w1_0.room_type,
        w1_0.total_beds 
    from
        wards w1_0
Hibernate: 
    select
        u1_0.id,
        u1_0.active,
        u1_0.email,
        u1_0.image,
        u1_0.name,
        u1_0.password,
        u1_0.phone,
        u1_0.role 
    from
        users u1_0 
    where
        u1_0.id=?
Hibernate: 
    select
        p1_0.id,
        p1_0.address,
        p1_0.alternate_phone,
        p1_0.blood_group,
        p1_0.city,
        p1_0.date_of_birth,
        p1_0.district,
        p1_0.email,
        p1_0.emergency_contact_name,
        p1_0.emergency_contact_number,
        p1_0.gender,
        p1_0.marital_status,
        p1_0.name,
        p1_0.national_id,
        p1_0.patient_code,
        p1_0.phone,
        p1_0.postal_code,
        p1_0.relationship 
    from
        patients p1_0 
    where
        p1_0.id=?
Hibernate: 
    select
        ss1_0.id,
        ss1_0.date,
        ss1_0.doctor_id,
        ss1_0.end_time,
        ss1_0.is_booked,
        ss1_0.start_time 
    from
        schedule_slots ss1_0 
    where
        ss1_0.id=?
Hibernate: 
    select
        d1_0.id,
        d1_0.available_days,
        d1_0.chamber,
        d1_0.consultation_fee,
        d1_0.designation,
        d1_0.doctor_department_id,
        d1_0.duty_hours,
        d1_0.experience_years,
        d1_0.follow_up_fee,
        d1_0.gender,
        d1_0.join_date,
        d1_0.photo,
        d1_0.registration_number,
        d1_0.signature,
        d1_0.specialization,
        d1_0.status,
        d1_0.study,
        d1_0.user_id 
    from
        doctors d1_0 
    where
        d1_0.id=?
Hibernate: 
    select
        d1_0.id,
        d1_0.active,
        d1_0.code,
        d1_0.description,
        d1_0.name 
    from
        departments d1_0 
    where
        d1_0.id=?
Hibernate: 
    select
        p1_0.id,
        p1_0.address,
        p1_0.alternate_phone,
        p1_0.blood_group,
        p1_0.city,
        p1_0.date_of_birth,
        p1_0.district,
        p1_0.email,
        p1_0.emergency_contact_name,
        p1_0.emergency_contact_number,
        p1_0.gender,
        p1_0.marital_status,
        p1_0.name,
        p1_0.national_id,
        p1_0.patient_code,
        p1_0.phone,
        p1_0.postal_code,
        p1_0.relationship 
    from
        patients p1_0 
    where
        p1_0.id=?
Hibernate: 
    select
        u1_0.id,
        u1_0.active,
        u1_0.email,
        u1_0.image,
        u1_0.name,
        u1_0.password,
        u1_0.phone,
        u1_0.role 
    from
        users u1_0 
    where
        u1_0.id=?
Hibernate: 
    select
        d1_0.id,
        d1_0.available_days,
        d1_0.chamber,
        d1_0.consultation_fee,
        d1_0.designation,
        d1_0.doctor_department_id,
        d1_0.duty_hours,
        d1_0.experience_years,
        d1_0.follow_up_fee,
        d1_0.gender,
        d1_0.join_date,
        d1_0.photo,
        d1_0.registration_number,
        d1_0.signature,
        d1_0.specialization,
        d1_0.status,
        d1_0.study,
        d1_0.user_id 
    from
        doctors d1_0 
    where
        d1_0.id=?
Hibernate: 
    select
        d1_0.id,
        d1_0.active,
        d1_0.code,
        d1_0.description,
        d1_0.name 
    from
        departments d1_0 
    where
        d1_0.id=?
Hibernate: 
    select
        bb1_0.id,
        bb1_0.active,
        bb1_0.admitted_patient_id,
        bb1_0.bed_id,
        bb1_0.emergency_patient_id,
        bb1_0.end_time,
        bb1_0.start_time 
    from
        bed_bookings bb1_0 
    where
        bb1_0.admitted_patient_id=? 
        and bb1_0.active=true
Hibernate: 
    select
        d1_0.id,
        d1_0.active,
        d1_0.code,
        d1_0.description,
        d1_0.name 
    from
        departments d1_0 
    where
        d1_0.id=?
Hibernate: 
    select
        u1_0.id,
        u1_0.active,
        u1_0.email,
        u1_0.image,
        u1_0.name,
        u1_0.password,
        u1_0.phone,
        u1_0.role 
    from
        users u1_0 
    where
        u1_0.id=?
Hibernate: 
    select
        b1_0.id,
        b1_0.bed_number,
        b1_0.status,
        b1_0.ward_id 
    from
        beds b1_0 
    where
        b1_0.id=?
Hibernate: 
    select
        d1_0.id,
        d1_0.active,
        d1_0.code,
        d1_0.description,
        d1_0.name 
    from
        departments d1_0 
    where
        d1_0.id=?
Hibernate: 
    select
        ss1_0.id,
        ss1_0.date,
        ss1_0.doctor_id,
        ss1_0.end_time,
        ss1_0.is_booked,
        ss1_0.start_time 
    from
        schedule_slots ss1_0 
    where
        ss1_0.id=?
Hibernate: 
    select
        w1_0.id,
        w1_0.base_price_per_day,
        w1_0.department_id,
        w1_0.name,
        w1_0.room_type,
        w1_0.total_beds 
    from
        wards w1_0 
    where
        w1_0.id=?
Hibernate: 
    select
        p1_0.id,
        p1_0.address,
        p1_0.alternate_phone,
        p1_0.blood_group,
        p1_0.city,
        p1_0.date_of_birth,
        p1_0.district,
        p1_0.email,
        p1_0.emergency_contact_name,
        p1_0.emergency_contact_number,
        p1_0.gender,
        p1_0.marital_status,
        p1_0.name,
        p1_0.national_id,
        p1_0.patient_code,
        p1_0.phone,
        p1_0.postal_code,
        p1_0.relationship 
    from
        patients p1_0 
    where
        p1_0.id=?
Hibernate: 
    select
        d1_0.id,
        d1_0.available_days,
        d1_0.chamber,
        d1_0.consultation_fee,
        d1_0.designation,
        d1_0.doctor_department_id,
        d1_0.duty_hours,
        d1_0.experience_years,
        d1_0.follow_up_fee,
        d1_0.gender,
        d1_0.join_date,
        d1_0.photo,
        d1_0.registration_number,
        d1_0.signature,
        d1_0.specialization,
        d1_0.status,
        d1_0.study,
        d1_0.user_id 
    from
        doctors d1_0 
    where
        d1_0.id=?
Hibernate: 
    select
        bb1_0.id,
        bb1_0.active,
        bb1_0.admitted_patient_id,
        bb1_0.bed_id,
        bb1_0.emergency_patient_id,
        bb1_0.end_time,
        bb1_0.start_time 
    from
        bed_bookings bb1_0 
    where
        bb1_0.admitted_patient_id=? 
        and bb1_0.active=true
Hibernate: 
    select
        u1_0.id,
        u1_0.active,
        u1_0.email,
        u1_0.image,
        u1_0.name,
        u1_0.password,
        u1_0.phone,
        u1_0.role 
    from
        users u1_0 
    where
        u1_0.id=?
Hibernate: 
    select
        b1_0.id,
        b1_0.bed_number,
        b1_0.status,
        b1_0.ward_id 
    from
        beds b1_0 
    where
        b1_0.id=?
Hibernate: 
    select
        ss1_0.id,
        ss1_0.date,
        ss1_0.doctor_id,
        ss1_0.end_time,
        ss1_0.is_booked,
        ss1_0.start_time 
    from
        schedule_slots ss1_0 
    where
        ss1_0.id=?
Hibernate: 
    select
        w1_0.id,
        w1_0.base_price_per_day,
        w1_0.department_id,
        w1_0.name,
        w1_0.room_type,
        w1_0.total_beds 
    from
        wards w1_0 
    where
        w1_0.id=?
Hibernate: 
    select
        p1_0.id,
        p1_0.address,
        p1_0.alternate_phone,
        p1_0.blood_group,
        p1_0.city,
        p1_0.date_of_birth,
        p1_0.district,
        p1_0.email,
        p1_0.emergency_contact_name,
        p1_0.emergency_contact_number,
        p1_0.gender,
        p1_0.marital_status,
        p1_0.name,
        p1_0.national_id,
        p1_0.patient_code,
        p1_0.phone,
        p1_0.postal_code,
        p1_0.relationship 
    from
        patients p1_0 
    where
        p1_0.id=?
Hibernate: 
    select
        bb1_0.id,
        bb1_0.active,
        bb1_0.admitted_patient_id,
        bb1_0.bed_id,
        bb1_0.emergency_patient_id,
        bb1_0.end_time,
        bb1_0.start_time 
    from
        bed_bookings bb1_0 
    where
        bb1_0.admitted_patient_id=? 
        and bb1_0.active=true
Hibernate: 
    select
        ss1_0.id,
        ss1_0.date,
        ss1_0.doctor_id,
        ss1_0.end_time,
        ss1_0.is_booked,
        ss1_0.start_time 
    from
        schedule_slots ss1_0 
    where
        ss1_0.id=?
Hibernate: 
    select
        p1_0.id,
        p1_0.address,
        p1_0.alternate_phone,
        p1_0.blood_group,
        p1_0.city,
        p1_0.date_of_birth,
        p1_0.district,
        p1_0.email,
        p1_0.emergency_contact_name,
        p1_0.emergency_contact_number,
        p1_0.gender,
        p1_0.marital_status,
        p1_0.name,
        p1_0.national_id,
        p1_0.patient_code,
        p1_0.phone,
        p1_0.postal_code,
        p1_0.relationship 
    from
        patients p1_0 
    where
        p1_0.id=?
Hibernate: 
    select
        p1_0.id,
        p1_0.address,
        p1_0.alternate_phone,
        p1_0.blood_group,
        p1_0.city,
        p1_0.date_of_birth,
        p1_0.district,
        p1_0.email,
        p1_0.emergency_contact_name,
        p1_0.emergency_contact_number,
        p1_0.gender,
        p1_0.marital_status,
        p1_0.name,
        p1_0.national_id,
        p1_0.patient_code,
        p1_0.phone,
        p1_0.postal_code,
        p1_0.relationship 
    from
        patients p1_0 
    where
        p1_0.id=?
Hibernate: 
    select
        d1_0.id,
        d1_0.available_days,
        d1_0.chamber,
        d1_0.consultation_fee,
        d1_0.designation,
        d1_0.doctor_department_id,
        d1_0.duty_hours,
        d1_0.experience_years,
        d1_0.follow_up_fee,
        d1_0.gender,
        d1_0.join_date,
        d1_0.photo,
        d1_0.registration_number,
        d1_0.signature,
        d1_0.specialization,
        d1_0.status,
        d1_0.study,
        d1_0.user_id 
    from
        doctors d1_0 
    where
        d1_0.id=?
Hibernate: 
    select
        ss1_0.id,
        ss1_0.date,
        ss1_0.doctor_id,
        ss1_0.end_time,
        ss1_0.is_booked,
        ss1_0.start_time 
    from
        schedule_slots ss1_0 
    where
        ss1_0.id=?
Hibernate: 
    select
        u1_0.id,
        u1_0.active,
        u1_0.email,
        u1_0.image,
        u1_0.name,
        u1_0.password,
        u1_0.phone,
        u1_0.role 
    from
        users u1_0 
    where
        u1_0.id=?
Hibernate: 
    select
        p1_0.id,
        p1_0.address,
        p1_0.alternate_phone,
        p1_0.blood_group,
        p1_0.city,
        p1_0.date_of_birth,
        p1_0.district,
        p1_0.email,
        p1_0.emergency_contact_name,
        p1_0.emergency_contact_number,
        p1_0.gender,
        p1_0.marital_status,
        p1_0.name,
        p1_0.national_id,
        p1_0.patient_code,
        p1_0.phone,
        p1_0.postal_code,
        p1_0.relationship 
    from
        patients p1_0 
    where
        p1_0.id=?
Hibernate: 
    select
        b1_0.id,
        b1_0.bed_number,
        b1_0.status,
        b1_0.ward_id 
    from
        beds b1_0 
    where
        b1_0.id=?
Hibernate: 
    select
        ss1_0.id,
        ss1_0.date,
        ss1_0.doctor_id,
        ss1_0.end_time,
        ss1_0.is_booked,
        ss1_0.start_time 
    from
        schedule_slots ss1_0 
    where
        ss1_0.id=?
Hibernate: 
    select
        bb1_0.id,
        bb1_0.active,
        bb1_0.admitted_patient_id,
        bb1_0.bed_id,
        bb1_0.emergency_patient_id,
        bb1_0.end_time,
        bb1_0.start_time 
    from
        bed_bookings bb1_0 
    where
        bb1_0.admitted_patient_id=? 
        and bb1_0.active=true
Hibernate: 
    select
        p1_0.id,
        p1_0.address,
        p1_0.alternate_phone,
        p1_0.blood_group,
        p1_0.city,
        p1_0.date_of_birth,
        p1_0.district,
        p1_0.email,
        p1_0.emergency_contact_name,
        p1_0.emergency_contact_number,
        p1_0.gender,
        p1_0.marital_status,
        p1_0.name,
        p1_0.national_id,
        p1_0.patient_code,
        p1_0.phone,
        p1_0.postal_code,
        p1_0.relationship 
    from
        patients p1_0 
    where
        p1_0.id=?
Hibernate: 
    select
        p1_0.id,
        p1_0.address,
        p1_0.alternate_phone,
        p1_0.blood_group,
        p1_0.city,
        p1_0.date_of_birth,
        p1_0.district,
        p1_0.email,
        p1_0.emergency_contact_name,
        p1_0.emergency_contact_number,
        p1_0.gender,
        p1_0.marital_status,
        p1_0.name,
        p1_0.national_id,
        p1_0.patient_code,
        p1_0.phone,
        p1_0.postal_code,
        p1_0.relationship 
    from
        patients p1_0 
    where
        p1_0.id=?
Hibernate: 
    select
        ss1_0.id,
        ss1_0.date,
        ss1_0.doctor_id,
        ss1_0.end_time,
        ss1_0.is_booked,
        ss1_0.start_time 
    from
        schedule_slots ss1_0 
    where
        ss1_0.id=?
Hibernate: 
    select
        b1_0.id,
        b1_0.bed_number,
        b1_0.status,
        b1_0.ward_id 
    from
        beds b1_0 
    where
        b1_0.id=?
Hibernate: 
    select
        p1_0.id,
        p1_0.address,
        p1_0.alternate_phone,
        p1_0.blood_group,
        p1_0.city,
        p1_0.date_of_birth,
        p1_0.district,
        p1_0.email,
        p1_0.emergency_contact_name,
        p1_0.emergency_contact_number,
        p1_0.gender,
        p1_0.marital_status,
        p1_0.name,
        p1_0.national_id,
        p1_0.patient_code,
        p1_0.phone,
        p1_0.postal_code,
        p1_0.relationship 
    from
        patients p1_0 
    where
        p1_0.id=?
Hibernate: 
    select
        w1_0.id,
        w1_0.base_price_per_day,
        w1_0.department_id,
        w1_0.name,
        w1_0.room_type,
        w1_0.total_beds 
    from
        wards w1_0 
    where
        w1_0.id=?
Hibernate: 
    select
        ss1_0.id,
        ss1_0.date,
        ss1_0.doctor_id,
        ss1_0.end_time,
        ss1_0.is_booked,
        ss1_0.start_time 
    from
        schedule_slots ss1_0 
    where
        ss1_0.id=?
Hibernate: 
    select
        bb1_0.id,
        bb1_0.active,
        bb1_0.admitted_patient_id,
        bb1_0.bed_id,
        bb1_0.emergency_patient_id,
        bb1_0.end_time,
        bb1_0.start_time 
    from
        bed_bookings bb1_0 
    where
        bb1_0.admitted_patient_id=? 
        and bb1_0.active=true
Hibernate: 
    select
        p1_0.id,
        p1_0.address,
        p1_0.alternate_phone,
        p1_0.blood_group,
        p1_0.city,
        p1_0.date_of_birth,
        p1_0.district,
        p1_0.email,
        p1_0.emergency_contact_name,
        p1_0.emergency_contact_number,
        p1_0.gender,
        p1_0.marital_status,
        p1_0.name,
        p1_0.national_id,
        p1_0.patient_code,
        p1_0.phone,
        p1_0.postal_code,
        p1_0.relationship 
    from
        patients p1_0 
    where
        p1_0.id=?
Hibernate: 
    select
        b1_0.id,
        b1_0.bed_number,
        b1_0.status,
        b1_0.ward_id 
    from
        beds b1_0 
    where
        b1_0.id=?
Hibernate: 
    select
        ss1_0.id,
        ss1_0.date,
        ss1_0.doctor_id,
        ss1_0.end_time,
        ss1_0.is_booked,
        ss1_0.start_time 
    from
        schedule_slots ss1_0 
    where
        ss1_0.id=?
Hibernate: 
    select
        bb1_0.id,
        bb1_0.active,
        bb1_0.admitted_patient_id,
        bb1_0.bed_id,
        bb1_0.emergency_patient_id,
        bb1_0.end_time,
        bb1_0.start_time 
    from
        bed_bookings bb1_0 
    where
        bb1_0.admitted_patient_id=? 
        and bb1_0.active=true
Hibernate: 
    select
        p1_0.id,
        p1_0.address,
        p1_0.alternate_phone,
        p1_0.blood_group,
        p1_0.city,
        p1_0.date_of_birth,
        p1_0.district,
        p1_0.email,
        p1_0.emergency_contact_name,
        p1_0.emergency_contact_number,
        p1_0.gender,
        p1_0.marital_status,
        p1_0.name,
        p1_0.national_id,
        p1_0.patient_code,
        p1_0.phone,
        p1_0.postal_code,
        p1_0.relationship 
    from
        patients p1_0 
    where
        p1_0.id=?
Hibernate: 
    select
        b1_0.id,
        b1_0.bed_number,
        b1_0.status,
        b1_0.ward_id 
    from
        beds b1_0 
    where
        b1_0.id=?
Hibernate: 
    select
        w1_0.id,
        w1_0.base_price_per_day,
        w1_0.department_id,
        w1_0.name,
        w1_0.room_type,
        w1_0.total_beds 
    from
        wards w1_0 
    where
        w1_0.id=?
Hibernate: 
    select
        u1_0.id,
        u1_0.active,
        u1_0.email,
        u1_0.image,
        u1_0.name,
        u1_0.password,
        u1_0.phone,
        u1_0.role 
    from
        users u1_0 
    where
        u1_0.email=?
Hibernate: 
    select
        bb1_0.id,
        bb1_0.active,
        bb1_0.admitted_patient_id,
        bb1_0.bed_id,
        bb1_0.emergency_patient_id,
        bb1_0.end_time,
        bb1_0.start_time 
    from
        bed_bookings bb1_0 
    where
        bb1_0.admitted_patient_id=? 
        and bb1_0.active=true
Hibernate: 
    select
        p1_0.id,
        p1_0.address,
        p1_0.alternate_phone,
        p1_0.blood_group,
        p1_0.city,
        p1_0.date_of_birth,
        p1_0.district,
        p1_0.email,
        p1_0.emergency_contact_name,
        p1_0.emergency_contact_number,
        p1_0.gender,
        p1_0.marital_status,
        p1_0.name,
        p1_0.national_id,
        p1_0.patient_code,
        p1_0.phone,
        p1_0.postal_code,
        p1_0.relationship 
    from
        patients p1_0 
    where
        p1_0.id=?
Hibernate: 
    select
        a1_0.id,
        a1_0.appointment_date,
        a1_0.appointment_number,
        a1_0.appointment_time,
        a1_0.created_date,
        a1_0.doctor_id,
        a1_0.fee_charged,
        a1_0.mobile_number,
        a1_0.patient_id,
        a1_0.patient_name,
        a1_0.payment_method,
        a1_0.problem_description,
        a1_0.schedule_slot_id,
        a1_0.specialization,
        a1_0.status,
        a1_0.transaction_id 
    from
        appointments a1_0
Hibernate: 
    select
        b1_0.id,
        b1_0.bed_number,
        b1_0.status,
        b1_0.ward_id 
    from
        beds b1_0 
    where
        b1_0.id=?
Hibernate: 
    select
        p1_0.id,
        p1_0.address,
        p1_0.alternate_phone,
        p1_0.blood_group,
        p1_0.city,
        p1_0.date_of_birth,
        p1_0.district,
        p1_0.email,
        p1_0.emergency_contact_name,
        p1_0.emergency_contact_number,
        p1_0.gender,
        p1_0.marital_status,
        p1_0.name,
        p1_0.national_id,
        p1_0.patient_code,
        p1_0.phone,
        p1_0.postal_code,
        p1_0.relationship 
    from
        patients p1_0 
    where
        p1_0.id=?
Hibernate: 
    select
        d1_0.id,
        d1_0.available_days,
        d1_0.chamber,
        d1_0.consultation_fee,
        d1_0.designation,
        d1_0.doctor_department_id,
        d1_0.duty_hours,
        d1_0.experience_years,
        d1_0.follow_up_fee,
        d1_0.gender,
        d1_0.join_date,
        d1_0.photo,
        d1_0.registration_number,
        d1_0.signature,
        d1_0.specialization,
        d1_0.status,
        d1_0.study,
        d1_0.user_id 
    from
        doctors d1_0 
    where
        d1_0.id=?
Hibernate: 
    select
        u1_0.id,
        u1_0.active,
        u1_0.email,
        u1_0.image,
        u1_0.name,
        u1_0.password,
        u1_0.phone,
        u1_0.role 
    from
        users u1_0 
    where
        u1_0.email=?
Hibernate: 
    select
        u1_0.id,
        u1_0.active,
        u1_0.email,
        u1_0.image,
        u1_0.name,
        u1_0.password,
        u1_0.phone,
        u1_0.role 
    from
        users u1_0 
    where
        u1_0.id=?
Hibernate: 
    select
        ss1_0.id,
        ss1_0.date,
        ss1_0.doctor_id,
        ss1_0.end_time,
        ss1_0.is_booked,
        ss1_0.start_time 
    from
        schedule_slots ss1_0 
    where
        ss1_0.id=?
Hibernate: 
    select
        ap1_0.id,
        ap1_0.admission_date,
        ap1_0.admission_status,
        ap1_0.discharge_date,
        ap1_0.initial_diagnosis,
        ap1_0.patient_id,
        ap1_0.doctor_id 
    from
        admitted_patients ap1_0
Hibernate: 
    select
        p1_0.id,
        p1_0.address,
        p1_0.alternate_phone,
        p1_0.blood_group,
        p1_0.city,
        p1_0.date_of_birth,
        p1_0.district,
        p1_0.email,
        p1_0.emergency_contact_name,
        p1_0.emergency_contact_number,
        p1_0.gender,
        p1_0.marital_status,
        p1_0.name,
        p1_0.national_id,
        p1_0.patient_code,
        p1_0.phone,
        p1_0.postal_code,
        p1_0.relationship 
    from
        patients p1_0 
    where
        p1_0.id=?
Hibernate: 
    select
        d1_0.id,
        d1_0.available_days,
        d1_0.chamber,
        d1_0.consultation_fee,
        d1_0.designation,
        d1_0.doctor_department_id,
        d1_0.duty_hours,
        d1_0.experience_years,
        d1_0.follow_up_fee,
        d1_0.gender,
        d1_0.join_date,
        d1_0.photo,
        d1_0.registration_number,
        d1_0.signature,
        d1_0.specialization,
        d1_0.status,
        d1_0.study,
        d1_0.user_id 
    from
        doctors d1_0 
    where
        d1_0.id=?
Hibernate: 
    select
        bb1_0.id,
        bb1_0.active,
        bb1_0.admitted_patient_id,
        bb1_0.bed_id,
        bb1_0.emergency_patient_id,
        bb1_0.end_time,
        bb1_0.start_time 
    from
        bed_bookings bb1_0 
    where
        bb1_0.admitted_patient_id=? 
        and bb1_0.active=true
Hibernate: 
    select
        u1_0.id,
        u1_0.active,
        u1_0.email,
        u1_0.image,
        u1_0.name,
        u1_0.password,
        u1_0.phone,
        u1_0.role 
    from
        users u1_0 
    where
        u1_0.id=?
Hibernate: 
    select
        ss1_0.id,
        ss1_0.date,
        ss1_0.doctor_id,
        ss1_0.end_time,
        ss1_0.is_booked,
        ss1_0.start_time 
    from
        schedule_slots ss1_0 
    where
        ss1_0.id=?
Hibernate: 
    select
        p1_0.id,
        p1_0.address,
        p1_0.alternate_phone,
        p1_0.blood_group,
        p1_0.city,
        p1_0.date_of_birth,
        p1_0.district,
        p1_0.email,
        p1_0.emergency_contact_name,
        p1_0.emergency_contact_number,
        p1_0.gender,
        p1_0.marital_status,
        p1_0.name,
        p1_0.national_id,
        p1_0.patient_code,
        p1_0.phone,
        p1_0.postal_code,
        p1_0.relationship 
    from
        patients p1_0 
    where
        p1_0.id=?
Hibernate: 
    select
        p1_0.id,
        p1_0.address,
        p1_0.alternate_phone,
        p1_0.blood_group,
        p1_0.city,
        p1_0.date_of_birth,
        p1_0.district,
        p1_0.email,
        p1_0.emergency_contact_name,
        p1_0.emergency_contact_number,
        p1_0.gender,
        p1_0.marital_status,
        p1_0.name,
        p1_0.national_id,
        p1_0.patient_code,
        p1_0.phone,
        p1_0.postal_code,
        p1_0.relationship 
    from
        patients p1_0 
    where
        p1_0.id=?
Hibernate: 
    select
        d1_0.id,
        d1_0.available_days,
        d1_0.chamber,
        d1_0.consultation_fee,
        d1_0.designation,
        d1_0.doctor_department_id,
        d1_0.duty_hours,
        d1_0.experience_years,
        d1_0.follow_up_fee,
        d1_0.gender,
        d1_0.join_date,
        d1_0.photo,
        d1_0.registration_number,
        d1_0.signature,
        d1_0.specialization,
        d1_0.status,
        d1_0.study,
        d1_0.user_id 
    from
        doctors d1_0 
    where
        d1_0.id=?
Hibernate: 
    select
        d1_0.id,
        d1_0.available_days,
        d1_0.chamber,
        d1_0.consultation_fee,
        d1_0.designation,
        d1_0.doctor_department_id,
        d1_0.duty_hours,
        d1_0.experience_years,
        d1_0.follow_up_fee,
        d1_0.gender,
        d1_0.join_date,
        d1_0.photo,
        d1_0.registration_number,
        d1_0.signature,
        d1_0.specialization,
        d1_0.status,
        d1_0.study,
        d1_0.user_id 
    from
        doctors d1_0 
    where
        d1_0.id=?
Hibernate: 
    select
        u1_0.id,
        u1_0.active,
        u1_0.email,
        u1_0.image,
        u1_0.name,
        u1_0.password,
        u1_0.phone,
        u1_0.role 
    from
        users u1_0 
    where
        u1_0.id=?
Hibernate: 
    select
        u1_0.id,
        u1_0.active,
        u1_0.email,
        u1_0.image,
        u1_0.name,
        u1_0.password,
        u1_0.phone,
        u1_0.role 
    from
        users u1_0 
    where
        u1_0.id=?
Hibernate: 
    select
        bb1_0.id,
        bb1_0.active,
        bb1_0.admitted_patient_id,
        bb1_0.bed_id,
        bb1_0.emergency_patient_id,
        bb1_0.end_time,
        bb1_0.start_time 
    from
        bed_bookings bb1_0 
    where
        bb1_0.admitted_patient_id=? 
        and bb1_0.active=true
Hibernate: 
    select
        ss1_0.id,
        ss1_0.date,
        ss1_0.doctor_id,
        ss1_0.end_time,
        ss1_0.is_booked,
        ss1_0.start_time 
    from
        schedule_slots ss1_0 
    where
        ss1_0.id=?
Hibernate: 
    select
        p1_0.id,
        p1_0.address,
        p1_0.alternate_phone,
        p1_0.blood_group,
        p1_0.city,
        p1_0.date_of_birth,
        p1_0.district,
        p1_0.email,
        p1_0.emergency_contact_name,
        p1_0.emergency_contact_number,
        p1_0.gender,
        p1_0.marital_status,
        p1_0.name,
        p1_0.national_id,
        p1_0.patient_code,
        p1_0.phone,
        p1_0.postal_code,
        p1_0.relationship 
    from
        patients p1_0 
    where
        p1_0.id=?
Hibernate: 
    select
        b1_0.id,
        b1_0.bed_number,
        b1_0.status,
        b1_0.ward_id 
    from
        beds b1_0 
    where
        b1_0.id=?
Hibernate: 
    select
        ss1_0.id,
        ss1_0.date,
        ss1_0.doctor_id,
        ss1_0.end_time,
        ss1_0.is_booked,
        ss1_0.start_time 
    from
        schedule_slots ss1_0 
    where
        ss1_0.id=?
Hibernate: 
    select
        w1_0.id,
        w1_0.base_price_per_day,
        w1_0.department_id,
        w1_0.name,
        w1_0.room_type,
        w1_0.total_beds 
    from
        wards w1_0 
    where
        w1_0.id=?
Hibernate: 
    select
        p1_0.id,
        p1_0.address,
        p1_0.alternate_phone,
        p1_0.blood_group,
        p1_0.city,
        p1_0.date_of_birth,
        p1_0.district,
        p1_0.email,
        p1_0.emergency_contact_name,
        p1_0.emergency_contact_number,
        p1_0.gender,
        p1_0.marital_status,
        p1_0.name,
        p1_0.national_id,
        p1_0.patient_code,
        p1_0.phone,
        p1_0.postal_code,
        p1_0.relationship 
    from
        patients p1_0 
    where
        p1_0.id=?
Hibernate: 
    select
        bb1_0.id,
        bb1_0.active,
        bb1_0.admitted_patient_id,
        bb1_0.bed_id,
        bb1_0.emergency_patient_id,
        bb1_0.end_time,
        bb1_0.start_time 
    from
        bed_bookings bb1_0 
    where
        bb1_0.admitted_patient_id=? 
        and bb1_0.active=true
Hibernate: 
    select
        ss1_0.id,
        ss1_0.date,
        ss1_0.doctor_id,
        ss1_0.end_time,
        ss1_0.is_booked,
        ss1_0.start_time 
    from
        schedule_slots ss1_0 
    where
        ss1_0.id=?
Hibernate: 
    select
        b1_0.id,
        b1_0.bed_number,
        b1_0.status,
        b1_0.ward_id 
    from
        beds b1_0 
    where
        b1_0.id=?
Hibernate: 
    select
        p1_0.id,
        p1_0.address,
        p1_0.alternate_phone,
        p1_0.blood_group,
        p1_0.city,
        p1_0.date_of_birth,
        p1_0.district,
        p1_0.email,
        p1_0.emergency_contact_name,
        p1_0.emergency_contact_number,
        p1_0.gender,
        p1_0.marital_status,
        p1_0.name,
        p1_0.national_id,
        p1_0.patient_code,
        p1_0.phone,
        p1_0.postal_code,
        p1_0.relationship 
    from
        patients p1_0 
    where
        p1_0.id=?
Hibernate: 
    select
        w1_0.id,
        w1_0.base_price_per_day,
        w1_0.department_id,
        w1_0.name,
        w1_0.room_type,
        w1_0.total_beds 
    from
        wards w1_0 
    where
        w1_0.id=?
Hibernate: 
    select
        ss1_0.id,
        ss1_0.date,
        ss1_0.doctor_id,
        ss1_0.end_time,
        ss1_0.is_booked,
        ss1_0.start_time 
    from
        schedule_slots ss1_0 
    where
        ss1_0.id=?
Hibernate: 
    select
        p1_0.id,
        p1_0.address,
        p1_0.alternate_phone,
        p1_0.blood_group,
        p1_0.city,
        p1_0.date_of_birth,
        p1_0.district,
        p1_0.email,
        p1_0.emergency_contact_name,
        p1_0.emergency_contact_number,
        p1_0.gender,
        p1_0.marital_status,
        p1_0.name,
        p1_0.national_id,
        p1_0.patient_code,
        p1_0.phone,
        p1_0.postal_code,
        p1_0.relationship 
    from
        patients p1_0 
    where
        p1_0.id=?
Hibernate: 
    select
        bb1_0.id,
        bb1_0.active,
        bb1_0.admitted_patient_id,
        bb1_0.bed_id,
        bb1_0.emergency_patient_id,
        bb1_0.end_time,
        bb1_0.start_time 
    from
        bed_bookings bb1_0 
    where
        bb1_0.admitted_patient_id=? 
        and bb1_0.active=true
Hibernate: 
    select
        ss1_0.id,
        ss1_0.date,
        ss1_0.doctor_id,
        ss1_0.end_time,
        ss1_0.is_booked,
        ss1_0.start_time 
    from
        schedule_slots ss1_0 
    where
        ss1_0.id=?
Hibernate: 
    select
        p1_0.id,
        p1_0.address,
        p1_0.alternate_phone,
        p1_0.blood_group,
        p1_0.city,
        p1_0.date_of_birth,
        p1_0.district,
        p1_0.email,
        p1_0.emergency_contact_name,
        p1_0.emergency_contact_number,
        p1_0.gender,
        p1_0.marital_status,
        p1_0.name,
        p1_0.national_id,
        p1_0.patient_code,
        p1_0.phone,
        p1_0.postal_code,
        p1_0.relationship 
    from
        patients p1_0 
    where
        p1_0.id=?
Hibernate: 
    select
        p1_0.id,
        p1_0.address,
        p1_0.alternate_phone,
        p1_0.blood_group,
        p1_0.city,
        p1_0.date_of_birth,
        p1_0.district,
        p1_0.email,
        p1_0.emergency_contact_name,
        p1_0.emergency_contact_number,
        p1_0.gender,
        p1_0.marital_status,
        p1_0.name,
        p1_0.national_id,
        p1_0.patient_code,
        p1_0.phone,
        p1_0.postal_code,
        p1_0.relationship 
    from
        patients p1_0 
    where
        p1_0.id=?
Hibernate: 
    select
        d1_0.id,
        d1_0.available_days,
        d1_0.chamber,
        d1_0.consultation_fee,
        d1_0.designation,
        d1_0.doctor_department_id,
        d1_0.duty_hours,
        d1_0.experience_years,
        d1_0.follow_up_fee,
        d1_0.gender,
        d1_0.join_date,
        d1_0.photo,
        d1_0.registration_number,
        d1_0.signature,
        d1_0.specialization,
        d1_0.status,
        d1_0.study,
        d1_0.user_id 
    from
        doctors d1_0 
    where
        d1_0.id=?
Hibernate: 
    select
        ss1_0.id,
        ss1_0.date,
        ss1_0.doctor_id,
        ss1_0.end_time,
        ss1_0.is_booked,
        ss1_0.start_time 
    from
        schedule_slots ss1_0 
    where
        ss1_0.id=?
Hibernate: 
    select
        u1_0.id,
        u1_0.active,
        u1_0.email,
        u1_0.image,
        u1_0.name,
        u1_0.password,
        u1_0.phone,
        u1_0.role 
    from
        users u1_0 
    where
        u1_0.id=?
Hibernate: 
    select
        p1_0.id,
        p1_0.address,
        p1_0.alternate_phone,
        p1_0.blood_group,
        p1_0.city,
        p1_0.date_of_birth,
        p1_0.district,
        p1_0.email,
        p1_0.emergency_contact_name,
        p1_0.emergency_contact_number,
        p1_0.gender,
        p1_0.marital_status,
        p1_0.name,
        p1_0.national_id,
        p1_0.patient_code,
        p1_0.phone,
        p1_0.postal_code,
        p1_0.relationship 
    from
        patients p1_0 
    where
        p1_0.id=?
Hibernate: 
    select
        b1_0.id,
        b1_0.bed_number,
        b1_0.status,
        b1_0.ward_id 
    from
        beds b1_0 
    where
        b1_0.id=?
Hibernate: 
    select
        ss1_0.id,
        ss1_0.date,
        ss1_0.doctor_id,
        ss1_0.end_time,
        ss1_0.is_booked,
        ss1_0.start_time 
    from
        schedule_slots ss1_0 
    where
        ss1_0.id=?
Hibernate: 
    select
        bb1_0.id,
        bb1_0.active,
        bb1_0.admitted_patient_id,
        bb1_0.bed_id,
        bb1_0.emergency_patient_id,
        bb1_0.end_time,
        bb1_0.start_time 
    from
        bed_bookings bb1_0 
    where
        bb1_0.admitted_patient_id=? 
        and bb1_0.active=true
Hibernate: 
    select
        p1_0.id,
        p1_0.address,
        p1_0.alternate_phone,
        p1_0.blood_group,
        p1_0.city,
        p1_0.date_of_birth,
        p1_0.district,
        p1_0.email,
        p1_0.emergency_contact_name,
        p1_0.emergency_contact_number,
        p1_0.gender,
        p1_0.marital_status,
        p1_0.name,
        p1_0.national_id,
        p1_0.patient_code,
        p1_0.phone,
        p1_0.postal_code,
        p1_0.relationship 
    from
        patients p1_0 
    where
        p1_0.id=?
Hibernate: 
    select
        b1_0.id,
        b1_0.bed_number,
        b1_0.status,
        b1_0.ward_id 
    from
        beds b1_0 
    where
        b1_0.id=?
Hibernate: 
    select
        w1_0.id,
        w1_0.base_price_per_day,
        w1_0.department_id,
        w1_0.name,
        w1_0.room_type,
        w1_0.total_beds 
    from
        wards w1_0 
    where
        w1_0.id=?
Hibernate: 
    select
        bb1_0.id,
        bb1_0.active,
        bb1_0.admitted_patient_id,
        bb1_0.bed_id,
        bb1_0.emergency_patient_id,
        bb1_0.end_time,
        bb1_0.start_time 
    from
        bed_bookings bb1_0 
    where
        bb1_0.admitted_patient_id=? 
        and bb1_0.active=true
Hibernate: 
    select
        b1_0.id,
        b1_0.bed_number,
        b1_0.status,
        b1_0.ward_id 
    from
        beds b1_0 
    where
        b1_0.id=?
Hibernate: 
    select
        bb1_0.id,
        bb1_0.active,
        bb1_0.admitted_patient_id,
        bb1_0.bed_id,
        bb1_0.emergency_patient_id,
        bb1_0.end_time,
        bb1_0.start_time 
    from
        bed_bookings bb1_0 
    where
        bb1_0.admitted_patient_id=? 
        and bb1_0.active=true
Hibernate: 
    select
        p1_0.id,
        p1_0.address,
        p1_0.alternate_phone,
        p1_0.blood_group,
        p1_0.city,
        p1_0.date_of_birth,
        p1_0.district,
        p1_0.email,
        p1_0.emergency_contact_name,
        p1_0.emergency_contact_number,
        p1_0.gender,
        p1_0.marital_status,
        p1_0.name,
        p1_0.national_id,
        p1_0.patient_code,
        p1_0.phone,
        p1_0.postal_code,
        p1_0.relationship 
    from
        patients p1_0 
    where
        p1_0.id=?
Hibernate: 
    select
        b1_0.id,
        b1_0.bed_number,
        b1_0.status,
        b1_0.ward_id 
    from
        beds b1_0 
    where
        b1_0.id=?
Hibernate: 
    select
        w1_0.id,
        w1_0.base_price_per_day,
        w1_0.department_id,
        w1_0.name,
        w1_0.room_type,
        w1_0.total_beds 
    from
        wards w1_0 
    where
        w1_0.id=?
Hibernate: 
    select
        bb1_0.id,
        bb1_0.active,
        bb1_0.admitted_patient_id,
        bb1_0.bed_id,
        bb1_0.emergency_patient_id,
        bb1_0.end_time,
        bb1_0.start_time 
    from
        bed_bookings bb1_0 
    where
        bb1_0.admitted_patient_id=? 
        and bb1_0.active=true
Hibernate: 
    select
        p1_0.id,
        p1_0.address,
        p1_0.alternate_phone,
        p1_0.blood_group,
        p1_0.city,
        p1_0.date_of_birth,
        p1_0.district,
        p1_0.email,
        p1_0.emergency_contact_name,
        p1_0.emergency_contact_number,
        p1_0.gender,
        p1_0.marital_status,
        p1_0.name,
        p1_0.national_id,
        p1_0.patient_code,
        p1_0.phone,
        p1_0.postal_code,
        p1_0.relationship 
    from
        patients p1_0 
    where
        p1_0.id=?
Hibernate: 
    select
        b1_0.id,
        b1_0.bed_number,
        b1_0.status,
        b1_0.ward_id 
    from
        beds b1_0 
    where
        b1_0.id=?
Hibernate: 
    select
        u1_0.id,
        u1_0.active,
        u1_0.email,
        u1_0.image,
        u1_0.name,
        u1_0.password,
        u1_0.phone,
        u1_0.role 
    from
        users u1_0 
    where
        u1_0.email=?
Hibernate: 
    select
        d1_0.id,
        d1_0.available_days,
        d1_0.chamber,
        d1_0.consultation_fee,
        d1_0.designation,
        d1_0.doctor_department_id,
        d1_0.duty_hours,
        d1_0.experience_years,
        d1_0.follow_up_fee,
        d1_0.gender,
        d1_0.join_date,
        d1_0.photo,
        d1_0.registration_number,
        d1_0.signature,
        d1_0.specialization,
        d1_0.status,
        d1_0.study,
        d1_0.user_id 
    from
        doctors d1_0 
    where
        d1_0.user_id=?
Hibernate: 
    select
        u1_0.id,
        u1_0.active,
        u1_0.email,
        u1_0.image,
        u1_0.name,
        u1_0.password,
        u1_0.phone,
        u1_0.role 
    from
        users u1_0 
    where
        u1_0.email=?
Hibernate: 
    select
        p1_0.id,
        p1_0.appointment_id,
        p1_0.blood_pressure,
        p1_0.body_temperature,
        p1_0.chief_complaints,
        p1_0.created_date,
        p1_0.diagnosis,
        p1_0.dispensed,
        p1_0.doctor_id,
        p1_0.next_follow_up_date,
        p1_0.notes,
        p1_0.patient_id,
        p1_0.prescription_number,
        p1_0.pulse_rate,
        p1_0.symptoms,
        p1_0.weight 
    from
        prescriptions p1_0
Hibernate: 
    select
        d1_0.id,
        d1_0.available_days,
        d1_0.chamber,
        d1_0.consultation_fee,
        d1_0.designation,
        d1_0.doctor_department_id,
        d1_0.duty_hours,
        d1_0.experience_years,
        d1_0.follow_up_fee,
        d1_0.gender,
        d1_0.join_date,
        d1_0.photo,
        d1_0.registration_number,
        d1_0.signature,
        d1_0.specialization,
        d1_0.status,
        d1_0.study,
        d1_0.user_id 
    from
        doctors d1_0 
    where
        d1_0.id=?
Hibernate: 
    select
        dd1_0.id,
        dd1_0.department_name,
        dd1_0.description 
    from
        doctor_departments dd1_0 
    where
        dd1_0.id=?
Hibernate: 
    select
        u1_0.id,
        u1_0.active,
        u1_0.email,
        u1_0.image,
        u1_0.name,
        u1_0.password,
        u1_0.phone,
        u1_0.role 
    from
        users u1_0 
    where
        u1_0.id=?
Hibernate: 
    select
        p1_0.id,
        p1_0.address,
        p1_0.alternate_phone,
        p1_0.blood_group,
        p1_0.city,
        p1_0.date_of_birth,
        p1_0.district,
        p1_0.email,
        p1_0.emergency_contact_name,
        p1_0.emergency_contact_number,
        p1_0.gender,
        p1_0.marital_status,
        p1_0.name,
        p1_0.national_id,
        p1_0.patient_code,
        p1_0.phone,
        p1_0.postal_code,
        p1_0.relationship 
    from
        patients p1_0 
    where
        p1_0.id=?
Hibernate: 
    select
        pi1_0.prescription_id,
        pi1_0.id,
        pi1_0.dosage,
        pi1_0.duration,
        pi1_0.instruction,
        pi1_0.medicine_id,
        pi1_0.medicine_type 
    from
        prescription_items pi1_0 
    where
        pi1_0.prescription_id=?
Hibernate: 
    select
        m1_0.id,
        m1_0.dosage,
        g1_0.id,
        g1_0.generic_name,
        m1_0.medicine_name 
    from
        medicines m1_0 
    left join
        generics g1_0 
            on g1_0.id=m1_0.generic_id 
    where
        m1_0.id=?
Hibernate: 
    select
        m1_0.id,
        m1_0.dosage,
        g1_0.id,
        g1_0.generic_name,
        m1_0.medicine_name 
    from
        medicines m1_0 
    left join
        generics g1_0 
            on g1_0.id=m1_0.generic_id 
    where
        m1_0.id=?
Hibernate: 
    select
        m1_0.id,
        m1_0.dosage,
        g1_0.id,
        g1_0.generic_name,
        m1_0.medicine_name 
    from
        medicines m1_0 
    left join
        generics g1_0 
            on g1_0.id=m1_0.generic_id 
    where
        m1_0.id=?
Hibernate: 
    select
        t1_0.id,
        t1_0.lab_report_id,
        t1_0.last_updated,
        t1_0.order_status,
        t1_0.ordered_date,
        t1_0.patient_id,
        t1_0.doctor_id,
        t1_0.prescription_id,
        t1_0.report_file_path,
        t1_0.result_entered_by,
        t1_0.result_entered_date,
        t1_0.result_notes,
        t1_0.result_value,
        t1_0.sample_collected_date,
        t1_0.sample_collector_name,
        t1_0.sample_received_by,
        t1_0.sample_received_date,
        t1_0.sample_type,
        t1_0.test_master_id,
        t1_0.testing_start_date,
        t1_0.verification_notes,
        t1_0.verified_by,
        t1_0.verified_date 
    from
        tests t1_0 
    where
        t1_0.prescription_id=?
Hibernate: 
    select
        tm1_0.id,
        tm1_0.active,
        tm1_0.normal_range,
        tm1_0.standard_price,
        tm1_0.test_code,
        tm1_0.test_name 
    from
        test_masters tm1_0 
    where
        tm1_0.id=?
Hibernate: 
    select
        tm1_0.id,
        tm1_0.active,
        tm1_0.normal_range,
        tm1_0.standard_price,
        tm1_0.test_code,
        tm1_0.test_name 
    from
        test_masters tm1_0 
    where
        tm1_0.id=?
Hibernate: 
    select
        d1_0.id,
        d1_0.available_days,
        d1_0.chamber,
        d1_0.consultation_fee,
        d1_0.designation,
        d1_0.doctor_department_id,
        d1_0.duty_hours,
        d1_0.experience_years,
        d1_0.follow_up_fee,
        d1_0.gender,
        d1_0.join_date,
        d1_0.photo,
        d1_0.registration_number,
        d1_0.signature,
        d1_0.specialization,
        d1_0.status,
        d1_0.study,
        d1_0.user_id 
    from
        doctors d1_0 
    where
        d1_0.id=?
Hibernate: 
    select
        dd1_0.id,
        dd1_0.department_name,
        dd1_0.description 
    from
        doctor_departments dd1_0 
    where
        dd1_0.id=?
Hibernate: 
    select
        u1_0.id,
        u1_0.active,
        u1_0.email,
        u1_0.image,
        u1_0.name,
        u1_0.password,
        u1_0.phone,
        u1_0.role 
    from
        users u1_0 
    where
        u1_0.id=?
Hibernate: 
    select
        p1_0.id,
        p1_0.address,
        p1_0.alternate_phone,
        p1_0.blood_group,
        p1_0.city,
        p1_0.date_of_birth,
        p1_0.district,
        p1_0.email,
        p1_0.emergency_contact_name,
        p1_0.emergency_contact_number,
        p1_0.gender,
        p1_0.marital_status,
        p1_0.name,
        p1_0.national_id,
        p1_0.patient_code,
        p1_0.phone,
        p1_0.postal_code,
        p1_0.relationship 
    from
        patients p1_0 
    where
        p1_0.id=?
Hibernate: 
    select
        pi1_0.prescription_id,
        pi1_0.id,
        pi1_0.dosage,
        pi1_0.duration,
        pi1_0.instruction,
        pi1_0.medicine_id,
        pi1_0.medicine_type 
    from
        prescription_items pi1_0 
    where
        pi1_0.prescription_id=?
Hibernate: 
    select
        t1_0.id,
        t1_0.lab_report_id,
        t1_0.last_updated,
        t1_0.order_status,
        t1_0.ordered_date,
        t1_0.patient_id,
        t1_0.doctor_id,
        t1_0.prescription_id,
        t1_0.report_file_path,
        t1_0.result_entered_by,
        t1_0.result_entered_date,
        t1_0.result_notes,
        t1_0.result_value,
        t1_0.sample_collected_date,
        t1_0.sample_collector_name,
        t1_0.sample_received_by,
        t1_0.sample_received_date,
        t1_0.sample_type,
        t1_0.test_master_id,
        t1_0.testing_start_date,
        t1_0.verification_notes,
        t1_0.verified_by,
        t1_0.verified_date 
    from
        tests t1_0 
    where
        t1_0.prescription_id=?
Hibernate: 
    select
        d1_0.id,
        d1_0.available_days,
        d1_0.chamber,
        d1_0.consultation_fee,
        d1_0.designation,
        d1_0.doctor_department_id,
        d1_0.duty_hours,
        d1_0.experience_years,
        d1_0.follow_up_fee,
        d1_0.gender,
        d1_0.join_date,
        d1_0.photo,
        d1_0.registration_number,
        d1_0.signature,
        d1_0.specialization,
        d1_0.status,
        d1_0.study,
        d1_0.user_id 
    from
        doctors d1_0 
    where
        d1_0.id=?
Hibernate: 
    select
        dd1_0.id,
        dd1_0.department_name,
        dd1_0.description 
    from
        doctor_departments dd1_0 
    where
        dd1_0.id=?
Hibernate: 
    select
        u1_0.id,
        u1_0.active,
        u1_0.email,
        u1_0.image,
        u1_0.name,
        u1_0.password,
        u1_0.phone,
        u1_0.role 
    from
        users u1_0 
    where
        u1_0.id=?
Hibernate: 
    select
        p1_0.id,
        p1_0.address,
        p1_0.alternate_phone,
        p1_0.blood_group,
        p1_0.city,
        p1_0.date_of_birth,
        p1_0.district,
        p1_0.email,
        p1_0.emergency_contact_name,
        p1_0.emergency_contact_number,
        p1_0.gender,
        p1_0.marital_status,
        p1_0.name,
        p1_0.national_id,
        p1_0.patient_code,
        p1_0.phone,
        p1_0.postal_code,
        p1_0.relationship 
    from
        patients p1_0 
    where
        p1_0.id=?
Hibernate: 
    select
        pi1_0.prescription_id,
        pi1_0.id,
        pi1_0.dosage,
        pi1_0.duration,
        pi1_0.instruction,
        pi1_0.medicine_id,
        pi1_0.medicine_type 
    from
        prescription_items pi1_0 
    where
        pi1_0.prescription_id=?
Hibernate: 
    select
        m1_0.id,
        m1_0.dosage,
        g1_0.id,
        g1_0.generic_name,
        m1_0.medicine_name 
    from
        medicines m1_0 
    left join
        generics g1_0 
            on g1_0.id=m1_0.generic_id 
    where
        m1_0.id=?
Hibernate: 
    select
        m1_0.id,
        m1_0.dosage,
        g1_0.id,
        g1_0.generic_name,
        m1_0.medicine_name 
    from
        medicines m1_0 
    left join
        generics g1_0 
            on g1_0.id=m1_0.generic_id 
    where
        m1_0.id=?
Hibernate: 
    select
        t1_0.id,
        t1_0.lab_report_id,
        t1_0.last_updated,
        t1_0.order_status,
        t1_0.ordered_date,
        t1_0.patient_id,
        t1_0.doctor_id,
        t1_0.prescription_id,
        t1_0.report_file_path,
        t1_0.result_entered_by,
        t1_0.result_entered_date,
        t1_0.result_notes,
        t1_0.result_value,
        t1_0.sample_collected_date,
        t1_0.sample_collector_name,
        t1_0.sample_received_by,
        t1_0.sample_received_date,
        t1_0.sample_type,
        t1_0.test_master_id,
        t1_0.testing_start_date,
        t1_0.verification_notes,
        t1_0.verified_by,
        t1_0.verified_date 
    from
        tests t1_0 
    where
        t1_0.prescription_id=?
Hibernate: 
    select
        tm1_0.id,
        tm1_0.active,
        tm1_0.normal_range,
        tm1_0.standard_price,
        tm1_0.test_code,
        tm1_0.test_name 
    from
        test_masters tm1_0 
    where
        tm1_0.id=?
Hibernate: 
    select
        tm1_0.id,
        tm1_0.active,
        tm1_0.normal_range,
        tm1_0.standard_price,
        tm1_0.test_code,
        tm1_0.test_name 
    from
        test_masters tm1_0 
    where
        tm1_0.id=?
Hibernate: 
    select
        p1_0.id,
        p1_0.address,
        p1_0.alternate_phone,
        p1_0.blood_group,
        p1_0.city,
        p1_0.date_of_birth,
        p1_0.district,
        p1_0.email,
        p1_0.emergency_contact_name,
        p1_0.emergency_contact_number,
        p1_0.gender,
        p1_0.marital_status,
        p1_0.name,
        p1_0.national_id,
        p1_0.patient_code,
        p1_0.phone,
        p1_0.postal_code,
        p1_0.relationship 
    from
        patients p1_0 
    where
        p1_0.id=?
Hibernate: 
    select
        pi1_0.prescription_id,
        pi1_0.id,
        pi1_0.dosage,
        pi1_0.duration,
        pi1_0.instruction,
        pi1_0.medicine_id,
        pi1_0.medicine_type 
    from
        prescription_items pi1_0 
    where
        pi1_0.prescription_id=?
Hibernate: 
    select
        t1_0.id,
        t1_0.lab_report_id,
        t1_0.last_updated,
        t1_0.order_status,
        t1_0.ordered_date,
        t1_0.patient_id,
        t1_0.doctor_id,
        t1_0.prescription_id,
        t1_0.report_file_path,
        t1_0.result_entered_by,
        t1_0.result_entered_date,
        t1_0.result_notes,
        t1_0.result_value,
        t1_0.sample_collected_date,
        t1_0.sample_collector_name,
        t1_0.sample_received_by,
        t1_0.sample_received_date,
        t1_0.sample_type,
        t1_0.test_master_id,
        t1_0.testing_start_date,
        t1_0.verification_notes,
        t1_0.verified_by,
        t1_0.verified_date 
    from
        tests t1_0 
    where
        t1_0.prescription_id=?
Hibernate: 
    select
        tm1_0.id,
        tm1_0.active,
        tm1_0.normal_range,
        tm1_0.standard_price,
        tm1_0.test_code,
        tm1_0.test_name 
    from
        test_masters tm1_0 
    where
        tm1_0.id=?
Hibernate: 
    select
        p1_0.id,
        p1_0.address,
        p1_0.alternate_phone,
        p1_0.blood_group,
        p1_0.city,
        p1_0.date_of_birth,
        p1_0.district,
        p1_0.email,
        p1_0.emergency_contact_name,
        p1_0.emergency_contact_number,
        p1_0.gender,
        p1_0.marital_status,
        p1_0.name,
        p1_0.national_id,
        p1_0.patient_code,
        p1_0.phone,
        p1_0.postal_code,
        p1_0.relationship 
    from
        patients p1_0 
    where
        p1_0.id=?
Hibernate: 
    select
        pi1_0.prescription_id,
        pi1_0.id,
        pi1_0.dosage,
        pi1_0.duration,
        pi1_0.instruction,
        pi1_0.medicine_id,
        pi1_0.medicine_type 
    from
        prescription_items pi1_0 
    where
        pi1_0.prescription_id=?
Hibernate: 
    select
        t1_0.id,
        t1_0.lab_report_id,
        t1_0.last_updated,
        t1_0.order_status,
        t1_0.ordered_date,
        t1_0.patient_id,
        t1_0.doctor_id,
        t1_0.prescription_id,
        t1_0.report_file_path,
        t1_0.result_entered_by,
        t1_0.result_entered_date,
        t1_0.result_notes,
        t1_0.result_value,
        t1_0.sample_collected_date,
        t1_0.sample_collector_name,
        t1_0.sample_received_by,
        t1_0.sample_received_date,
        t1_0.sample_type,
        t1_0.test_master_id,
        t1_0.testing_start_date,
        t1_0.verification_notes,
        t1_0.verified_by,
        t1_0.verified_date 
    from
        tests t1_0 
    where
        t1_0.prescription_id=?
Hibernate: 
    select
        p1_0.id,
        p1_0.address,
        p1_0.alternate_phone,
        p1_0.blood_group,
        p1_0.city,
        p1_0.date_of_birth,
        p1_0.district,
        p1_0.email,
        p1_0.emergency_contact_name,
        p1_0.emergency_contact_number,
        p1_0.gender,
        p1_0.marital_status,
        p1_0.name,
        p1_0.national_id,
        p1_0.patient_code,
        p1_0.phone,
        p1_0.postal_code,
        p1_0.relationship 
    from
        patients p1_0 
    where
        p1_0.id=?
Hibernate: 
    select
        pi1_0.prescription_id,
        pi1_0.id,
        pi1_0.dosage,
        pi1_0.duration,
        pi1_0.instruction,
        pi1_0.medicine_id,
        pi1_0.medicine_type 
    from
        prescription_items pi1_0 
    where
        pi1_0.prescription_id=?
Hibernate: 
    select
        t1_0.id,
        t1_0.lab_report_id,
        t1_0.last_updated,
        t1_0.order_status,
        t1_0.ordered_date,
        t1_0.patient_id,
        t1_0.doctor_id,
        t1_0.prescription_id,
        t1_0.report_file_path,
        t1_0.result_entered_by,
        t1_0.result_entered_date,
        t1_0.result_notes,
        t1_0.result_value,
        t1_0.sample_collected_date,
        t1_0.sample_collector_name,
        t1_0.sample_received_by,
        t1_0.sample_received_date,
        t1_0.sample_type,
        t1_0.test_master_id,
        t1_0.testing_start_date,
        t1_0.verification_notes,
        t1_0.verified_by,
        t1_0.verified_date 
    from
        tests t1_0 
    where
        t1_0.prescription_id=?
Hibernate: 
    select
        u1_0.id,
        u1_0.active,
        u1_0.email,
        u1_0.image,
        u1_0.name,
        u1_0.password,
        u1_0.phone,
        u1_0.role 
    from
        users u1_0 
    where
        u1_0.email=?
Hibernate: 
    select
        u1_0.id,
        u1_0.active,
        u1_0.email,
        u1_0.image,
        u1_0.name,
        u1_0.password,
        u1_0.phone,
        u1_0.role 
    from
        users u1_0 
    where
        u1_0.email=?
Hibernate: 
    select
        u1_0.id,
        u1_0.active,
        u1_0.email,
        u1_0.image,
        u1_0.name,
        u1_0.password,
        u1_0.phone,
        u1_0.role 
    from
        users u1_0 
    where
        u1_0.email=?
Hibernate: 
    select
        coalesce(sum(ps1_0.net_payable), 0) 
    from
        pharmacy_sales ps1_0 
    where
        ps1_0.payment_status='PAID' 
        and ps1_0.sale_date between ? and ?
Hibernate: 
    select
        count(ps1_0.id) 
    from
        pharmacy_sales ps1_0 
    where
        ps1_0.payment_status='PAID' 
        and ps1_0.sale_date between ? and ?
Hibernate: 
    select
        coalesce(sum(p1_0.net_amount), 0) 
    from
        purchases p1_0 
    where
        p1_0.purchase_date between ? and ?
Hibernate: 
    select
        p1_0.id,
        p1_0.created_at,
        p1_0.discount,
        p1_0.due_amount,
        p1_0.invoice_no,
        p1_0.net_amount,
        p1_0.notes,
        p1_0.paid_amount,
        p1_0.payment_method,
        p1_0.payment_status,
        p1_0.purchase_date,
        p1_0.status,
        p1_0.supplier_id,
        p1_0.total_amount,
        p1_0.vat 
    from
        purchases p1_0 
    where
        p1_0.purchase_date between ? and ? 
    order by
        p1_0.purchase_date desc
Hibernate: 
    select
        count(ms1_0.id) 
    from
        medicine_stocks ms1_0 
    where
        ms1_0.active=true
Hibernate: 
    select
        coalesce(sum(((ms1_0.stock_quantity-coalesce(ms1_0.reserved_quantity, 0))-coalesce(ms1_0.damaged_quantity, 0))), 0) 
    from
        medicine_stocks ms1_0 
    where
        ms1_0.active=true
Hibernate: 
    select
        ms1_0.id,
        ms1_0.active,
        ms1_0.barcode,
        ms1_0.batch_number,
        ms1_0.created_date,
        ms1_0.damaged_quantity,
        ms1_0.dosage_form,
        ms1_0.expiry_date,
        ms1_0.generic_name,
        ms1_0.manufacturing_date,
        ms1_0.medicine_name,
        ms1_0.minimum_stock_level,
        ms1_0.purchase_price,
        ms1_0.reorder_level,
        ms1_0.reserved_quantity,
        ms1_0.sale_price,
        ms1_0.stock_quantity,
        ms1_0.strength,
        ms1_0.supplier_id,
        ms1_0.vat 
    from
        medicine_stocks ms1_0 
    where
        ms1_0.active=true 
        and (
            (
                ms1_0.stock_quantity-coalesce(ms1_0.reserved_quantity, 0)
            )-coalesce(ms1_0.damaged_quantity, 0)
        )<=ms1_0.reorder_level
Hibernate: 
    select
        ms1_0.id,
        ms1_0.active,
        ms1_0.barcode,
        ms1_0.batch_number,
        ms1_0.created_date,
        ms1_0.damaged_quantity,
        ms1_0.dosage_form,
        ms1_0.expiry_date,
        ms1_0.generic_name,
        ms1_0.manufacturing_date,
        ms1_0.medicine_name,
        ms1_0.minimum_stock_level,
        ms1_0.purchase_price,
        ms1_0.reorder_level,
        ms1_0.reserved_quantity,
        ms1_0.sale_price,
        ms1_0.stock_quantity,
        ms1_0.strength,
        ms1_0.supplier_id,
        ms1_0.vat 
    from
        medicine_stocks ms1_0 
    where
        ms1_0.active=true 
        and ms1_0.expiry_date<?
Hibernate: 
    select
        ms1_0.id,
        ms1_0.active,
        ms1_0.barcode,
        ms1_0.batch_number,
        ms1_0.created_date,
        ms1_0.damaged_quantity,
        ms1_0.dosage_form,
        ms1_0.expiry_date,
        ms1_0.generic_name,
        ms1_0.manufacturing_date,
        ms1_0.medicine_name,
        ms1_0.minimum_stock_level,
        ms1_0.purchase_price,
        ms1_0.reorder_level,
        ms1_0.reserved_quantity,
        ms1_0.sale_price,
        ms1_0.stock_quantity,
        ms1_0.strength,
        ms1_0.supplier_id,
        ms1_0.vat 
    from
        medicine_stocks ms1_0 
    where
        ms1_0.active=true 
        and ms1_0.expiry_date between ? and ?
Hibernate: 
    select
        coalesce(sum(ps1_0.net_payable), 0) 
    from
        pharmacy_sales ps1_0 
    where
        ps1_0.payment_status='PAID' 
        and ps1_0.sale_date between ? and ?
Hibernate: 
    select
        coalesce(sum(((psi1_0.unit_price-ms1_0.purchase_price)*psi1_0.quantity)), 0) 
    from
        pharmacy_sale_items psi1_0 
    join
        pharmacy_sales ps1_0 
            on ps1_0.id=psi1_0.pharmacy_sale_id 
    join
        medicine_stocks ms1_0 
            on ms1_0.id=psi1_0.medicine_stock_id 
    where
        ps1_0.payment_status='PAID' 
        and ps1_0.sale_date between ? and ?
Hibernate: 
    select
        ps1_0.id,
        ps1_0.billing_id,
        ps1_0.change_amount,
        ps1_0.discount,
        ps1_0.doctor_id,
        ps1_0.doctor_name,
        ps1_0.net_payable,
        ps1_0.paid_amount,
        ps1_0.patient_id,
        ps1_0.patient_name,
        ps1_0.patient_phone,
        ps1_0.patient_type,
        ps1_0.payment_method,
        ps1_0.payment_status,
        ps1_0.prescription_id,
        ps1_0.sale_date,
        ps1_0.sale_invoice_no,
        ps1_0.sale_type,
        ps1_0.total_amount,
        ps1_0.vat 
    from
        pharmacy_sales ps1_0 
    order by
        ps1_0.sale_date desc
Hibernate: 
    select
        u1_0.id,
        u1_0.active,
        u1_0.email,
        u1_0.image,
        u1_0.name,
        u1_0.password,
        u1_0.phone,
        u1_0.role 
    from
        users u1_0 
    where
        u1_0.email=?
Hibernate: 
    select
        s1_0.id,
        s1_0.active,
        s1_0.address,
        s1_0.company_name,
        s1_0.contact_person,
        s1_0.created_date,
        s1_0.drug_license,
        s1_0.email,
        s1_0.name,
        s1_0.notes,
        s1_0.phone,
        s1_0.total_due,
        s1_0.trade_license,
        s1_0.updated_date,
        s1_0.website 
    from
        suppliers s1_0
Hibernate: 
    select
        u1_0.id,
        u1_0.active,
        u1_0.email,
        u1_0.image,
        u1_0.name,
        u1_0.password,
        u1_0.phone,
        u1_0.role 
    from
        users u1_0 
    where
        u1_0.email=?
Hibernate: 
    select
        u1_0.id,
        u1_0.active,
        u1_0.email,
        u1_0.image,
        u1_0.name,
        u1_0.password,
        u1_0.phone,
        u1_0.role 
    from
        users u1_0 
    where
        u1_0.email=?
Hibernate: 
    select
        s1_0.id,
        s1_0.active,
        s1_0.address,
        s1_0.company_name,
        s1_0.contact_person,
        s1_0.created_date,
        s1_0.drug_license,
        s1_0.email,
        s1_0.name,
        s1_0.notes,
        s1_0.phone,
        s1_0.total_due,
        s1_0.trade_license,
        s1_0.updated_date,
        s1_0.website 
    from
        suppliers s1_0
Hibernate: 
    select
        ms1_0.id,
        ms1_0.active,
        ms1_0.barcode,
        ms1_0.batch_number,
        ms1_0.created_date,
        ms1_0.damaged_quantity,
        ms1_0.dosage_form,
        ms1_0.expiry_date,
        ms1_0.generic_name,
        ms1_0.manufacturing_date,
        ms1_0.medicine_name,
        ms1_0.minimum_stock_level,
        ms1_0.purchase_price,
        ms1_0.reorder_level,
        ms1_0.reserved_quantity,
        ms1_0.sale_price,
        ms1_0.stock_quantity,
        ms1_0.strength,
        ms1_0.supplier_id,
        ms1_0.vat 
    from
        medicine_stocks ms1_0
Hibernate: 
    select
        s1_0.id,
        s1_0.active,
        s1_0.address,
        s1_0.company_name,
        s1_0.contact_person,
        s1_0.created_date,
        s1_0.drug_license,
        s1_0.email,
        s1_0.name,
        s1_0.notes,
        s1_0.phone,
        s1_0.total_due,
        s1_0.trade_license,
        s1_0.updated_date,
        s1_0.website 
    from
        suppliers s1_0 
    where
        s1_0.id=?
Hibernate: 
    select
        u1_0.id,
        u1_0.active,
        u1_0.email,
        u1_0.image,
        u1_0.name,
        u1_0.password,
        u1_0.phone,
        u1_0.role 
    from
        users u1_0 
    where
        u1_0.email=?
Hibernate: 
    select
        u1_0.id,
        u1_0.active,
        u1_0.email,
        u1_0.image,
        u1_0.name,
        u1_0.password,
        u1_0.phone,
        u1_0.role 
    from
        users u1_0 
    where
        u1_0.email=?
Hibernate: 
    select
        u1_0.id,
        u1_0.active,
        u1_0.email,
        u1_0.image,
        u1_0.name,
        u1_0.password,
        u1_0.phone,
        u1_0.role 
    from
        users u1_0 
    where
        u1_0.email=?
Hibernate: 
    select
        ms1_0.id,
        ms1_0.active,
        ms1_0.barcode,
        ms1_0.batch_number,
        ms1_0.created_date,
        ms1_0.damaged_quantity,
        ms1_0.dosage_form,
        ms1_0.expiry_date,
        ms1_0.generic_name,
        ms1_0.manufacturing_date,
        ms1_0.medicine_name,
        ms1_0.minimum_stock_level,
        ms1_0.purchase_price,
        ms1_0.reorder_level,
        ms1_0.reserved_quantity,
        ms1_0.sale_price,
        ms1_0.stock_quantity,
        ms1_0.strength,
        ms1_0.supplier_id,
        ms1_0.vat 
    from
        medicine_stocks ms1_0
Hibernate: 
    select
        p1_0.id,
        p1_0.created_at,
        p1_0.discount,
        p1_0.due_amount,
        p1_0.invoice_no,
        p1_0.net_amount,
        p1_0.notes,
        p1_0.paid_amount,
        p1_0.payment_method,
        p1_0.payment_status,
        p1_0.purchase_date,
        p1_0.status,
        p1_0.supplier_id,
        p1_0.total_amount,
        p1_0.vat 
    from
        purchases p1_0
Hibernate: 
    select
        s1_0.id,
        s1_0.active,
        s1_0.address,
        s1_0.company_name,
        s1_0.contact_person,
        s1_0.created_date,
        s1_0.drug_license,
        s1_0.email,
        s1_0.name,
        s1_0.notes,
        s1_0.phone,
        s1_0.total_due,
        s1_0.trade_license,
        s1_0.updated_date,
        s1_0.website 
    from
        suppliers s1_0
Hibernate: 
    select
        s1_0.id,
        s1_0.active,
        s1_0.address,
        s1_0.company_name,
        s1_0.contact_person,
        s1_0.created_date,
        s1_0.drug_license,
        s1_0.email,
        s1_0.name,
        s1_0.notes,
        s1_0.phone,
        s1_0.total_due,
        s1_0.trade_license,
        s1_0.updated_date,
        s1_0.website 
    from
        suppliers s1_0 
    where
        s1_0.id=?
Hibernate: 
    select
        u1_0.id,
        u1_0.active,
        u1_0.email,
        u1_0.image,
        u1_0.name,
        u1_0.password,
        u1_0.phone,
        u1_0.role 
    from
        users u1_0 
    where
        u1_0.email=?
Hibernate: 
    select
        ps1_0.id,
        ps1_0.billing_id,
        ps1_0.change_amount,
        ps1_0.discount,
        ps1_0.doctor_id,
        ps1_0.doctor_name,
        ps1_0.net_payable,
        ps1_0.paid_amount,
        ps1_0.patient_id,
        ps1_0.patient_name,
        ps1_0.patient_phone,
        ps1_0.patient_type,
        ps1_0.payment_method,
        ps1_0.payment_status,
        ps1_0.prescription_id,
        ps1_0.sale_date,
        ps1_0.sale_invoice_no,
        ps1_0.sale_type,
        ps1_0.total_amount,
        ps1_0.vat 
    from
        pharmacy_sales ps1_0 
    order by
        ps1_0.sale_date desc
Hibernate: 
    select
        i1_0.pharmacy_sale_id,
        i1_0.id,
        i1_0.batch_number,
        i1_0.discount,
        i1_0.medicine_stock_id,
        i1_0.quantity,
        i1_0.subtotal,
        i1_0.unit_price 
    from
        pharmacy_sale_items i1_0 
    where
        i1_0.pharmacy_sale_id=?
Hibernate: 
    select
        ms1_0.id,
        ms1_0.active,
        ms1_0.barcode,
        ms1_0.batch_number,
        ms1_0.created_date,
        ms1_0.damaged_quantity,
        ms1_0.dosage_form,
        ms1_0.expiry_date,
        ms1_0.generic_name,
        ms1_0.manufacturing_date,
        ms1_0.medicine_name,
        ms1_0.minimum_stock_level,
        ms1_0.purchase_price,
        ms1_0.reorder_level,
        ms1_0.reserved_quantity,
        ms1_0.sale_price,
        ms1_0.stock_quantity,
        ms1_0.strength,
        ms1_0.supplier_id,
        ms1_0.vat 
    from
        medicine_stocks ms1_0 
    where
        ms1_0.id=?
Hibernate: 
    select
        ms1_0.id,
        ms1_0.active,
        ms1_0.barcode,
        ms1_0.batch_number,
        ms1_0.created_date,
        ms1_0.damaged_quantity,
        ms1_0.dosage_form,
        ms1_0.expiry_date,
        ms1_0.generic_name,
        ms1_0.manufacturing_date,
        ms1_0.medicine_name,
        ms1_0.minimum_stock_level,
        ms1_0.purchase_price,
        ms1_0.reorder_level,
        ms1_0.reserved_quantity,
        ms1_0.sale_price,
        ms1_0.stock_quantity,
        ms1_0.strength,
        ms1_0.supplier_id,
        ms1_0.vat 
    from
        medicine_stocks ms1_0 
    where
        ms1_0.id=?
Hibernate: 
    select
        i1_0.pharmacy_sale_id,
        i1_0.id,
        i1_0.batch_number,
        i1_0.discount,
        i1_0.medicine_stock_id,
        i1_0.quantity,
        i1_0.subtotal,
        i1_0.unit_price 
    from
        pharmacy_sale_items i1_0 
    where
        i1_0.pharmacy_sale_id=?
Hibernate: 
    select
        i1_0.pharmacy_sale_id,
        i1_0.id,
        i1_0.batch_number,
        i1_0.discount,
        i1_0.medicine_stock_id,
        i1_0.quantity,
        i1_0.subtotal,
        i1_0.unit_price 
    from
        pharmacy_sale_items i1_0 
    where
        i1_0.pharmacy_sale_id=?
Hibernate: 
    select
        i1_0.pharmacy_sale_id,
        i1_0.id,
        i1_0.batch_number,
        i1_0.discount,
        i1_0.medicine_stock_id,
        i1_0.quantity,
        i1_0.subtotal,
        i1_0.unit_price 
    from
        pharmacy_sale_items i1_0 
    where
        i1_0.pharmacy_sale_id=?
Hibernate: 
    select
        i1_0.pharmacy_sale_id,
        i1_0.id,
        i1_0.batch_number,
        i1_0.discount,
        i1_0.medicine_stock_id,
        i1_0.quantity,
        i1_0.subtotal,
        i1_0.unit_price 
    from
        pharmacy_sale_items i1_0 
    where
        i1_0.pharmacy_sale_id=?
Hibernate: 
    select
        u1_0.id,
        u1_0.active,
        u1_0.email,
        u1_0.image,
        u1_0.name,
        u1_0.password,
        u1_0.phone,
        u1_0.role 
    from
        users u1_0 
    where
        u1_0.email=?
Hibernate: 
    select
        p1_0.id,
        p1_0.appointment_id,
        p1_0.blood_pressure,
        p1_0.body_temperature,
        p1_0.chief_complaints,
        p1_0.created_date,
        p1_0.diagnosis,
        p1_0.dispensed,
        p1_0.doctor_id,
        p1_0.next_follow_up_date,
        p1_0.notes,
        p1_0.patient_id,
        p1_0.prescription_number,
        p1_0.pulse_rate,
        p1_0.symptoms,
        p1_0.weight 
    from
        prescriptions p1_0 
    where
        p1_0.dispensed is null 
        or p1_0.dispensed=false 
    order by
        p1_0.created_date desc
Hibernate: 
    select
        d1_0.id,
        d1_0.available_days,
        d1_0.chamber,
        d1_0.consultation_fee,
        d1_0.designation,
        d1_0.doctor_department_id,
        d1_0.duty_hours,
        d1_0.experience_years,
        d1_0.follow_up_fee,
        d1_0.gender,
        d1_0.join_date,
        d1_0.photo,
        d1_0.registration_number,
        d1_0.signature,
        d1_0.specialization,
        d1_0.status,
        d1_0.study,
        d1_0.user_id 
    from
        doctors d1_0 
    where
        d1_0.id=?
Hibernate: 
    select
        dd1_0.id,
        dd1_0.department_name,
        dd1_0.description 
    from
        doctor_departments dd1_0 
    where
        dd1_0.id=?
Hibernate: 
    select
        u1_0.id,
        u1_0.active,
        u1_0.email,
        u1_0.image,
        u1_0.name,
        u1_0.password,
        u1_0.phone,
        u1_0.role 
    from
        users u1_0 
    where
        u1_0.id=?
Hibernate: 
    select
        p1_0.id,
        p1_0.address,
        p1_0.alternate_phone,
        p1_0.blood_group,
        p1_0.city,
        p1_0.date_of_birth,
        p1_0.district,
        p1_0.email,
        p1_0.emergency_contact_name,
        p1_0.emergency_contact_number,
        p1_0.gender,
        p1_0.marital_status,
        p1_0.name,
        p1_0.national_id,
        p1_0.patient_code,
        p1_0.phone,
        p1_0.postal_code,
        p1_0.relationship 
    from
        patients p1_0 
    where
        p1_0.id=?
Hibernate: 
    select
        pi1_0.prescription_id,
        pi1_0.id,
        pi1_0.dosage,
        pi1_0.duration,
        pi1_0.instruction,
        pi1_0.medicine_id,
        pi1_0.medicine_type 
    from
        prescription_items pi1_0 
    where
        pi1_0.prescription_id=?
Hibernate: 
    select
        m1_0.id,
        m1_0.dosage,
        g1_0.id,
        g1_0.generic_name,
        m1_0.medicine_name 
    from
        medicines m1_0 
    left join
        generics g1_0 
            on g1_0.id=m1_0.generic_id 
    where
        m1_0.id=?
Hibernate: 
    select
        m1_0.id,
        m1_0.dosage,
        g1_0.id,
        g1_0.generic_name,
        m1_0.medicine_name 
    from
        medicines m1_0 
    left join
        generics g1_0 
            on g1_0.id=m1_0.generic_id 
    where
        m1_0.id=?
Hibernate: 
    select
        m1_0.id,
        m1_0.dosage,
        g1_0.id,
        g1_0.generic_name,
        m1_0.medicine_name 
    from
        medicines m1_0 
    left join
        generics g1_0 
            on g1_0.id=m1_0.generic_id 
    where
        m1_0.id=?
Hibernate: 
    select
        t1_0.id,
        t1_0.lab_report_id,
        t1_0.last_updated,
        t1_0.order_status,
        t1_0.ordered_date,
        t1_0.patient_id,
        t1_0.doctor_id,
        t1_0.prescription_id,
        t1_0.report_file_path,
        t1_0.result_entered_by,
        t1_0.result_entered_date,
        t1_0.result_notes,
        t1_0.result_value,
        t1_0.sample_collected_date,
        t1_0.sample_collector_name,
        t1_0.sample_received_by,
        t1_0.sample_received_date,
        t1_0.sample_type,
        t1_0.test_master_id,
        t1_0.testing_start_date,
        t1_0.verification_notes,
        t1_0.verified_by,
        t1_0.verified_date 
    from
        tests t1_0 
    where
        t1_0.prescription_id=?
Hibernate: 
    select
        tm1_0.id,
        tm1_0.active,
        tm1_0.normal_range,
        tm1_0.standard_price,
        tm1_0.test_code,
        tm1_0.test_name 
    from
        test_masters tm1_0 
    where
        tm1_0.id=?
Hibernate: 
    select
        tm1_0.id,
        tm1_0.active,
        tm1_0.normal_range,
        tm1_0.standard_price,
        tm1_0.test_code,
        tm1_0.test_name 
    from
        test_masters tm1_0 
    where
        tm1_0.id=?
Hibernate: 
    select
        p1_0.id,
        p1_0.address,
        p1_0.alternate_phone,
        p1_0.blood_group,
        p1_0.city,
        p1_0.date_of_birth,
        p1_0.district,
        p1_0.email,
        p1_0.emergency_contact_name,
        p1_0.emergency_contact_number,
        p1_0.gender,
        p1_0.marital_status,
        p1_0.name,
        p1_0.national_id,
        p1_0.patient_code,
        p1_0.phone,
        p1_0.postal_code,
        p1_0.relationship 
    from
        patients p1_0 
    where
        p1_0.id=?
Hibernate: 
    select
        pi1_0.prescription_id,
        pi1_0.id,
        pi1_0.dosage,
        pi1_0.duration,
        pi1_0.instruction,
        pi1_0.medicine_id,
        pi1_0.medicine_type 
    from
        prescription_items pi1_0 
    where
        pi1_0.prescription_id=?
Hibernate: 
    select
        t1_0.id,
        t1_0.lab_report_id,
        t1_0.last_updated,
        t1_0.order_status,
        t1_0.ordered_date,
        t1_0.patient_id,
        t1_0.doctor_id,
        t1_0.prescription_id,
        t1_0.report_file_path,
        t1_0.result_entered_by,
        t1_0.result_entered_date,
        t1_0.result_notes,
        t1_0.result_value,
        t1_0.sample_collected_date,
        t1_0.sample_collector_name,
        t1_0.sample_received_by,
        t1_0.sample_received_date,
        t1_0.sample_type,
        t1_0.test_master_id,
        t1_0.testing_start_date,
        t1_0.verification_notes,
        t1_0.verified_by,
        t1_0.verified_date 
    from
        tests t1_0 
    where
        t1_0.prescription_id=?
Hibernate: 
    select
        tm1_0.id,
        tm1_0.active,
        tm1_0.normal_range,
        tm1_0.standard_price,
        tm1_0.test_code,
        tm1_0.test_name 
    from
        test_masters tm1_0 
    where
        tm1_0.id=?
Hibernate: 
    select
        p1_0.id,
        p1_0.address,
        p1_0.alternate_phone,
        p1_0.blood_group,
        p1_0.city,
        p1_0.date_of_birth,
        p1_0.district,
        p1_0.email,
        p1_0.emergency_contact_name,
        p1_0.emergency_contact_number,
        p1_0.gender,
        p1_0.marital_status,
        p1_0.name,
        p1_0.national_id,
        p1_0.patient_code,
        p1_0.phone,
        p1_0.postal_code,
        p1_0.relationship 
    from
        patients p1_0 
    where
        p1_0.id=?
Hibernate: 
    select
        pi1_0.prescription_id,
        pi1_0.id,
        pi1_0.dosage,
        pi1_0.duration,
        pi1_0.instruction,
        pi1_0.medicine_id,
        pi1_0.medicine_type 
    from
        prescription_items pi1_0 
    where
        pi1_0.prescription_id=?
Hibernate: 
    select
        m1_0.id,
        m1_0.dosage,
        g1_0.id,
        g1_0.generic_name,
        m1_0.medicine_name 
    from
        medicines m1_0 
    left join
        generics g1_0 
            on g1_0.id=m1_0.generic_id 
    where
        m1_0.id=?
Hibernate: 
    select
        t1_0.id,
        t1_0.lab_report_id,
        t1_0.last_updated,
        t1_0.order_status,
        t1_0.ordered_date,
        t1_0.patient_id,
        t1_0.doctor_id,
        t1_0.prescription_id,
        t1_0.report_file_path,
        t1_0.result_entered_by,
        t1_0.result_entered_date,
        t1_0.result_notes,
        t1_0.result_value,
        t1_0.sample_collected_date,
        t1_0.sample_collector_name,
        t1_0.sample_received_by,
        t1_0.sample_received_date,
        t1_0.sample_type,
        t1_0.test_master_id,
        t1_0.testing_start_date,
        t1_0.verification_notes,
        t1_0.verified_by,
        t1_0.verified_date 
    from
        tests t1_0 
    where
        t1_0.prescription_id=?
Hibernate: 
    select
        tm1_0.id,
        tm1_0.active,
        tm1_0.normal_range,
        tm1_0.standard_price,
        tm1_0.test_code,
        tm1_0.test_name 
    from
        test_masters tm1_0 
    where
        tm1_0.id=?
Hibernate: 
    select
        tm1_0.id,
        tm1_0.active,
        tm1_0.normal_range,
        tm1_0.standard_price,
        tm1_0.test_code,
        tm1_0.test_name 
    from
        test_masters tm1_0 
    where
        tm1_0.id=?
Hibernate: 
    select
        d1_0.id,
        d1_0.available_days,
        d1_0.chamber,
        d1_0.consultation_fee,
        d1_0.designation,
        d1_0.doctor_department_id,
        d1_0.duty_hours,
        d1_0.experience_years,
        d1_0.follow_up_fee,
        d1_0.gender,
        d1_0.join_date,
        d1_0.photo,
        d1_0.registration_number,
        d1_0.signature,
        d1_0.specialization,
        d1_0.status,
        d1_0.study,
        d1_0.user_id 
    from
        doctors d1_0 
    where
        d1_0.id=?
Hibernate: 
    select
        dd1_0.id,
        dd1_0.department_name,
        dd1_0.description 
    from
        doctor_departments dd1_0 
    where
        dd1_0.id=?
Hibernate: 
    select
        u1_0.id,
        u1_0.active,
        u1_0.email,
        u1_0.image,
        u1_0.name,
        u1_0.password,
        u1_0.phone,
        u1_0.role 
    from
        users u1_0 
    where
        u1_0.id=?
Hibernate: 
    select
        p1_0.id,
        p1_0.address,
        p1_0.alternate_phone,
        p1_0.blood_group,
        p1_0.city,
        p1_0.date_of_birth,
        p1_0.district,
        p1_0.email,
        p1_0.emergency_contact_name,
        p1_0.emergency_contact_number,
        p1_0.gender,
        p1_0.marital_status,
        p1_0.name,
        p1_0.national_id,
        p1_0.patient_code,
        p1_0.phone,
        p1_0.postal_code,
        p1_0.relationship 
    from
        patients p1_0 
    where
        p1_0.id=?
Hibernate: 
    select
        pi1_0.prescription_id,
        pi1_0.id,
        pi1_0.dosage,
        pi1_0.duration,
        pi1_0.instruction,
        pi1_0.medicine_id,
        pi1_0.medicine_type 
    from
        prescription_items pi1_0 
    where
        pi1_0.prescription_id=?
Hibernate: 
    select
        m1_0.id,
        m1_0.dosage,
        g1_0.id,
        g1_0.generic_name,
        m1_0.medicine_name 
    from
        medicines m1_0 
    left join
        generics g1_0 
            on g1_0.id=m1_0.generic_id 
    where
        m1_0.id=?
Hibernate: 
    select
        t1_0.id,
        t1_0.lab_report_id,
        t1_0.last_updated,
        t1_0.order_status,
        t1_0.ordered_date,
        t1_0.patient_id,
        t1_0.doctor_id,
        t1_0.prescription_id,
        t1_0.report_file_path,
        t1_0.result_entered_by,
        t1_0.result_entered_date,
        t1_0.result_notes,
        t1_0.result_value,
        t1_0.sample_collected_date,
        t1_0.sample_collector_name,
        t1_0.sample_received_by,
        t1_0.sample_received_date,
        t1_0.sample_type,
        t1_0.test_master_id,
        t1_0.testing_start_date,
        t1_0.verification_notes,
        t1_0.verified_by,
        t1_0.verified_date 
    from
        tests t1_0 
    where
        t1_0.prescription_id=?
Hibernate: 
    select
        u1_0.id,
        u1_0.active,
        u1_0.email,
        u1_0.image,
        u1_0.name,
        u1_0.password,
        u1_0.phone,
        u1_0.role 
    from
        users u1_0 
    where
        u1_0.email=?
Hibernate: 
    select
        p1_0.id,
        p1_0.appointment_id,
        p1_0.blood_pressure,
        p1_0.body_temperature,
        p1_0.chief_complaints,
        p1_0.created_date,
        p1_0.diagnosis,
        p1_0.dispensed,
        p1_0.doctor_id,
        p1_0.next_follow_up_date,
        p1_0.notes,
        p1_0.patient_id,
        p1_0.prescription_number,
        p1_0.pulse_rate,
        p1_0.symptoms,
        p1_0.weight 
    from
        prescriptions p1_0 
    where
        p1_0.dispensed is null 
        or p1_0.dispensed=false 
    order by
        p1_0.created_date desc
Hibernate: 
    select
        d1_0.id,
        d1_0.available_days,
        d1_0.chamber,
        d1_0.consultation_fee,
        d1_0.designation,
        d1_0.doctor_department_id,
        d1_0.duty_hours,
        d1_0.experience_years,
        d1_0.follow_up_fee,
        d1_0.gender,
        d1_0.join_date,
        d1_0.photo,
        d1_0.registration_number,
        d1_0.signature,
        d1_0.specialization,
        d1_0.status,
        d1_0.study,
        d1_0.user_id 
    from
        doctors d1_0 
    where
        d1_0.id=?
Hibernate: 
    select
        dd1_0.id,
        dd1_0.department_name,
        dd1_0.description 
    from
        doctor_departments dd1_0 
    where
        dd1_0.id=?
Hibernate: 
    select
        u1_0.id,
        u1_0.active,
        u1_0.email,
        u1_0.image,
        u1_0.name,
        u1_0.password,
        u1_0.phone,
        u1_0.role 
    from
        users u1_0 
    where
        u1_0.id=?
Hibernate: 
    select
        p1_0.id,
        p1_0.address,
        p1_0.alternate_phone,
        p1_0.blood_group,
        p1_0.city,
        p1_0.date_of_birth,
        p1_0.district,
        p1_0.email,
        p1_0.emergency_contact_name,
        p1_0.emergency_contact_number,
        p1_0.gender,
        p1_0.marital_status,
        p1_0.name,
        p1_0.national_id,
        p1_0.patient_code,
        p1_0.phone,
        p1_0.postal_code,
        p1_0.relationship 
    from
        patients p1_0 
    where
        p1_0.id=?
Hibernate: 
    select
        pi1_0.prescription_id,
        pi1_0.id,
        pi1_0.dosage,
        pi1_0.duration,
        pi1_0.instruction,
        pi1_0.medicine_id,
        pi1_0.medicine_type 
    from
        prescription_items pi1_0 
    where
        pi1_0.prescription_id=?
Hibernate: 
    select
        m1_0.id,
        m1_0.dosage,
        g1_0.id,
        g1_0.generic_name,
        m1_0.medicine_name 
    from
        medicines m1_0 
    left join
        generics g1_0 
            on g1_0.id=m1_0.generic_id 
    where
        m1_0.id=?
Hibernate: 
    select
        m1_0.id,
        m1_0.dosage,
        g1_0.id,
        g1_0.generic_name,
        m1_0.medicine_name 
    from
        medicines m1_0 
    left join
        generics g1_0 
            on g1_0.id=m1_0.generic_id 
    where
        m1_0.id=?
Hibernate: 
    select
        m1_0.id,
        m1_0.dosage,
        g1_0.id,
        g1_0.generic_name,
        m1_0.medicine_name 
    from
        medicines m1_0 
    left join
        generics g1_0 
            on g1_0.id=m1_0.generic_id 
    where
        m1_0.id=?
Hibernate: 
    select
        t1_0.id,
        t1_0.lab_report_id,
        t1_0.last_updated,
        t1_0.order_status,
        t1_0.ordered_date,
        t1_0.patient_id,
        t1_0.doctor_id,
        t1_0.prescription_id,
        t1_0.report_file_path,
        t1_0.result_entered_by,
        t1_0.result_entered_date,
        t1_0.result_notes,
        t1_0.result_value,
        t1_0.sample_collected_date,
        t1_0.sample_collector_name,
        t1_0.sample_received_by,
        t1_0.sample_received_date,
        t1_0.sample_type,
        t1_0.test_master_id,
        t1_0.testing_start_date,
        t1_0.verification_notes,
        t1_0.verified_by,
        t1_0.verified_date 
    from
        tests t1_0 
    where
        t1_0.prescription_id=?
Hibernate: 
    select
        tm1_0.id,
        tm1_0.active,
        tm1_0.normal_range,
        tm1_0.standard_price,
        tm1_0.test_code,
        tm1_0.test_name 
    from
        test_masters tm1_0 
    where
        tm1_0.id=?
Hibernate: 
    select
        tm1_0.id,
        tm1_0.active,
        tm1_0.normal_range,
        tm1_0.standard_price,
        tm1_0.test_code,
        tm1_0.test_name 
    from
        test_masters tm1_0 
    where
        tm1_0.id=?
Hibernate: 
    select
        p1_0.id,
        p1_0.address,
        p1_0.alternate_phone,
        p1_0.blood_group,
        p1_0.city,
        p1_0.date_of_birth,
        p1_0.district,
        p1_0.email,
        p1_0.emergency_contact_name,
        p1_0.emergency_contact_number,
        p1_0.gender,
        p1_0.marital_status,
        p1_0.name,
        p1_0.national_id,
        p1_0.patient_code,
        p1_0.phone,
        p1_0.postal_code,
        p1_0.relationship 
    from
        patients p1_0 
    where
        p1_0.id=?
Hibernate: 
    select
        pi1_0.prescription_id,
        pi1_0.id,
        pi1_0.dosage,
        pi1_0.duration,
        pi1_0.instruction,
        pi1_0.medicine_id,
        pi1_0.medicine_type 
    from
        prescription_items pi1_0 
    where
        pi1_0.prescription_id=?
Hibernate: 
    select
        t1_0.id,
        t1_0.lab_report_id,
        t1_0.last_updated,
        t1_0.order_status,
        t1_0.ordered_date,
        t1_0.patient_id,
        t1_0.doctor_id,
        t1_0.prescription_id,
        t1_0.report_file_path,
        t1_0.result_entered_by,
        t1_0.result_entered_date,
        t1_0.result_notes,
        t1_0.result_value,
        t1_0.sample_collected_date,
        t1_0.sample_collector_name,
        t1_0.sample_received_by,
        t1_0.sample_received_date,
        t1_0.sample_type,
        t1_0.test_master_id,
        t1_0.testing_start_date,
        t1_0.verification_notes,
        t1_0.verified_by,
        t1_0.verified_date 
    from
        tests t1_0 
    where
        t1_0.prescription_id=?
Hibernate: 
    select
        tm1_0.id,
        tm1_0.active,
        tm1_0.normal_range,
        tm1_0.standard_price,
        tm1_0.test_code,
        tm1_0.test_name 
    from
        test_masters tm1_0 
    where
        tm1_0.id=?
Hibernate: 
    select
        p1_0.id,
        p1_0.address,
        p1_0.alternate_phone,
        p1_0.blood_group,
        p1_0.city,
        p1_0.date_of_birth,
        p1_0.district,
        p1_0.email,
        p1_0.emergency_contact_name,
        p1_0.emergency_contact_number,
        p1_0.gender,
        p1_0.marital_status,
        p1_0.name,
        p1_0.national_id,
        p1_0.patient_code,
        p1_0.phone,
        p1_0.postal_code,
        p1_0.relationship 
    from
        patients p1_0 
    where
        p1_0.id=?
Hibernate: 
    select
        pi1_0.prescription_id,
        pi1_0.id,
        pi1_0.dosage,
        pi1_0.duration,
        pi1_0.instruction,
        pi1_0.medicine_id,
        pi1_0.medicine_type 
    from
        prescription_items pi1_0 
    where
        pi1_0.prescription_id=?
Hibernate: 
    select
        m1_0.id,
        m1_0.dosage,
        g1_0.id,
        g1_0.generic_name,
        m1_0.medicine_name 
    from
        medicines m1_0 
    left join
        generics g1_0 
            on g1_0.id=m1_0.generic_id 
    where
        m1_0.id=?
Hibernate: 
    select
        t1_0.id,
        t1_0.lab_report_id,
        t1_0.last_updated,
        t1_0.order_status,
        t1_0.ordered_date,
        t1_0.patient_id,
        t1_0.doctor_id,
        t1_0.prescription_id,
        t1_0.report_file_path,
        t1_0.result_entered_by,
        t1_0.result_entered_date,
        t1_0.result_notes,
        t1_0.result_value,
        t1_0.sample_collected_date,
        t1_0.sample_collector_name,
        t1_0.sample_received_by,
        t1_0.sample_received_date,
        t1_0.sample_type,
        t1_0.test_master_id,
        t1_0.testing_start_date,
        t1_0.verification_notes,
        t1_0.verified_by,
        t1_0.verified_date 
    from
        tests t1_0 
    where
        t1_0.prescription_id=?
Hibernate: 
    select
        tm1_0.id,
        tm1_0.active,
        tm1_0.normal_range,
        tm1_0.standard_price,
        tm1_0.test_code,
        tm1_0.test_name 
    from
        test_masters tm1_0 
    where
        tm1_0.id=?
Hibernate: 
    select
        tm1_0.id,
        tm1_0.active,
        tm1_0.normal_range,
        tm1_0.standard_price,
        tm1_0.test_code,
        tm1_0.test_name 
    from
        test_masters tm1_0 
    where
        tm1_0.id=?
Hibernate: 
    select
        d1_0.id,
        d1_0.available_days,
        d1_0.chamber,
        d1_0.consultation_fee,
        d1_0.designation,
        d1_0.doctor_department_id,
        d1_0.duty_hours,
        d1_0.experience_years,
        d1_0.follow_up_fee,
        d1_0.gender,
        d1_0.join_date,
        d1_0.photo,
        d1_0.registration_number,
        d1_0.signature,
        d1_0.specialization,
        d1_0.status,
        d1_0.study,
        d1_0.user_id 
    from
        doctors d1_0 
    where
        d1_0.id=?
Hibernate: 
    select
        dd1_0.id,
        dd1_0.department_name,
        dd1_0.description 
    from
        doctor_departments dd1_0 
    where
        dd1_0.id=?
Hibernate: 
    select
        u1_0.id,
        u1_0.active,
        u1_0.email,
        u1_0.image,
        u1_0.name,
        u1_0.password,
        u1_0.phone,
        u1_0.role 
    from
        users u1_0 
    where
        u1_0.id=?
Hibernate: 
    select
        p1_0.id,
        p1_0.address,
        p1_0.alternate_phone,
        p1_0.blood_group,
        p1_0.city,
        p1_0.date_of_birth,
        p1_0.district,
        p1_0.email,
        p1_0.emergency_contact_name,
        p1_0.emergency_contact_number,
        p1_0.gender,
        p1_0.marital_status,
        p1_0.name,
        p1_0.national_id,
        p1_0.patient_code,
        p1_0.phone,
        p1_0.postal_code,
        p1_0.relationship 
    from
        patients p1_0 
    where
        p1_0.id=?
Hibernate: 
    select
        pi1_0.prescription_id,
        pi1_0.id,
        pi1_0.dosage,
        pi1_0.duration,
        pi1_0.instruction,
        pi1_0.medicine_id,
        pi1_0.medicine_type 
    from
        prescription_items pi1_0 
    where
        pi1_0.prescription_id=?
Hibernate: 
    select
        m1_0.id,
        m1_0.dosage,
        g1_0.id,
        g1_0.generic_name,
        m1_0.medicine_name 
    from
        medicines m1_0 
    left join
        generics g1_0 
            on g1_0.id=m1_0.generic_id 
    where
        m1_0.id=?
Hibernate: 
    select
        t1_0.id,
        t1_0.lab_report_id,
        t1_0.last_updated,
        t1_0.order_status,
        t1_0.ordered_date,
        t1_0.patient_id,
        t1_0.doctor_id,
        t1_0.prescription_id,
        t1_0.report_file_path,
        t1_0.result_entered_by,
        t1_0.result_entered_date,
        t1_0.result_notes,
        t1_0.result_value,
        t1_0.sample_collected_date,
        t1_0.sample_collector_name,
        t1_0.sample_received_by,
        t1_0.sample_received_date,
        t1_0.sample_type,
        t1_0.test_master_id,
        t1_0.testing_start_date,
        t1_0.verification_notes,
        t1_0.verified_by,
        t1_0.verified_date 
    from
        tests t1_0 
    where
        t1_0.prescription_id=?
Hibernate: 
    select
        u1_0.id,
        u1_0.active,
        u1_0.email,
        u1_0.image,
        u1_0.name,
        u1_0.password,
        u1_0.phone,
        u1_0.role 
    from
        users u1_0 
    where
        u1_0.email=?
Hibernate: 
    select
        p1_0.id,
        p1_0.appointment_id,
        p1_0.blood_pressure,
        p1_0.body_temperature,
        p1_0.chief_complaints,
        p1_0.created_date,
        p1_0.diagnosis,
        p1_0.dispensed,
        p1_0.doctor_id,
        p1_0.next_follow_up_date,
        p1_0.notes,
        p1_0.patient_id,
        p1_0.prescription_number,
        p1_0.pulse_rate,
        p1_0.symptoms,
        p1_0.weight 
    from
        prescriptions p1_0 
    where
        p1_0.dispensed is null 
        or p1_0.dispensed=false 
    order by
        p1_0.created_date desc
Hibernate: 
    select
        d1_0.id,
        d1_0.available_days,
        d1_0.chamber,
        d1_0.consultation_fee,
        d1_0.designation,
        d1_0.doctor_department_id,
        d1_0.duty_hours,
        d1_0.experience_years,
        d1_0.follow_up_fee,
        d1_0.gender,
        d1_0.join_date,
        d1_0.photo,
        d1_0.registration_number,
        d1_0.signature,
        d1_0.specialization,
        d1_0.status,
        d1_0.study,
        d1_0.user_id 
    from
        doctors d1_0 
    where
        d1_0.id=?
Hibernate: 
    select
        dd1_0.id,
        dd1_0.department_name,
        dd1_0.description 
    from
        doctor_departments dd1_0 
    where
        dd1_0.id=?
Hibernate: 
    select
        u1_0.id,
        u1_0.active,
        u1_0.email,
        u1_0.image,
        u1_0.name,
        u1_0.password,
        u1_0.phone,
        u1_0.role 
    from
        users u1_0 
    where
        u1_0.id=?
Hibernate: 
    select
        p1_0.id,
        p1_0.address,
        p1_0.alternate_phone,
        p1_0.blood_group,
        p1_0.city,
        p1_0.date_of_birth,
        p1_0.district,
        p1_0.email,
        p1_0.emergency_contact_name,
        p1_0.emergency_contact_number,
        p1_0.gender,
        p1_0.marital_status,
        p1_0.name,
        p1_0.national_id,
        p1_0.patient_code,
        p1_0.phone,
        p1_0.postal_code,
        p1_0.relationship 
    from
        patients p1_0 
    where
        p1_0.id=?
Hibernate: 
    select
        pi1_0.prescription_id,
        pi1_0.id,
        pi1_0.dosage,
        pi1_0.duration,
        pi1_0.instruction,
        pi1_0.medicine_id,
        pi1_0.medicine_type 
    from
        prescription_items pi1_0 
    where
        pi1_0.prescription_id=?
Hibernate: 
    select
        m1_0.id,
        m1_0.dosage,
        g1_0.id,
        g1_0.generic_name,
        m1_0.medicine_name 
    from
        medicines m1_0 
    left join
        generics g1_0 
            on g1_0.id=m1_0.generic_id 
    where
        m1_0.id=?
Hibernate: 
    select
        m1_0.id,
        m1_0.dosage,
        g1_0.id,
        g1_0.generic_name,
        m1_0.medicine_name 
    from
        medicines m1_0 
    left join
        generics g1_0 
            on g1_0.id=m1_0.generic_id 
    where
        m1_0.id=?
Hibernate: 
    select
        m1_0.id,
        m1_0.dosage,
        g1_0.id,
        g1_0.generic_name,
        m1_0.medicine_name 
    from
        medicines m1_0 
    left join
        generics g1_0 
            on g1_0.id=m1_0.generic_id 
    where
        m1_0.id=?
Hibernate: 
    select
        t1_0.id,
        t1_0.lab_report_id,
        t1_0.last_updated,
        t1_0.order_status,
        t1_0.ordered_date,
        t1_0.patient_id,
        t1_0.doctor_id,
        t1_0.prescription_id,
        t1_0.report_file_path,
        t1_0.result_entered_by,
        t1_0.result_entered_date,
        t1_0.result_notes,
        t1_0.result_value,
        t1_0.sample_collected_date,
        t1_0.sample_collector_name,
        t1_0.sample_received_by,
        t1_0.sample_received_date,
        t1_0.sample_type,
        t1_0.test_master_id,
        t1_0.testing_start_date,
        t1_0.verification_notes,
        t1_0.verified_by,
        t1_0.verified_date 
    from
        tests t1_0 
    where
        t1_0.prescription_id=?
Hibernate: 
    select
        tm1_0.id,
        tm1_0.active,
        tm1_0.normal_range,
        tm1_0.standard_price,
        tm1_0.test_code,
        tm1_0.test_name 
    from
        test_masters tm1_0 
    where
        tm1_0.id=?
Hibernate: 
    select
        tm1_0.id,
        tm1_0.active,
        tm1_0.normal_range,
        tm1_0.standard_price,
        tm1_0.test_code,
        tm1_0.test_name 
    from
        test_masters tm1_0 
    where
        tm1_0.id=?
Hibernate: 
    select
        p1_0.id,
        p1_0.address,
        p1_0.alternate_phone,
        p1_0.blood_group,
        p1_0.city,
        p1_0.date_of_birth,
        p1_0.district,
        p1_0.email,
        p1_0.emergency_contact_name,
        p1_0.emergency_contact_number,
        p1_0.gender,
        p1_0.marital_status,
        p1_0.name,
        p1_0.national_id,
        p1_0.patient_code,
        p1_0.phone,
        p1_0.postal_code,
        p1_0.relationship 
    from
        patients p1_0 
    where
        p1_0.id=?
Hibernate: 
    select
        pi1_0.prescription_id,
        pi1_0.id,
        pi1_0.dosage,
        pi1_0.duration,
        pi1_0.instruction,
        pi1_0.medicine_id,
        pi1_0.medicine_type 
    from
        prescription_items pi1_0 
    where
        pi1_0.prescription_id=?
Hibernate: 
    select
        t1_0.id,
        t1_0.lab_report_id,
        t1_0.last_updated,
        t1_0.order_status,
        t1_0.ordered_date,
        t1_0.patient_id,
        t1_0.doctor_id,
        t1_0.prescription_id,
        t1_0.report_file_path,
        t1_0.result_entered_by,
        t1_0.result_entered_date,
        t1_0.result_notes,
        t1_0.result_value,
        t1_0.sample_collected_date,
        t1_0.sample_collector_name,
        t1_0.sample_received_by,
        t1_0.sample_received_date,
        t1_0.sample_type,
        t1_0.test_master_id,
        t1_0.testing_start_date,
        t1_0.verification_notes,
        t1_0.verified_by,
        t1_0.verified_date 
    from
        tests t1_0 
    where
        t1_0.prescription_id=?
Hibernate: 
    select
        tm1_0.id,
        tm1_0.active,
        tm1_0.normal_range,
        tm1_0.standard_price,
        tm1_0.test_code,
        tm1_0.test_name 
    from
        test_masters tm1_0 
    where
        tm1_0.id=?
Hibernate: 
    select
        p1_0.id,
        p1_0.address,
        p1_0.alternate_phone,
        p1_0.blood_group,
        p1_0.city,
        p1_0.date_of_birth,
        p1_0.district,
        p1_0.email,
        p1_0.emergency_contact_name,
        p1_0.emergency_contact_number,
        p1_0.gender,
        p1_0.marital_status,
        p1_0.name,
        p1_0.national_id,
        p1_0.patient_code,
        p1_0.phone,
        p1_0.postal_code,
        p1_0.relationship 
    from
        patients p1_0 
    where
        p1_0.id=?
Hibernate: 
    select
        pi1_0.prescription_id,
        pi1_0.id,
        pi1_0.dosage,
        pi1_0.duration,
        pi1_0.instruction,
        pi1_0.medicine_id,
        pi1_0.medicine_type 
    from
        prescription_items pi1_0 
    where
        pi1_0.prescription_id=?
Hibernate: 
    select
        m1_0.id,
        m1_0.dosage,
        g1_0.id,
        g1_0.generic_name,
        m1_0.medicine_name 
    from
        medicines m1_0 
    left join
        generics g1_0 
            on g1_0.id=m1_0.generic_id 
    where
        m1_0.id=?
Hibernate: 
    select
        t1_0.id,
        t1_0.lab_report_id,
        t1_0.last_updated,
        t1_0.order_status,
        t1_0.ordered_date,
        t1_0.patient_id,
        t1_0.doctor_id,
        t1_0.prescription_id,
        t1_0.report_file_path,
        t1_0.result_entered_by,
        t1_0.result_entered_date,
        t1_0.result_notes,
        t1_0.result_value,
        t1_0.sample_collected_date,
        t1_0.sample_collector_name,
        t1_0.sample_received_by,
        t1_0.sample_received_date,
        t1_0.sample_type,
        t1_0.test_master_id,
        t1_0.testing_start_date,
        t1_0.verification_notes,
        t1_0.verified_by,
        t1_0.verified_date 
    from
        tests t1_0 
    where
        t1_0.prescription_id=?
Hibernate: 
    select
        tm1_0.id,
        tm1_0.active,
        tm1_0.normal_range,
        tm1_0.standard_price,
        tm1_0.test_code,
        tm1_0.test_name 
    from
        test_masters tm1_0 
    where
        tm1_0.id=?
Hibernate: 
    select
        tm1_0.id,
        tm1_0.active,
        tm1_0.normal_range,
        tm1_0.standard_price,
        tm1_0.test_code,
        tm1_0.test_name 
    from
        test_masters tm1_0 
    where
        tm1_0.id=?
Hibernate: 
    select
        d1_0.id,
        d1_0.available_days,
        d1_0.chamber,
        d1_0.consultation_fee,
        d1_0.designation,
        d1_0.doctor_department_id,
        d1_0.duty_hours,
        d1_0.experience_years,
        d1_0.follow_up_fee,
        d1_0.gender,
        d1_0.join_date,
        d1_0.photo,
        d1_0.registration_number,
        d1_0.signature,
        d1_0.specialization,
        d1_0.status,
        d1_0.study,
        d1_0.user_id 
    from
        doctors d1_0 
    where
        d1_0.id=?
Hibernate: 
    select
        dd1_0.id,
        dd1_0.department_name,
        dd1_0.description 
    from
        doctor_departments dd1_0 
    where
        dd1_0.id=?
Hibernate: 
    select
        u1_0.id,
        u1_0.active,
        u1_0.email,
        u1_0.image,
        u1_0.name,
        u1_0.password,
        u1_0.phone,
        u1_0.role 
    from
        users u1_0 
    where
        u1_0.id=?
Hibernate: 
    select
        p1_0.id,
        p1_0.address,
        p1_0.alternate_phone,
        p1_0.blood_group,
        p1_0.city,
        p1_0.date_of_birth,
        p1_0.district,
        p1_0.email,
        p1_0.emergency_contact_name,
        p1_0.emergency_contact_number,
        p1_0.gender,
        p1_0.marital_status,
        p1_0.name,
        p1_0.national_id,
        p1_0.patient_code,
        p1_0.phone,
        p1_0.postal_code,
        p1_0.relationship 
    from
        patients p1_0 
    where
        p1_0.id=?
Hibernate: 
    select
        pi1_0.prescription_id,
        pi1_0.id,
        pi1_0.dosage,
        pi1_0.duration,
        pi1_0.instruction,
        pi1_0.medicine_id,
        pi1_0.medicine_type 
    from
        prescription_items pi1_0 
    where
        pi1_0.prescription_id=?
Hibernate: 
    select
        m1_0.id,
        m1_0.dosage,
        g1_0.id,
        g1_0.generic_name,
        m1_0.medicine_name 
    from
        medicines m1_0 
    left join
        generics g1_0 
            on g1_0.id=m1_0.generic_id 
    where
        m1_0.id=?
Hibernate: 
    select
        t1_0.id,
        t1_0.lab_report_id,
        t1_0.last_updated,
        t1_0.order_status,
        t1_0.ordered_date,
        t1_0.patient_id,
        t1_0.doctor_id,
        t1_0.prescription_id,
        t1_0.report_file_path,
        t1_0.result_entered_by,
        t1_0.result_entered_date,
        t1_0.result_notes,
        t1_0.result_value,
        t1_0.sample_collected_date,
        t1_0.sample_collector_name,
        t1_0.sample_received_by,
        t1_0.sample_received_date,
        t1_0.sample_type,
        t1_0.test_master_id,
        t1_0.testing_start_date,
        t1_0.verification_notes,
        t1_0.verified_by,
        t1_0.verified_date 
    from
        tests t1_0 
    where
        t1_0.prescription_id=?
Hibernate: 
    select
        u1_0.id,
        u1_0.active,
        u1_0.email,
        u1_0.image,
        u1_0.name,
        u1_0.password,
        u1_0.phone,
        u1_0.role 
    from
        users u1_0 
    where
        u1_0.email=?
Hibernate: 
    select
        p1_0.id,
        p1_0.appointment_id,
        p1_0.blood_pressure,
        p1_0.body_temperature,
        p1_0.chief_complaints,
        p1_0.created_date,
        p1_0.diagnosis,
        p1_0.dispensed,
        p1_0.doctor_id,
        p1_0.next_follow_up_date,
        p1_0.notes,
        p1_0.patient_id,
        p1_0.prescription_number,
        p1_0.pulse_rate,
        p1_0.symptoms,
        p1_0.weight 
    from
        prescriptions p1_0 
    where
        p1_0.dispensed is null 
        or p1_0.dispensed=false 
    order by
        p1_0.created_date desc
Hibernate: 
    select
        d1_0.id,
        d1_0.available_days,
        d1_0.chamber,
        d1_0.consultation_fee,
        d1_0.designation,
        d1_0.doctor_department_id,
        d1_0.duty_hours,
        d1_0.experience_years,
        d1_0.follow_up_fee,
        d1_0.gender,
        d1_0.join_date,
        d1_0.photo,
        d1_0.registration_number,
        d1_0.signature,
        d1_0.specialization,
        d1_0.status,
        d1_0.study,
        d1_0.user_id 
    from
        doctors d1_0 
    where
        d1_0.id=?
Hibernate: 
    select
        dd1_0.id,
        dd1_0.department_name,
        dd1_0.description 
    from
        doctor_departments dd1_0 
    where
        dd1_0.id=?
Hibernate: 
    select
        u1_0.id,
        u1_0.active,
        u1_0.email,
        u1_0.image,
        u1_0.name,
        u1_0.password,
        u1_0.phone,
        u1_0.role 
    from
        users u1_0 
    where
        u1_0.id=?
Hibernate: 
    select
        p1_0.id,
        p1_0.address,
        p1_0.alternate_phone,
        p1_0.blood_group,
        p1_0.city,
        p1_0.date_of_birth,
        p1_0.district,
        p1_0.email,
        p1_0.emergency_contact_name,
        p1_0.emergency_contact_number,
        p1_0.gender,
        p1_0.marital_status,
        p1_0.name,
        p1_0.national_id,
        p1_0.patient_code,
        p1_0.phone,
        p1_0.postal_code,
        p1_0.relationship 
    from
        patients p1_0 
    where
        p1_0.id=?
Hibernate: 
    select
        pi1_0.prescription_id,
        pi1_0.id,
        pi1_0.dosage,
        pi1_0.duration,
        pi1_0.instruction,
        pi1_0.medicine_id,
        pi1_0.medicine_type 
    from
        prescription_items pi1_0 
    where
        pi1_0.prescription_id=?
Hibernate: 
    select
        m1_0.id,
        m1_0.dosage,
        g1_0.id,
        g1_0.generic_name,
        m1_0.medicine_name 
    from
        medicines m1_0 
    left join
        generics g1_0 
            on g1_0.id=m1_0.generic_id 
    where
        m1_0.id=?
Hibernate: 
    select
        m1_0.id,
        m1_0.dosage,
        g1_0.id,
        g1_0.generic_name,
        m1_0.medicine_name 
    from
        medicines m1_0 
    left join
        generics g1_0 
            on g1_0.id=m1_0.generic_id 
    where
        m1_0.id=?
Hibernate: 
    select
        m1_0.id,
        m1_0.dosage,
        g1_0.id,
        g1_0.generic_name,
        m1_0.medicine_name 
    from
        medicines m1_0 
    left join
        generics g1_0 
            on g1_0.id=m1_0.generic_id 
    where
        m1_0.id=?
Hibernate: 
    select
        t1_0.id,
        t1_0.lab_report_id,
        t1_0.last_updated,
        t1_0.order_status,
        t1_0.ordered_date,
        t1_0.patient_id,
        t1_0.doctor_id,
        t1_0.prescription_id,
        t1_0.report_file_path,
        t1_0.result_entered_by,
        t1_0.result_entered_date,
        t1_0.result_notes,
        t1_0.result_value,
        t1_0.sample_collected_date,
        t1_0.sample_collector_name,
        t1_0.sample_received_by,
        t1_0.sample_received_date,
        t1_0.sample_type,
        t1_0.test_master_id,
        t1_0.testing_start_date,
        t1_0.verification_notes,
        t1_0.verified_by,
        t1_0.verified_date 
    from
        tests t1_0 
    where
        t1_0.prescription_id=?
Hibernate: 
    select
        tm1_0.id,
        tm1_0.active,
        tm1_0.normal_range,
        tm1_0.standard_price,
        tm1_0.test_code,
        tm1_0.test_name 
    from
        test_masters tm1_0 
    where
        tm1_0.id=?
Hibernate: 
    select
        tm1_0.id,
        tm1_0.active,
        tm1_0.normal_range,
        tm1_0.standard_price,
        tm1_0.test_code,
        tm1_0.test_name 
    from
        test_masters tm1_0 
    where
        tm1_0.id=?
Hibernate: 
    select
        p1_0.id,
        p1_0.address,
        p1_0.alternate_phone,
        p1_0.blood_group,
        p1_0.city,
        p1_0.date_of_birth,
        p1_0.district,
        p1_0.email,
        p1_0.emergency_contact_name,
        p1_0.emergency_contact_number,
        p1_0.gender,
        p1_0.marital_status,
        p1_0.name,
        p1_0.national_id,
        p1_0.patient_code,
        p1_0.phone,
        p1_0.postal_code,
        p1_0.relationship 
    from
        patients p1_0 
    where
        p1_0.id=?
Hibernate: 
    select
        pi1_0.prescription_id,
        pi1_0.id,
        pi1_0.dosage,
        pi1_0.duration,
        pi1_0.instruction,
        pi1_0.medicine_id,
        pi1_0.medicine_type 
    from
        prescription_items pi1_0 
    where
        pi1_0.prescription_id=?
Hibernate: 
    select
        t1_0.id,
        t1_0.lab_report_id,
        t1_0.last_updated,
        t1_0.order_status,
        t1_0.ordered_date,
        t1_0.patient_id,
        t1_0.doctor_id,
        t1_0.prescription_id,
        t1_0.report_file_path,
        t1_0.result_entered_by,
        t1_0.result_entered_date,
        t1_0.result_notes,
        t1_0.result_value,
        t1_0.sample_collected_date,
        t1_0.sample_collector_name,
        t1_0.sample_received_by,
        t1_0.sample_received_date,
        t1_0.sample_type,
        t1_0.test_master_id,
        t1_0.testing_start_date,
        t1_0.verification_notes,
        t1_0.verified_by,
        t1_0.verified_date 
    from
        tests t1_0 
    where
        t1_0.prescription_id=?
Hibernate: 
    select
        tm1_0.id,
        tm1_0.active,
        tm1_0.normal_range,
        tm1_0.standard_price,
        tm1_0.test_code,
        tm1_0.test_name 
    from
        test_masters tm1_0 
    where
        tm1_0.id=?
Hibernate: 
    select
        p1_0.id,
        p1_0.address,
        p1_0.alternate_phone,
        p1_0.blood_group,
        p1_0.city,
        p1_0.date_of_birth,
        p1_0.district,
        p1_0.email,
        p1_0.emergency_contact_name,
        p1_0.emergency_contact_number,
        p1_0.gender,
        p1_0.marital_status,
        p1_0.name,
        p1_0.national_id,
        p1_0.patient_code,
        p1_0.phone,
        p1_0.postal_code,
        p1_0.relationship 
    from
        patients p1_0 
    where
        p1_0.id=?
Hibernate: 
    select
        pi1_0.prescription_id,
        pi1_0.id,
        pi1_0.dosage,
        pi1_0.duration,
        pi1_0.instruction,
        pi1_0.medicine_id,
        pi1_0.medicine_type 
    from
        prescription_items pi1_0 
    where
        pi1_0.prescription_id=?
Hibernate: 
    select
        m1_0.id,
        m1_0.dosage,
        g1_0.id,
        g1_0.generic_name,
        m1_0.medicine_name 
    from
        medicines m1_0 
    left join
        generics g1_0 
            on g1_0.id=m1_0.generic_id 
    where
        m1_0.id=?
Hibernate: 
    select
        t1_0.id,
        t1_0.lab_report_id,
        t1_0.last_updated,
        t1_0.order_status,
        t1_0.ordered_date,
        t1_0.patient_id,
        t1_0.doctor_id,
        t1_0.prescription_id,
        t1_0.report_file_path,
        t1_0.result_entered_by,
        t1_0.result_entered_date,
        t1_0.result_notes,
        t1_0.result_value,
        t1_0.sample_collected_date,
        t1_0.sample_collector_name,
        t1_0.sample_received_by,
        t1_0.sample_received_date,
        t1_0.sample_type,
        t1_0.test_master_id,
        t1_0.testing_start_date,
        t1_0.verification_notes,
        t1_0.verified_by,
        t1_0.verified_date 
    from
        tests t1_0 
    where
        t1_0.prescription_id=?
Hibernate: 
    select
        tm1_0.id,
        tm1_0.active,
        tm1_0.normal_range,
        tm1_0.standard_price,
        tm1_0.test_code,
        tm1_0.test_name 
    from
        test_masters tm1_0 
    where
        tm1_0.id=?
Hibernate: 
    select
        tm1_0.id,
        tm1_0.active,
        tm1_0.normal_range,
        tm1_0.standard_price,
        tm1_0.test_code,
        tm1_0.test_name 
    from
        test_masters tm1_0 
    where
        tm1_0.id=?
Hibernate: 
    select
        d1_0.id,
        d1_0.available_days,
        d1_0.chamber,
        d1_0.consultation_fee,
        d1_0.designation,
        d1_0.doctor_department_id,
        d1_0.duty_hours,
        d1_0.experience_years,
        d1_0.follow_up_fee,
        d1_0.gender,
        d1_0.join_date,
        d1_0.photo,
        d1_0.registration_number,
        d1_0.signature,
        d1_0.specialization,
        d1_0.status,
        d1_0.study,
        d1_0.user_id 
    from
        doctors d1_0 
    where
        d1_0.id=?
Hibernate: 
    select
        dd1_0.id,
        dd1_0.department_name,
        dd1_0.description 
    from
        doctor_departments dd1_0 
    where
        dd1_0.id=?
Hibernate: 
    select
        u1_0.id,
        u1_0.active,
        u1_0.email,
        u1_0.image,
        u1_0.name,
        u1_0.password,
        u1_0.phone,
        u1_0.role 
    from
        users u1_0 
    where
        u1_0.id=?
Hibernate: 
    select
        p1_0.id,
        p1_0.address,
        p1_0.alternate_phone,
        p1_0.blood_group,
        p1_0.city,
        p1_0.date_of_birth,
        p1_0.district,
        p1_0.email,
        p1_0.emergency_contact_name,
        p1_0.emergency_contact_number,
        p1_0.gender,
        p1_0.marital_status,
        p1_0.name,
        p1_0.national_id,
        p1_0.patient_code,
        p1_0.phone,
        p1_0.postal_code,
        p1_0.relationship 
    from
        patients p1_0 
    where
        p1_0.id=?
Hibernate: 
    select
        pi1_0.prescription_id,
        pi1_0.id,
        pi1_0.dosage,
        pi1_0.duration,
        pi1_0.instruction,
        pi1_0.medicine_id,
        pi1_0.medicine_type 
    from
        prescription_items pi1_0 
    where
        pi1_0.prescription_id=?
Hibernate: 
    select
        m1_0.id,
        m1_0.dosage,
        g1_0.id,
        g1_0.generic_name,
        m1_0.medicine_name 
    from
        medicines m1_0 
    left join
        generics g1_0 
            on g1_0.id=m1_0.generic_id 
    where
        m1_0.id=?
Hibernate: 
    select
        t1_0.id,
        t1_0.lab_report_id,
        t1_0.last_updated,
        t1_0.order_status,
        t1_0.ordered_date,
        t1_0.patient_id,
        t1_0.doctor_id,
        t1_0.prescription_id,
        t1_0.report_file_path,
        t1_0.result_entered_by,
        t1_0.result_entered_date,
        t1_0.result_notes,
        t1_0.result_value,
        t1_0.sample_collected_date,
        t1_0.sample_collector_name,
        t1_0.sample_received_by,
        t1_0.sample_received_date,
        t1_0.sample_type,
        t1_0.test_master_id,
        t1_0.testing_start_date,
        t1_0.verification_notes,
        t1_0.verified_by,
        t1_0.verified_date 
    from
        tests t1_0 
    where
        t1_0.prescription_id=?
Hibernate: 
    select
        u1_0.id,
        u1_0.active,
        u1_0.email,
        u1_0.image,
        u1_0.name,
        u1_0.password,
        u1_0.phone,
        u1_0.role 
    from
        users u1_0 
    where
        u1_0.email=?
Hibernate: 
    select
        ps1_0.id,
        ps1_0.billing_id,
        ps1_0.change_amount,
        ps1_0.discount,
        ps1_0.doctor_id,
        ps1_0.doctor_name,
        ps1_0.net_payable,
        ps1_0.paid_amount,
        ps1_0.patient_id,
        ps1_0.patient_name,
        ps1_0.patient_phone,
        ps1_0.patient_type,
        ps1_0.payment_method,
        ps1_0.payment_status,
        ps1_0.prescription_id,
        ps1_0.sale_date,
        ps1_0.sale_invoice_no,
        ps1_0.sale_type,
        ps1_0.total_amount,
        ps1_0.vat 
    from
        pharmacy_sales ps1_0 
    order by
        ps1_0.sale_date desc
Hibernate: 
    select
        i1_0.pharmacy_sale_id,
        i1_0.id,
        i1_0.batch_number,
        i1_0.discount,
        i1_0.medicine_stock_id,
        i1_0.quantity,
        i1_0.subtotal,
        i1_0.unit_price 
    from
        pharmacy_sale_items i1_0 
    where
        i1_0.pharmacy_sale_id=?
Hibernate: 
    select
        ms1_0.id,
        ms1_0.active,
        ms1_0.barcode,
        ms1_0.batch_number,
        ms1_0.created_date,
        ms1_0.damaged_quantity,
        ms1_0.dosage_form,
        ms1_0.expiry_date,
        ms1_0.generic_name,
        ms1_0.manufacturing_date,
        ms1_0.medicine_name,
        ms1_0.minimum_stock_level,
        ms1_0.purchase_price,
        ms1_0.reorder_level,
        ms1_0.reserved_quantity,
        ms1_0.sale_price,
        ms1_0.stock_quantity,
        ms1_0.strength,
        ms1_0.supplier_id,
        ms1_0.vat 
    from
        medicine_stocks ms1_0 
    where
        ms1_0.id=?
Hibernate: 
    select
        ms1_0.id,
        ms1_0.active,
        ms1_0.barcode,
        ms1_0.batch_number,
        ms1_0.created_date,
        ms1_0.damaged_quantity,
        ms1_0.dosage_form,
        ms1_0.expiry_date,
        ms1_0.generic_name,
        ms1_0.manufacturing_date,
        ms1_0.medicine_name,
        ms1_0.minimum_stock_level,
        ms1_0.purchase_price,
        ms1_0.reorder_level,
        ms1_0.reserved_quantity,
        ms1_0.sale_price,
        ms1_0.stock_quantity,
        ms1_0.strength,
        ms1_0.supplier_id,
        ms1_0.vat 
    from
        medicine_stocks ms1_0 
    where
        ms1_0.id=?
Hibernate: 
    select
        i1_0.pharmacy_sale_id,
        i1_0.id,
        i1_0.batch_number,
        i1_0.discount,
        i1_0.medicine_stock_id,
        i1_0.quantity,
        i1_0.subtotal,
        i1_0.unit_price 
    from
        pharmacy_sale_items i1_0 
    where
        i1_0.pharmacy_sale_id=?
Hibernate: 
    select
        i1_0.pharmacy_sale_id,
        i1_0.id,
        i1_0.batch_number,
        i1_0.discount,
        i1_0.medicine_stock_id,
        i1_0.quantity,
        i1_0.subtotal,
        i1_0.unit_price 
    from
        pharmacy_sale_items i1_0 
    where
        i1_0.pharmacy_sale_id=?
Hibernate: 
    select
        i1_0.pharmacy_sale_id,
        i1_0.id,
        i1_0.batch_number,
        i1_0.discount,
        i1_0.medicine_stock_id,
        i1_0.quantity,
        i1_0.subtotal,
        i1_0.unit_price 
    from
        pharmacy_sale_items i1_0 
    where
        i1_0.pharmacy_sale_id=?
Hibernate: 
    select
        i1_0.pharmacy_sale_id,
        i1_0.id,
        i1_0.batch_number,
        i1_0.discount,
        i1_0.medicine_stock_id,
        i1_0.quantity,
        i1_0.subtotal,
        i1_0.unit_price 
    from
        pharmacy_sale_items i1_0 
    where
        i1_0.pharmacy_sale_id=?
Hibernate: 
    select
        u1_0.id,
        u1_0.active,
        u1_0.email,
        u1_0.image,
        u1_0.name,
        u1_0.password,
        u1_0.phone,
        u1_0.role 
    from
        users u1_0 
    where
        u1_0.email=?
Hibernate: 
    select
        ps1_0.id,
        ps1_0.billing_id,
        ps1_0.change_amount,
        ps1_0.discount,
        ps1_0.doctor_id,
        ps1_0.doctor_name,
        ps1_0.net_payable,
        ps1_0.paid_amount,
        ps1_0.patient_id,
        ps1_0.patient_name,
        ps1_0.patient_phone,
        ps1_0.patient_type,
        ps1_0.payment_method,
        ps1_0.payment_status,
        ps1_0.prescription_id,
        ps1_0.sale_date,
        ps1_0.sale_invoice_no,
        ps1_0.sale_type,
        ps1_0.total_amount,
        ps1_0.vat 
    from
        pharmacy_sales ps1_0 
    order by
        ps1_0.sale_date desc
Hibernate: 
    select
        i1_0.pharmacy_sale_id,
        i1_0.id,
        i1_0.batch_number,
        i1_0.discount,
        i1_0.medicine_stock_id,
        i1_0.quantity,
        i1_0.subtotal,
        i1_0.unit_price 
    from
        pharmacy_sale_items i1_0 
    where
        i1_0.pharmacy_sale_id=?
Hibernate: 
    select
        ms1_0.id,
        ms1_0.active,
        ms1_0.barcode,
        ms1_0.batch_number,
        ms1_0.created_date,
        ms1_0.damaged_quantity,
        ms1_0.dosage_form,
        ms1_0.expiry_date,
        ms1_0.generic_name,
        ms1_0.manufacturing_date,
        ms1_0.medicine_name,
        ms1_0.minimum_stock_level,
        ms1_0.purchase_price,
        ms1_0.reorder_level,
        ms1_0.reserved_quantity,
        ms1_0.sale_price,
        ms1_0.stock_quantity,
        ms1_0.strength,
        ms1_0.supplier_id,
        ms1_0.vat 
    from
        medicine_stocks ms1_0 
    where
        ms1_0.id=?
Hibernate: 
    select
        ms1_0.id,
        ms1_0.active,
        ms1_0.barcode,
        ms1_0.batch_number,
        ms1_0.created_date,
        ms1_0.damaged_quantity,
        ms1_0.dosage_form,
        ms1_0.expiry_date,
        ms1_0.generic_name,
        ms1_0.manufacturing_date,
        ms1_0.medicine_name,
        ms1_0.minimum_stock_level,
        ms1_0.purchase_price,
        ms1_0.reorder_level,
        ms1_0.reserved_quantity,
        ms1_0.sale_price,
        ms1_0.stock_quantity,
        ms1_0.strength,
        ms1_0.supplier_id,
        ms1_0.vat 
    from
        medicine_stocks ms1_0 
    where
        ms1_0.id=?
Hibernate: 
    select
        i1_0.pharmacy_sale_id,
        i1_0.id,
        i1_0.batch_number,
        i1_0.discount,
        i1_0.medicine_stock_id,
        i1_0.quantity,
        i1_0.subtotal,
        i1_0.unit_price 
    from
        pharmacy_sale_items i1_0 
    where
        i1_0.pharmacy_sale_id=?
Hibernate: 
    select
        i1_0.pharmacy_sale_id,
        i1_0.id,
        i1_0.batch_number,
        i1_0.discount,
        i1_0.medicine_stock_id,
        i1_0.quantity,
        i1_0.subtotal,
        i1_0.unit_price 
    from
        pharmacy_sale_items i1_0 
    where
        i1_0.pharmacy_sale_id=?
Hibernate: 
    select
        i1_0.pharmacy_sale_id,
        i1_0.id,
        i1_0.batch_number,
        i1_0.discount,
        i1_0.medicine_stock_id,
        i1_0.quantity,
        i1_0.subtotal,
        i1_0.unit_price 
    from
        pharmacy_sale_items i1_0 
    where
        i1_0.pharmacy_sale_id=?
Hibernate: 
    select
        i1_0.pharmacy_sale_id,
        i1_0.id,
        i1_0.batch_number,
        i1_0.discount,
        i1_0.medicine_stock_id,
        i1_0.quantity,
        i1_0.subtotal,
        i1_0.unit_price 
    from
        pharmacy_sale_items i1_0 
    where
        i1_0.pharmacy_sale_id=?
Hibernate: 
    select
        u1_0.id,
        u1_0.active,
        u1_0.email,
        u1_0.image,
        u1_0.name,
        u1_0.password,
        u1_0.phone,
        u1_0.role 
    from
        users u1_0 
    where
        u1_0.email=?
Hibernate: 
    select
        ps1_0.id,
        ps1_0.billing_id,
        ps1_0.change_amount,
        ps1_0.discount,
        ps1_0.doctor_id,
        ps1_0.doctor_name,
        ps1_0.net_payable,
        ps1_0.paid_amount,
        ps1_0.patient_id,
        ps1_0.patient_name,
        ps1_0.patient_phone,
        ps1_0.patient_type,
        ps1_0.payment_method,
        ps1_0.payment_status,
        ps1_0.prescription_id,
        ps1_0.sale_date,
        ps1_0.sale_invoice_no,
        ps1_0.sale_type,
        ps1_0.total_amount,
        ps1_0.vat 
    from
        pharmacy_sales ps1_0 
    order by
        ps1_0.sale_date desc
Hibernate: 
    select
        i1_0.pharmacy_sale_id,
        i1_0.id,
        i1_0.batch_number,
        i1_0.discount,
        i1_0.medicine_stock_id,
        i1_0.quantity,
        i1_0.subtotal,
        i1_0.unit_price 
    from
        pharmacy_sale_items i1_0 
    where
        i1_0.pharmacy_sale_id=?
Hibernate: 
    select
        ms1_0.id,
        ms1_0.active,
        ms1_0.barcode,
        ms1_0.batch_number,
        ms1_0.created_date,
        ms1_0.damaged_quantity,
        ms1_0.dosage_form,
        ms1_0.expiry_date,
        ms1_0.generic_name,
        ms1_0.manufacturing_date,
        ms1_0.medicine_name,
        ms1_0.minimum_stock_level,
        ms1_0.purchase_price,
        ms1_0.reorder_level,
        ms1_0.reserved_quantity,
        ms1_0.sale_price,
        ms1_0.stock_quantity,
        ms1_0.strength,
        ms1_0.supplier_id,
        ms1_0.vat 
    from
        medicine_stocks ms1_0 
    where
        ms1_0.id=?
Hibernate: 
    select
        ms1_0.id,
        ms1_0.active,
        ms1_0.barcode,
        ms1_0.batch_number,
        ms1_0.created_date,
        ms1_0.damaged_quantity,
        ms1_0.dosage_form,
        ms1_0.expiry_date,
        ms1_0.generic_name,
        ms1_0.manufacturing_date,
        ms1_0.medicine_name,
        ms1_0.minimum_stock_level,
        ms1_0.purchase_price,
        ms1_0.reorder_level,
        ms1_0.reserved_quantity,
        ms1_0.sale_price,
        ms1_0.stock_quantity,
        ms1_0.strength,
        ms1_0.supplier_id,
        ms1_0.vat 
    from
        medicine_stocks ms1_0 
    where
        ms1_0.id=?
Hibernate: 
    select
        i1_0.pharmacy_sale_id,
        i1_0.id,
        i1_0.batch_number,
        i1_0.discount,
        i1_0.medicine_stock_id,
        i1_0.quantity,
        i1_0.subtotal,
        i1_0.unit_price 
    from
        pharmacy_sale_items i1_0 
    where
        i1_0.pharmacy_sale_id=?
Hibernate: 
    select
        i1_0.pharmacy_sale_id,
        i1_0.id,
        i1_0.batch_number,
        i1_0.discount,
        i1_0.medicine_stock_id,
        i1_0.quantity,
        i1_0.subtotal,
        i1_0.unit_price 
    from
        pharmacy_sale_items i1_0 
    where
        i1_0.pharmacy_sale_id=?
Hibernate: 
    select
        i1_0.pharmacy_sale_id,
        i1_0.id,
        i1_0.batch_number,
        i1_0.discount,
        i1_0.medicine_stock_id,
        i1_0.quantity,
        i1_0.subtotal,
        i1_0.unit_price 
    from
        pharmacy_sale_items i1_0 
    where
        i1_0.pharmacy_sale_id=?
Hibernate: 
    select
        i1_0.pharmacy_sale_id,
        i1_0.id,
        i1_0.batch_number,
        i1_0.discount,
        i1_0.medicine_stock_id,
        i1_0.quantity,
        i1_0.subtotal,
        i1_0.unit_price 
    from
        pharmacy_sale_items i1_0 
    where
        i1_0.pharmacy_sale_id=?
Hibernate: 
    select
        u1_0.id,
        u1_0.active,
        u1_0.email,
        u1_0.image,
        u1_0.name,
        u1_0.password,
        u1_0.phone,
        u1_0.role 
    from
        users u1_0 
    where
        u1_0.email=?
Hibernate: 
    select
        ps1_0.id,
        ps1_0.billing_id,
        ps1_0.change_amount,
        ps1_0.discount,
        ps1_0.doctor_id,
        ps1_0.doctor_name,
        ps1_0.net_payable,
        ps1_0.paid_amount,
        ps1_0.patient_id,
        ps1_0.patient_name,
        ps1_0.patient_phone,
        ps1_0.patient_type,
        ps1_0.payment_method,
        ps1_0.payment_status,
        ps1_0.prescription_id,
        ps1_0.sale_date,
        ps1_0.sale_invoice_no,
        ps1_0.sale_type,
        ps1_0.total_amount,
        ps1_0.vat 
    from
        pharmacy_sales ps1_0 
    order by
        ps1_0.sale_date desc
Hibernate: 
    select
        i1_0.pharmacy_sale_id,
        i1_0.id,
        i1_0.batch_number,
        i1_0.discount,
        i1_0.medicine_stock_id,
        i1_0.quantity,
        i1_0.subtotal,
        i1_0.unit_price 
    from
        pharmacy_sale_items i1_0 
    where
        i1_0.pharmacy_sale_id=?
Hibernate: 
    select
        ms1_0.id,
        ms1_0.active,
        ms1_0.barcode,
        ms1_0.batch_number,
        ms1_0.created_date,
        ms1_0.damaged_quantity,
        ms1_0.dosage_form,
        ms1_0.expiry_date,
        ms1_0.generic_name,
        ms1_0.manufacturing_date,
        ms1_0.medicine_name,
        ms1_0.minimum_stock_level,
        ms1_0.purchase_price,
        ms1_0.reorder_level,
        ms1_0.reserved_quantity,
        ms1_0.sale_price,
        ms1_0.stock_quantity,
        ms1_0.strength,
        ms1_0.supplier_id,
        ms1_0.vat 
    from
        medicine_stocks ms1_0 
    where
        ms1_0.id=?
Hibernate: 
    select
        ms1_0.id,
        ms1_0.active,
        ms1_0.barcode,
        ms1_0.batch_number,
        ms1_0.created_date,
        ms1_0.damaged_quantity,
        ms1_0.dosage_form,
        ms1_0.expiry_date,
        ms1_0.generic_name,
        ms1_0.manufacturing_date,
        ms1_0.medicine_name,
        ms1_0.minimum_stock_level,
        ms1_0.purchase_price,
        ms1_0.reorder_level,
        ms1_0.reserved_quantity,
        ms1_0.sale_price,
        ms1_0.stock_quantity,
        ms1_0.strength,
        ms1_0.supplier_id,
        ms1_0.vat 
    from
        medicine_stocks ms1_0 
    where
        ms1_0.id=?
Hibernate: 
    select
        i1_0.pharmacy_sale_id,
        i1_0.id,
        i1_0.batch_number,
        i1_0.discount,
        i1_0.medicine_stock_id,
        i1_0.quantity,
        i1_0.subtotal,
        i1_0.unit_price 
    from
        pharmacy_sale_items i1_0 
    where
        i1_0.pharmacy_sale_id=?
Hibernate: 
    select
        i1_0.pharmacy_sale_id,
        i1_0.id,
        i1_0.batch_number,
        i1_0.discount,
        i1_0.medicine_stock_id,
        i1_0.quantity,
        i1_0.subtotal,
        i1_0.unit_price 
    from
        pharmacy_sale_items i1_0 
    where
        i1_0.pharmacy_sale_id=?
Hibernate: 
    select
        i1_0.pharmacy_sale_id,
        i1_0.id,
        i1_0.batch_number,
        i1_0.discount,
        i1_0.medicine_stock_id,
        i1_0.quantity,
        i1_0.subtotal,
        i1_0.unit_price 
    from
        pharmacy_sale_items i1_0 
    where
        i1_0.pharmacy_sale_id=?
Hibernate: 
    select
        i1_0.pharmacy_sale_id,
        i1_0.id,
        i1_0.batch_number,
        i1_0.discount,
        i1_0.medicine_stock_id,
        i1_0.quantity,
        i1_0.subtotal,
        i1_0.unit_price 
    from
        pharmacy_sale_items i1_0 
    where
        i1_0.pharmacy_sale_id=?
Hibernate: 
    select
        u1_0.id,
        u1_0.active,
        u1_0.email,
        u1_0.image,
        u1_0.name,
        u1_0.password,
        u1_0.phone,
        u1_0.role 
    from
        users u1_0 
    where
        u1_0.email=?
Hibernate: 
    select
        p1_0.id,
        p1_0.appointment_id,
        p1_0.blood_pressure,
        p1_0.body_temperature,
        p1_0.chief_complaints,
        p1_0.created_date,
        p1_0.diagnosis,
        p1_0.dispensed,
        p1_0.doctor_id,
        p1_0.next_follow_up_date,
        p1_0.notes,
        p1_0.patient_id,
        p1_0.prescription_number,
        p1_0.pulse_rate,
        p1_0.symptoms,
        p1_0.weight 
    from
        prescriptions p1_0 
    where
        p1_0.dispensed is null 
        or p1_0.dispensed=false 
    order by
        p1_0.created_date desc
Hibernate: 
    select
        d1_0.id,
        d1_0.available_days,
        d1_0.chamber,
        d1_0.consultation_fee,
        d1_0.designation,
        d1_0.doctor_department_id,
        d1_0.duty_hours,
        d1_0.experience_years,
        d1_0.follow_up_fee,
        d1_0.gender,
        d1_0.join_date,
        d1_0.photo,
        d1_0.registration_number,
        d1_0.signature,
        d1_0.specialization,
        d1_0.status,
        d1_0.study,
        d1_0.user_id 
    from
        doctors d1_0 
    where
        d1_0.id=?
Hibernate: 
    select
        dd1_0.id,
        dd1_0.department_name,
        dd1_0.description 
    from
        doctor_departments dd1_0 
    where
        dd1_0.id=?
Hibernate: 
    select
        u1_0.id,
        u1_0.active,
        u1_0.email,
        u1_0.image,
        u1_0.name,
        u1_0.password,
        u1_0.phone,
        u1_0.role 
    from
        users u1_0 
    where
        u1_0.id=?
Hibernate: 
    select
        p1_0.id,
        p1_0.address,
        p1_0.alternate_phone,
        p1_0.blood_group,
        p1_0.city,
        p1_0.date_of_birth,
        p1_0.district,
        p1_0.email,
        p1_0.emergency_contact_name,
        p1_0.emergency_contact_number,
        p1_0.gender,
        p1_0.marital_status,
        p1_0.name,
        p1_0.national_id,
        p1_0.patient_code,
        p1_0.phone,
        p1_0.postal_code,
        p1_0.relationship 
    from
        patients p1_0 
    where
        p1_0.id=?
Hibernate: 
    select
        pi1_0.prescription_id,
        pi1_0.id,
        pi1_0.dosage,
        pi1_0.duration,
        pi1_0.instruction,
        pi1_0.medicine_id,
        pi1_0.medicine_type 
    from
        prescription_items pi1_0 
    where
        pi1_0.prescription_id=?
Hibernate: 
    select
        m1_0.id,
        m1_0.dosage,
        g1_0.id,
        g1_0.generic_name,
        m1_0.medicine_name 
    from
        medicines m1_0 
    left join
        generics g1_0 
            on g1_0.id=m1_0.generic_id 
    where
        m1_0.id=?
Hibernate: 
    select
        m1_0.id,
        m1_0.dosage,
        g1_0.id,
        g1_0.generic_name,
        m1_0.medicine_name 
    from
        medicines m1_0 
    left join
        generics g1_0 
            on g1_0.id=m1_0.generic_id 
    where
        m1_0.id=?
Hibernate: 
    select
        m1_0.id,
        m1_0.dosage,
        g1_0.id,
        g1_0.generic_name,
        m1_0.medicine_name 
    from
        medicines m1_0 
    left join
        generics g1_0 
            on g1_0.id=m1_0.generic_id 
    where
        m1_0.id=?
Hibernate: 
    select
        t1_0.id,
        t1_0.lab_report_id,
        t1_0.last_updated,
        t1_0.order_status,
        t1_0.ordered_date,
        t1_0.patient_id,
        t1_0.doctor_id,
        t1_0.prescription_id,
        t1_0.report_file_path,
        t1_0.result_entered_by,
        t1_0.result_entered_date,
        t1_0.result_notes,
        t1_0.result_value,
        t1_0.sample_collected_date,
        t1_0.sample_collector_name,
        t1_0.sample_received_by,
        t1_0.sample_received_date,
        t1_0.sample_type,
        t1_0.test_master_id,
        t1_0.testing_start_date,
        t1_0.verification_notes,
        t1_0.verified_by,
        t1_0.verified_date 
    from
        tests t1_0 
    where
        t1_0.prescription_id=?
Hibernate: 
    select
        tm1_0.id,
        tm1_0.active,
        tm1_0.normal_range,
        tm1_0.standard_price,
        tm1_0.test_code,
        tm1_0.test_name 
    from
        test_masters tm1_0 
    where
        tm1_0.id=?
Hibernate: 
    select
        tm1_0.id,
        tm1_0.active,
        tm1_0.normal_range,
        tm1_0.standard_price,
        tm1_0.test_code,
        tm1_0.test_name 
    from
        test_masters tm1_0 
    where
        tm1_0.id=?
Hibernate: 
    select
        p1_0.id,
        p1_0.address,
        p1_0.alternate_phone,
        p1_0.blood_group,
        p1_0.city,
        p1_0.date_of_birth,
        p1_0.district,
        p1_0.email,
        p1_0.emergency_contact_name,
        p1_0.emergency_contact_number,
        p1_0.gender,
        p1_0.marital_status,
        p1_0.name,
        p1_0.national_id,
        p1_0.patient_code,
        p1_0.phone,
        p1_0.postal_code,
        p1_0.relationship 
    from
        patients p1_0 
    where
        p1_0.id=?
Hibernate: 
    select
        pi1_0.prescription_id,
        pi1_0.id,
        pi1_0.dosage,
        pi1_0.duration,
        pi1_0.instruction,
        pi1_0.medicine_id,
        pi1_0.medicine_type 
    from
        prescription_items pi1_0 
    where
        pi1_0.prescription_id=?
Hibernate: 
    select
        t1_0.id,
        t1_0.lab_report_id,
        t1_0.last_updated,
        t1_0.order_status,
        t1_0.ordered_date,
        t1_0.patient_id,
        t1_0.doctor_id,
        t1_0.prescription_id,
        t1_0.report_file_path,
        t1_0.result_entered_by,
        t1_0.result_entered_date,
        t1_0.result_notes,
        t1_0.result_value,
        t1_0.sample_collected_date,
        t1_0.sample_collector_name,
        t1_0.sample_received_by,
        t1_0.sample_received_date,
        t1_0.sample_type,
        t1_0.test_master_id,
        t1_0.testing_start_date,
        t1_0.verification_notes,
        t1_0.verified_by,
        t1_0.verified_date 
    from
        tests t1_0 
    where
        t1_0.prescription_id=?
Hibernate: 
    select
        tm1_0.id,
        tm1_0.active,
        tm1_0.normal_range,
        tm1_0.standard_price,
        tm1_0.test_code,
        tm1_0.test_name 
    from
        test_masters tm1_0 
    where
        tm1_0.id=?
Hibernate: 
    select
        p1_0.id,
        p1_0.address,
        p1_0.alternate_phone,
        p1_0.blood_group,
        p1_0.city,
        p1_0.date_of_birth,
        p1_0.district,
        p1_0.email,
        p1_0.emergency_contact_name,
        p1_0.emergency_contact_number,
        p1_0.gender,
        p1_0.marital_status,
        p1_0.name,
        p1_0.national_id,
        p1_0.patient_code,
        p1_0.phone,
        p1_0.postal_code,
        p1_0.relationship 
    from
        patients p1_0 
    where
        p1_0.id=?
Hibernate: 
    select
        pi1_0.prescription_id,
        pi1_0.id,
        pi1_0.dosage,
        pi1_0.duration,
        pi1_0.instruction,
        pi1_0.medicine_id,
        pi1_0.medicine_type 
    from
        prescription_items pi1_0 
    where
        pi1_0.prescription_id=?
Hibernate: 
    select
        m1_0.id,
        m1_0.dosage,
        g1_0.id,
        g1_0.generic_name,
        m1_0.medicine_name 
    from
        medicines m1_0 
    left join
        generics g1_0 
            on g1_0.id=m1_0.generic_id 
    where
        m1_0.id=?
Hibernate: 
    select
        t1_0.id,
        t1_0.lab_report_id,
        t1_0.last_updated,
        t1_0.order_status,
        t1_0.ordered_date,
        t1_0.patient_id,
        t1_0.doctor_id,
        t1_0.prescription_id,
        t1_0.report_file_path,
        t1_0.result_entered_by,
        t1_0.result_entered_date,
        t1_0.result_notes,
        t1_0.result_value,
        t1_0.sample_collected_date,
        t1_0.sample_collector_name,
        t1_0.sample_received_by,
        t1_0.sample_received_date,
        t1_0.sample_type,
        t1_0.test_master_id,
        t1_0.testing_start_date,
        t1_0.verification_notes,
        t1_0.verified_by,
        t1_0.verified_date 
    from
        tests t1_0 
    where
        t1_0.prescription_id=?
Hibernate: 
    select
        tm1_0.id,
        tm1_0.active,
        tm1_0.normal_range,
        tm1_0.standard_price,
        tm1_0.test_code,
        tm1_0.test_name 
    from
        test_masters tm1_0 
    where
        tm1_0.id=?
Hibernate: 
    select
        tm1_0.id,
        tm1_0.active,
        tm1_0.normal_range,
        tm1_0.standard_price,
        tm1_0.test_code,
        tm1_0.test_name 
    from
        test_masters tm1_0 
    where
        tm1_0.id=?
Hibernate: 
    select
        d1_0.id,
        d1_0.available_days,
        d1_0.chamber,
        d1_0.consultation_fee,
        d1_0.designation,
        d1_0.doctor_department_id,
        d1_0.duty_hours,
        d1_0.experience_years,
        d1_0.follow_up_fee,
        d1_0.gender,
        d1_0.join_date,
        d1_0.photo,
        d1_0.registration_number,
        d1_0.signature,
        d1_0.specialization,
        d1_0.status,
        d1_0.study,
        d1_0.user_id 
    from
        doctors d1_0 
    where
        d1_0.id=?
Hibernate: 
    select
        dd1_0.id,
        dd1_0.department_name,
        dd1_0.description 
    from
        doctor_departments dd1_0 
    where
        dd1_0.id=?
Hibernate: 
    select
        u1_0.id,
        u1_0.active,
        u1_0.email,
        u1_0.image,
        u1_0.name,
        u1_0.password,
        u1_0.phone,
        u1_0.role 
    from
        users u1_0 
    where
        u1_0.id=?
Hibernate: 
    select
        p1_0.id,
        p1_0.address,
        p1_0.alternate_phone,
        p1_0.blood_group,
        p1_0.city,
        p1_0.date_of_birth,
        p1_0.district,
        p1_0.email,
        p1_0.emergency_contact_name,
        p1_0.emergency_contact_number,
        p1_0.gender,
        p1_0.marital_status,
        p1_0.name,
        p1_0.national_id,
        p1_0.patient_code,
        p1_0.phone,
        p1_0.postal_code,
        p1_0.relationship 
    from
        patients p1_0 
    where
        p1_0.id=?
Hibernate: 
    select
        pi1_0.prescription_id,
        pi1_0.id,
        pi1_0.dosage,
        pi1_0.duration,
        pi1_0.instruction,
        pi1_0.medicine_id,
        pi1_0.medicine_type 
    from
        prescription_items pi1_0 
    where
        pi1_0.prescription_id=?
Hibernate: 
    select
        m1_0.id,
        m1_0.dosage,
        g1_0.id,
        g1_0.generic_name,
        m1_0.medicine_name 
    from
        medicines m1_0 
    left join
        generics g1_0 
            on g1_0.id=m1_0.generic_id 
    where
        m1_0.id=?
Hibernate: 
    select
        t1_0.id,
        t1_0.lab_report_id,
        t1_0.last_updated,
        t1_0.order_status,
        t1_0.ordered_date,
        t1_0.patient_id,
        t1_0.doctor_id,
        t1_0.prescription_id,
        t1_0.report_file_path,
        t1_0.result_entered_by,
        t1_0.result_entered_date,
        t1_0.result_notes,
        t1_0.result_value,
        t1_0.sample_collected_date,
        t1_0.sample_collector_name,
        t1_0.sample_received_by,
        t1_0.sample_received_date,
        t1_0.sample_type,
        t1_0.test_master_id,
        t1_0.testing_start_date,
        t1_0.verification_notes,
        t1_0.verified_by,
        t1_0.verified_date 
    from
        tests t1_0 
    where
        t1_0.prescription_id=?
Hibernate: 
    select
        u1_0.id,
        u1_0.active,
        u1_0.email,
        u1_0.image,
        u1_0.name,
        u1_0.password,
        u1_0.phone,
        u1_0.role 
    from
        users u1_0 
    where
        u1_0.email=?
Hibernate: 
    select
        p1_0.id,
        p1_0.appointment_id,
        p1_0.blood_pressure,
        p1_0.body_temperature,
        p1_0.chief_complaints,
        p1_0.created_date,
        p1_0.diagnosis,
        p1_0.dispensed,
        p1_0.doctor_id,
        p1_0.next_follow_up_date,
        p1_0.notes,
        p1_0.patient_id,
        p1_0.prescription_number,
        p1_0.pulse_rate,
        p1_0.symptoms,
        p1_0.weight 
    from
        prescriptions p1_0 
    where
        p1_0.dispensed is null 
        or p1_0.dispensed=false 
    order by
        p1_0.created_date desc
Hibernate: 
    select
        d1_0.id,
        d1_0.available_days,
        d1_0.chamber,
        d1_0.consultation_fee,
        d1_0.designation,
        d1_0.doctor_department_id,
        d1_0.duty_hours,
        d1_0.experience_years,
        d1_0.follow_up_fee,
        d1_0.gender,
        d1_0.join_date,
        d1_0.photo,
        d1_0.registration_number,
        d1_0.signature,
        d1_0.specialization,
        d1_0.status,
        d1_0.study,
        d1_0.user_id 
    from
        doctors d1_0 
    where
        d1_0.id=?
Hibernate: 
    select
        dd1_0.id,
        dd1_0.department_name,
        dd1_0.description 
    from
        doctor_departments dd1_0 
    where
        dd1_0.id=?
Hibernate: 
    select
        u1_0.id,
        u1_0.active,
        u1_0.email,
        u1_0.image,
        u1_0.name,
        u1_0.password,
        u1_0.phone,
        u1_0.role 
    from
        users u1_0 
    where
        u1_0.id=?
Hibernate: 
    select
        p1_0.id,
        p1_0.address,
        p1_0.alternate_phone,
        p1_0.blood_group,
        p1_0.city,
        p1_0.date_of_birth,
        p1_0.district,
        p1_0.email,
        p1_0.emergency_contact_name,
        p1_0.emergency_contact_number,
        p1_0.gender,
        p1_0.marital_status,
        p1_0.name,
        p1_0.national_id,
        p1_0.patient_code,
        p1_0.phone,
        p1_0.postal_code,
        p1_0.relationship 
    from
        patients p1_0 
    where
        p1_0.id=?
Hibernate: 
    select
        pi1_0.prescription_id,
        pi1_0.id,
        pi1_0.dosage,
        pi1_0.duration,
        pi1_0.instruction,
        pi1_0.medicine_id,
        pi1_0.medicine_type 
    from
        prescription_items pi1_0 
    where
        pi1_0.prescription_id=?
Hibernate: 
    select
        m1_0.id,
        m1_0.dosage,
        g1_0.id,
        g1_0.generic_name,
        m1_0.medicine_name 
    from
        medicines m1_0 
    left join
        generics g1_0 
            on g1_0.id=m1_0.generic_id 
    where
        m1_0.id=?
Hibernate: 
    select
        m1_0.id,
        m1_0.dosage,
        g1_0.id,
        g1_0.generic_name,
        m1_0.medicine_name 
    from
        medicines m1_0 
    left join
        generics g1_0 
            on g1_0.id=m1_0.generic_id 
    where
        m1_0.id=?
Hibernate: 
    select
        m1_0.id,
        m1_0.dosage,
        g1_0.id,
        g1_0.generic_name,
        m1_0.medicine_name 
    from
        medicines m1_0 
    left join
        generics g1_0 
            on g1_0.id=m1_0.generic_id 
    where
        m1_0.id=?
Hibernate: 
    select
        t1_0.id,
        t1_0.lab_report_id,
        t1_0.last_updated,
        t1_0.order_status,
        t1_0.ordered_date,
        t1_0.patient_id,
        t1_0.doctor_id,
        t1_0.prescription_id,
        t1_0.report_file_path,
        t1_0.result_entered_by,
        t1_0.result_entered_date,
        t1_0.result_notes,
        t1_0.result_value,
        t1_0.sample_collected_date,
        t1_0.sample_collector_name,
        t1_0.sample_received_by,
        t1_0.sample_received_date,
        t1_0.sample_type,
        t1_0.test_master_id,
        t1_0.testing_start_date,
        t1_0.verification_notes,
        t1_0.verified_by,
        t1_0.verified_date 
    from
        tests t1_0 
    where
        t1_0.prescription_id=?
Hibernate: 
    select
        tm1_0.id,
        tm1_0.active,
        tm1_0.normal_range,
        tm1_0.standard_price,
        tm1_0.test_code,
        tm1_0.test_name 
    from
        test_masters tm1_0 
    where
        tm1_0.id=?
Hibernate: 
    select
        tm1_0.id,
        tm1_0.active,
        tm1_0.normal_range,
        tm1_0.standard_price,
        tm1_0.test_code,
        tm1_0.test_name 
    from
        test_masters tm1_0 
    where
        tm1_0.id=?
Hibernate: 
    select
        p1_0.id,
        p1_0.address,
        p1_0.alternate_phone,
        p1_0.blood_group,
        p1_0.city,
        p1_0.date_of_birth,
        p1_0.district,
        p1_0.email,
        p1_0.emergency_contact_name,
        p1_0.emergency_contact_number,
        p1_0.gender,
        p1_0.marital_status,
        p1_0.name,
        p1_0.national_id,
        p1_0.patient_code,
        p1_0.phone,
        p1_0.postal_code,
        p1_0.relationship 
    from
        patients p1_0 
    where
        p1_0.id=?
Hibernate: 
    select
        pi1_0.prescription_id,
        pi1_0.id,
        pi1_0.dosage,
        pi1_0.duration,
        pi1_0.instruction,
        pi1_0.medicine_id,
        pi1_0.medicine_type 
    from
        prescription_items pi1_0 
    where
        pi1_0.prescription_id=?
Hibernate: 
    select
        t1_0.id,
        t1_0.lab_report_id,
        t1_0.last_updated,
        t1_0.order_status,
        t1_0.ordered_date,
        t1_0.patient_id,
        t1_0.doctor_id,
        t1_0.prescription_id,
        t1_0.report_file_path,
        t1_0.result_entered_by,
        t1_0.result_entered_date,
        t1_0.result_notes,
        t1_0.result_value,
        t1_0.sample_collected_date,
        t1_0.sample_collector_name,
        t1_0.sample_received_by,
        t1_0.sample_received_date,
        t1_0.sample_type,
        t1_0.test_master_id,
        t1_0.testing_start_date,
        t1_0.verification_notes,
        t1_0.verified_by,
        t1_0.verified_date 
    from
        tests t1_0 
    where
        t1_0.prescription_id=?
Hibernate: 
    select
        tm1_0.id,
        tm1_0.active,
        tm1_0.normal_range,
        tm1_0.standard_price,
        tm1_0.test_code,
        tm1_0.test_name 
    from
        test_masters tm1_0 
    where
        tm1_0.id=?
Hibernate: 
    select
        p1_0.id,
        p1_0.address,
        p1_0.alternate_phone,
        p1_0.blood_group,
        p1_0.city,
        p1_0.date_of_birth,
        p1_0.district,
        p1_0.email,
        p1_0.emergency_contact_name,
        p1_0.emergency_contact_number,
        p1_0.gender,
        p1_0.marital_status,
        p1_0.name,
        p1_0.national_id,
        p1_0.patient_code,
        p1_0.phone,
        p1_0.postal_code,
        p1_0.relationship 
    from
        patients p1_0 
    where
        p1_0.id=?
Hibernate: 
    select
        pi1_0.prescription_id,
        pi1_0.id,
        pi1_0.dosage,
        pi1_0.duration,
        pi1_0.instruction,
        pi1_0.medicine_id,
        pi1_0.medicine_type 
    from
        prescription_items pi1_0 
    where
        pi1_0.prescription_id=?
Hibernate: 
    select
        m1_0.id,
        m1_0.dosage,
        g1_0.id,
        g1_0.generic_name,
        m1_0.medicine_name 
    from
        medicines m1_0 
    left join
        generics g1_0 
            on g1_0.id=m1_0.generic_id 
    where
        m1_0.id=?
Hibernate: 
    select
        t1_0.id,
        t1_0.lab_report_id,
        t1_0.last_updated,
        t1_0.order_status,
        t1_0.ordered_date,
        t1_0.patient_id,
        t1_0.doctor_id,
        t1_0.prescription_id,
        t1_0.report_file_path,
        t1_0.result_entered_by,
        t1_0.result_entered_date,
        t1_0.result_notes,
        t1_0.result_value,
        t1_0.sample_collected_date,
        t1_0.sample_collector_name,
        t1_0.sample_received_by,
        t1_0.sample_received_date,
        t1_0.sample_type,
        t1_0.test_master_id,
        t1_0.testing_start_date,
        t1_0.verification_notes,
        t1_0.verified_by,
        t1_0.verified_date 
    from
        tests t1_0 
    where
        t1_0.prescription_id=?
Hibernate: 
    select
        tm1_0.id,
        tm1_0.active,
        tm1_0.normal_range,
        tm1_0.standard_price,
        tm1_0.test_code,
        tm1_0.test_name 
    from
        test_masters tm1_0 
    where
        tm1_0.id=?
Hibernate: 
    select
        tm1_0.id,
        tm1_0.active,
        tm1_0.normal_range,
        tm1_0.standard_price,
        tm1_0.test_code,
        tm1_0.test_name 
    from
        test_masters tm1_0 
    where
        tm1_0.id=?
Hibernate: 
    select
        d1_0.id,
        d1_0.available_days,
        d1_0.chamber,
        d1_0.consultation_fee,
        d1_0.designation,
        d1_0.doctor_department_id,
        d1_0.duty_hours,
        d1_0.experience_years,
        d1_0.follow_up_fee,
        d1_0.gender,
        d1_0.join_date,
        d1_0.photo,
        d1_0.registration_number,
        d1_0.signature,
        d1_0.specialization,
        d1_0.status,
        d1_0.study,
        d1_0.user_id 
    from
        doctors d1_0 
    where
        d1_0.id=?
Hibernate: 
    select
        dd1_0.id,
        dd1_0.department_name,
        dd1_0.description 
    from
        doctor_departments dd1_0 
    where
        dd1_0.id=?
Hibernate: 
    select
        u1_0.id,
        u1_0.active,
        u1_0.email,
        u1_0.image,
        u1_0.name,
        u1_0.password,
        u1_0.phone,
        u1_0.role 
    from
        users u1_0 
    where
        u1_0.id=?
Hibernate: 
    select
        p1_0.id,
        p1_0.address,
        p1_0.alternate_phone,
        p1_0.blood_group,
        p1_0.city,
        p1_0.date_of_birth,
        p1_0.district,
        p1_0.email,
        p1_0.emergency_contact_name,
        p1_0.emergency_contact_number,
        p1_0.gender,
        p1_0.marital_status,
        p1_0.name,
        p1_0.national_id,
        p1_0.patient_code,
        p1_0.phone,
        p1_0.postal_code,
        p1_0.relationship 
    from
        patients p1_0 
    where
        p1_0.id=?
Hibernate: 
    select
        pi1_0.prescription_id,
        pi1_0.id,
        pi1_0.dosage,
        pi1_0.duration,
        pi1_0.instruction,
        pi1_0.medicine_id,
        pi1_0.medicine_type 
    from
        prescription_items pi1_0 
    where
        pi1_0.prescription_id=?
Hibernate: 
    select
        m1_0.id,
        m1_0.dosage,
        g1_0.id,
        g1_0.generic_name,
        m1_0.medicine_name 
    from
        medicines m1_0 
    left join
        generics g1_0 
            on g1_0.id=m1_0.generic_id 
    where
        m1_0.id=?
Hibernate: 
    select
        t1_0.id,
        t1_0.lab_report_id,
        t1_0.last_updated,
        t1_0.order_status,
        t1_0.ordered_date,
        t1_0.patient_id,
        t1_0.doctor_id,
        t1_0.prescription_id,
        t1_0.report_file_path,
        t1_0.result_entered_by,
        t1_0.result_entered_date,
        t1_0.result_notes,
        t1_0.result_value,
        t1_0.sample_collected_date,
        t1_0.sample_collector_name,
        t1_0.sample_received_by,
        t1_0.sample_received_date,
        t1_0.sample_type,
        t1_0.test_master_id,
        t1_0.testing_start_date,
        t1_0.verification_notes,
        t1_0.verified_by,
        t1_0.verified_date 
    from
        tests t1_0 
    where
        t1_0.prescription_id=?
Hibernate: 
    select
        u1_0.id,
        u1_0.active,
        u1_0.email,
        u1_0.image,
        u1_0.name,
        u1_0.password,
        u1_0.phone,
        u1_0.role 
    from
        users u1_0 
    where
        u1_0.email=?
Hibernate: 
    select
        ms1_0.id,
        ms1_0.active,
        ms1_0.barcode,
        ms1_0.batch_number,
        ms1_0.created_date,
        ms1_0.damaged_quantity,
        ms1_0.dosage_form,
        ms1_0.expiry_date,
        ms1_0.generic_name,
        ms1_0.manufacturing_date,
        ms1_0.medicine_name,
        ms1_0.minimum_stock_level,
        ms1_0.purchase_price,
        ms1_0.reorder_level,
        ms1_0.reserved_quantity,
        ms1_0.sale_price,
        ms1_0.stock_quantity,
        ms1_0.strength,
        ms1_0.supplier_id,
        ms1_0.vat 
    from
        medicine_stocks ms1_0 
    where
        ms1_0.active=true 
        and ms1_0.stock_quantity>0 
    order by
        ms1_0.medicine_name
Hibernate: 
    select
        s1_0.id,
        s1_0.active,
        s1_0.address,
        s1_0.company_name,
        s1_0.contact_person,
        s1_0.created_date,
        s1_0.drug_license,
        s1_0.email,
        s1_0.name,
        s1_0.notes,
        s1_0.phone,
        s1_0.total_due,
        s1_0.trade_license,
        s1_0.updated_date,
        s1_0.website 
    from
        suppliers s1_0 
    where
        s1_0.id=?
Hibernate: 
    select
        u1_0.id,
        u1_0.active,
        u1_0.email,
        u1_0.image,
        u1_0.name,
        u1_0.password,
        u1_0.phone,
        u1_0.role 
    from
        users u1_0 
    where
        u1_0.email=?
Hibernate: 
    select
        ms1_0.id,
        ms1_0.active,
        ms1_0.barcode,
        ms1_0.batch_number,
        ms1_0.created_date,
        ms1_0.damaged_quantity,
        ms1_0.dosage_form,
        ms1_0.expiry_date,
        ms1_0.generic_name,
        ms1_0.manufacturing_date,
        ms1_0.medicine_name,
        ms1_0.minimum_stock_level,
        ms1_0.purchase_price,
        ms1_0.reorder_level,
        ms1_0.reserved_quantity,
        ms1_0.sale_price,
        ms1_0.stock_quantity,
        ms1_0.strength,
        ms1_0.supplier_id,
        ms1_0.vat 
    from
        medicine_stocks ms1_0 
    where
        ms1_0.active=true 
        and ms1_0.stock_quantity>0 
    order by
        ms1_0.medicine_name
Hibernate: 
    select
        s1_0.id,
        s1_0.active,
        s1_0.address,
        s1_0.company_name,
        s1_0.contact_person,
        s1_0.created_date,
        s1_0.drug_license,
        s1_0.email,
        s1_0.name,
        s1_0.notes,
        s1_0.phone,
        s1_0.total_due,
        s1_0.trade_license,
        s1_0.updated_date,
        s1_0.website 
    from
        suppliers s1_0 
    where
        s1_0.id=?
Hibernate: 
    select
        u1_0.id,
        u1_0.active,
        u1_0.email,
        u1_0.image,
        u1_0.name,
        u1_0.password,
        u1_0.phone,
        u1_0.role 
    from
        users u1_0 
    where
        u1_0.email=?
Hibernate: 
    select
        ms1_0.id,
        ms1_0.active,
        ms1_0.barcode,
        ms1_0.batch_number,
        ms1_0.created_date,
        ms1_0.damaged_quantity,
        ms1_0.dosage_form,
        ms1_0.expiry_date,
        ms1_0.generic_name,
        ms1_0.manufacturing_date,
        ms1_0.medicine_name,
        ms1_0.minimum_stock_level,
        ms1_0.purchase_price,
        ms1_0.reorder_level,
        ms1_0.reserved_quantity,
        ms1_0.sale_price,
        ms1_0.stock_quantity,
        ms1_0.strength,
        ms1_0.supplier_id,
        ms1_0.vat 
    from
        medicine_stocks ms1_0 
    where
        ms1_0.active=true 
        and ms1_0.stock_quantity>0 
    order by
        ms1_0.medicine_name
Hibernate: 
    select
        s1_0.id,
        s1_0.active,
        s1_0.address,
        s1_0.company_name,
        s1_0.contact_person,
        s1_0.created_date,
        s1_0.drug_license,
        s1_0.email,
        s1_0.name,
        s1_0.notes,
        s1_0.phone,
        s1_0.total_due,
        s1_0.trade_license,
        s1_0.updated_date,
        s1_0.website 
    from
        suppliers s1_0 
    where
        s1_0.id=?
Hibernate: 
    select
        u1_0.id,
        u1_0.active,
        u1_0.email,
        u1_0.image,
        u1_0.name,
        u1_0.password,
        u1_0.phone,
        u1_0.role 
    from
        users u1_0 
    where
        u1_0.email=?
Hibernate: 
    select
        ps1_0.id,
        ps1_0.billing_id,
        ps1_0.change_amount,
        ps1_0.discount,
        ps1_0.doctor_id,
        ps1_0.doctor_name,
        ps1_0.net_payable,
        ps1_0.paid_amount,
        ps1_0.patient_id,
        ps1_0.patient_name,
        ps1_0.patient_phone,
        ps1_0.patient_type,
        ps1_0.payment_method,
        ps1_0.payment_status,
        ps1_0.prescription_id,
        ps1_0.sale_date,
        ps1_0.sale_invoice_no,
        ps1_0.sale_type,
        ps1_0.total_amount,
        ps1_0.vat 
    from
        pharmacy_sales ps1_0 
    order by
        ps1_0.sale_date desc
Hibernate: 
    select
        i1_0.pharmacy_sale_id,
        i1_0.id,
        i1_0.batch_number,
        i1_0.discount,
        i1_0.medicine_stock_id,
        i1_0.quantity,
        i1_0.subtotal,
        i1_0.unit_price 
    from
        pharmacy_sale_items i1_0 
    where
        i1_0.pharmacy_sale_id=?
Hibernate: 
    select
        ms1_0.id,
        ms1_0.active,
        ms1_0.barcode,
        ms1_0.batch_number,
        ms1_0.created_date,
        ms1_0.damaged_quantity,
        ms1_0.dosage_form,
        ms1_0.expiry_date,
        ms1_0.generic_name,
        ms1_0.manufacturing_date,
        ms1_0.medicine_name,
        ms1_0.minimum_stock_level,
        ms1_0.purchase_price,
        ms1_0.reorder_level,
        ms1_0.reserved_quantity,
        ms1_0.sale_price,
        ms1_0.stock_quantity,
        ms1_0.strength,
        ms1_0.supplier_id,
        ms1_0.vat 
    from
        medicine_stocks ms1_0 
    where
        ms1_0.id=?
Hibernate: 
    select
        ms1_0.id,
        ms1_0.active,
        ms1_0.barcode,
        ms1_0.batch_number,
        ms1_0.created_date,
        ms1_0.damaged_quantity,
        ms1_0.dosage_form,
        ms1_0.expiry_date,
        ms1_0.generic_name,
        ms1_0.manufacturing_date,
        ms1_0.medicine_name,
        ms1_0.minimum_stock_level,
        ms1_0.purchase_price,
        ms1_0.reorder_level,
        ms1_0.reserved_quantity,
        ms1_0.sale_price,
        ms1_0.stock_quantity,
        ms1_0.strength,
        ms1_0.supplier_id,
        ms1_0.vat 
    from
        medicine_stocks ms1_0 
    where
        ms1_0.id=?
Hibernate: 
    select
        i1_0.pharmacy_sale_id,
        i1_0.id,
        i1_0.batch_number,
        i1_0.discount,
        i1_0.medicine_stock_id,
        i1_0.quantity,
        i1_0.subtotal,
        i1_0.unit_price 
    from
        pharmacy_sale_items i1_0 
    where
        i1_0.pharmacy_sale_id=?
Hibernate: 
    select
        i1_0.pharmacy_sale_id,
        i1_0.id,
        i1_0.batch_number,
        i1_0.discount,
        i1_0.medicine_stock_id,
        i1_0.quantity,
        i1_0.subtotal,
        i1_0.unit_price 
    from
        pharmacy_sale_items i1_0 
    where
        i1_0.pharmacy_sale_id=?
Hibernate: 
    select
        i1_0.pharmacy_sale_id,
        i1_0.id,
        i1_0.batch_number,
        i1_0.discount,
        i1_0.medicine_stock_id,
        i1_0.quantity,
        i1_0.subtotal,
        i1_0.unit_price 
    from
        pharmacy_sale_items i1_0 
    where
        i1_0.pharmacy_sale_id=?
Hibernate: 
    select
        i1_0.pharmacy_sale_id,
        i1_0.id,
        i1_0.batch_number,
        i1_0.discount,
        i1_0.medicine_stock_id,
        i1_0.quantity,
        i1_0.subtotal,
        i1_0.unit_price 
    from
        pharmacy_sale_items i1_0 
    where
        i1_0.pharmacy_sale_id=?
Hibernate: 
    select
        u1_0.id,
        u1_0.active,
        u1_0.email,
        u1_0.image,
        u1_0.name,
        u1_0.password,
        u1_0.phone,
        u1_0.role 
    from
        users u1_0 
    where
        u1_0.email=?
Hibernate: 
    select
        ps1_0.id,
        ps1_0.billing_id,
        ps1_0.change_amount,
        ps1_0.discount,
        ps1_0.doctor_id,
        ps1_0.doctor_name,
        ps1_0.net_payable,
        ps1_0.paid_amount,
        ps1_0.patient_id,
        ps1_0.patient_name,
        ps1_0.patient_phone,
        ps1_0.patient_type,
        ps1_0.payment_method,
        ps1_0.payment_status,
        ps1_0.prescription_id,
        ps1_0.sale_date,
        ps1_0.sale_invoice_no,
        ps1_0.sale_type,
        ps1_0.total_amount,
        ps1_0.vat 
    from
        pharmacy_sales ps1_0 
    order by
        ps1_0.sale_date desc
Hibernate: 
    select
        i1_0.pharmacy_sale_id,
        i1_0.id,
        i1_0.batch_number,
        i1_0.discount,
        i1_0.medicine_stock_id,
        i1_0.quantity,
        i1_0.subtotal,
        i1_0.unit_price 
    from
        pharmacy_sale_items i1_0 
    where
        i1_0.pharmacy_sale_id=?
Hibernate: 
    select
        ms1_0.id,
        ms1_0.active,
        ms1_0.barcode,
        ms1_0.batch_number,
        ms1_0.created_date,
        ms1_0.damaged_quantity,
        ms1_0.dosage_form,
        ms1_0.expiry_date,
        ms1_0.generic_name,
        ms1_0.manufacturing_date,
        ms1_0.medicine_name,
        ms1_0.minimum_stock_level,
        ms1_0.purchase_price,
        ms1_0.reorder_level,
        ms1_0.reserved_quantity,
        ms1_0.sale_price,
        ms1_0.stock_quantity,
        ms1_0.strength,
        ms1_0.supplier_id,
        ms1_0.vat 
    from
        medicine_stocks ms1_0 
    where
        ms1_0.id=?
Hibernate: 
    select
        ms1_0.id,
        ms1_0.active,
        ms1_0.barcode,
        ms1_0.batch_number,
        ms1_0.created_date,
        ms1_0.damaged_quantity,
        ms1_0.dosage_form,
        ms1_0.expiry_date,
        ms1_0.generic_name,
        ms1_0.manufacturing_date,
        ms1_0.medicine_name,
        ms1_0.minimum_stock_level,
        ms1_0.purchase_price,
        ms1_0.reorder_level,
        ms1_0.reserved_quantity,
        ms1_0.sale_price,
        ms1_0.stock_quantity,
        ms1_0.strength,
        ms1_0.supplier_id,
        ms1_0.vat 
    from
        medicine_stocks ms1_0 
    where
        ms1_0.id=?
Hibernate: 
    select
        i1_0.pharmacy_sale_id,
        i1_0.id,
        i1_0.batch_number,
        i1_0.discount,
        i1_0.medicine_stock_id,
        i1_0.quantity,
        i1_0.subtotal,
        i1_0.unit_price 
    from
        pharmacy_sale_items i1_0 
    where
        i1_0.pharmacy_sale_id=?
Hibernate: 
    select
        i1_0.pharmacy_sale_id,
        i1_0.id,
        i1_0.batch_number,
        i1_0.discount,
        i1_0.medicine_stock_id,
        i1_0.quantity,
        i1_0.subtotal,
        i1_0.unit_price 
    from
        pharmacy_sale_items i1_0 
    where
        i1_0.pharmacy_sale_id=?
Hibernate: 
    select
        i1_0.pharmacy_sale_id,
        i1_0.id,
        i1_0.batch_number,
        i1_0.discount,
        i1_0.medicine_stock_id,
        i1_0.quantity,
        i1_0.subtotal,
        i1_0.unit_price 
    from
        pharmacy_sale_items i1_0 
    where
        i1_0.pharmacy_sale_id=?
Hibernate: 
    select
        i1_0.pharmacy_sale_id,
        i1_0.id,
        i1_0.batch_number,
        i1_0.discount,
        i1_0.medicine_stock_id,
        i1_0.quantity,
        i1_0.subtotal,
        i1_0.unit_price 
    from
        pharmacy_sale_items i1_0 
    where
        i1_0.pharmacy_sale_id=?
Hibernate: 
    select
        u1_0.id,
        u1_0.active,
        u1_0.email,
        u1_0.image,
        u1_0.name,
        u1_0.password,
        u1_0.phone,
        u1_0.role 
    from
        users u1_0 
    where
        u1_0.email=?
Hibernate: 
    select
        p1_0.id,
        p1_0.appointment_id,
        p1_0.blood_pressure,
        p1_0.body_temperature,
        p1_0.chief_complaints,
        p1_0.created_date,
        p1_0.diagnosis,
        p1_0.dispensed,
        p1_0.doctor_id,
        p1_0.next_follow_up_date,
        p1_0.notes,
        p1_0.patient_id,
        p1_0.prescription_number,
        p1_0.pulse_rate,
        p1_0.symptoms,
        p1_0.weight 
    from
        prescriptions p1_0 
    where
        p1_0.dispensed is null 
        or p1_0.dispensed=false 
    order by
        p1_0.created_date desc
Hibernate: 
    select
        d1_0.id,
        d1_0.available_days,
        d1_0.chamber,
        d1_0.consultation_fee,
        d1_0.designation,
        d1_0.doctor_department_id,
        d1_0.duty_hours,
        d1_0.experience_years,
        d1_0.follow_up_fee,
        d1_0.gender,
        d1_0.join_date,
        d1_0.photo,
        d1_0.registration_number,
        d1_0.signature,
        d1_0.specialization,
        d1_0.status,
        d1_0.study,
        d1_0.user_id 
    from
        doctors d1_0 
    where
        d1_0.id=?
Hibernate: 
    select
        dd1_0.id,
        dd1_0.department_name,
        dd1_0.description 
    from
        doctor_departments dd1_0 
    where
        dd1_0.id=?
Hibernate: 
    select
        u1_0.id,
        u1_0.active,
        u1_0.email,
        u1_0.image,
        u1_0.name,
        u1_0.password,
        u1_0.phone,
        u1_0.role 
    from
        users u1_0 
    where
        u1_0.id=?
Hibernate: 
    select
        p1_0.id,
        p1_0.address,
        p1_0.alternate_phone,
        p1_0.blood_group,
        p1_0.city,
        p1_0.date_of_birth,
        p1_0.district,
        p1_0.email,
        p1_0.emergency_contact_name,
        p1_0.emergency_contact_number,
        p1_0.gender,
        p1_0.marital_status,
        p1_0.name,
        p1_0.national_id,
        p1_0.patient_code,
        p1_0.phone,
        p1_0.postal_code,
        p1_0.relationship 
    from
        patients p1_0 
    where
        p1_0.id=?
Hibernate: 
    select
        pi1_0.prescription_id,
        pi1_0.id,
        pi1_0.dosage,
        pi1_0.duration,
        pi1_0.instruction,
        pi1_0.medicine_id,
        pi1_0.medicine_type 
    from
        prescription_items pi1_0 
    where
        pi1_0.prescription_id=?
Hibernate: 
    select
        m1_0.id,
        m1_0.dosage,
        g1_0.id,
        g1_0.generic_name,
        m1_0.medicine_name 
    from
        medicines m1_0 
    left join
        generics g1_0 
            on g1_0.id=m1_0.generic_id 
    where
        m1_0.id=?
Hibernate: 
    select
        m1_0.id,
        m1_0.dosage,
        g1_0.id,
        g1_0.generic_name,
        m1_0.medicine_name 
    from
        medicines m1_0 
    left join
        generics g1_0 
            on g1_0.id=m1_0.generic_id 
    where
        m1_0.id=?
Hibernate: 
    select
        m1_0.id,
        m1_0.dosage,
        g1_0.id,
        g1_0.generic_name,
        m1_0.medicine_name 
    from
        medicines m1_0 
    left join
        generics g1_0 
            on g1_0.id=m1_0.generic_id 
    where
        m1_0.id=?
Hibernate: 
    select
        t1_0.id,
        t1_0.lab_report_id,
        t1_0.last_updated,
        t1_0.order_status,
        t1_0.ordered_date,
        t1_0.patient_id,
        t1_0.doctor_id,
        t1_0.prescription_id,
        t1_0.report_file_path,
        t1_0.result_entered_by,
        t1_0.result_entered_date,
        t1_0.result_notes,
        t1_0.result_value,
        t1_0.sample_collected_date,
        t1_0.sample_collector_name,
        t1_0.sample_received_by,
        t1_0.sample_received_date,
        t1_0.sample_type,
        t1_0.test_master_id,
        t1_0.testing_start_date,
        t1_0.verification_notes,
        t1_0.verified_by,
        t1_0.verified_date 
    from
        tests t1_0 
    where
        t1_0.prescription_id=?
Hibernate: 
    select
        tm1_0.id,
        tm1_0.active,
        tm1_0.normal_range,
        tm1_0.standard_price,
        tm1_0.test_code,
        tm1_0.test_name 
    from
        test_masters tm1_0 
    where
        tm1_0.id=?
Hibernate: 
    select
        tm1_0.id,
        tm1_0.active,
        tm1_0.normal_range,
        tm1_0.standard_price,
        tm1_0.test_code,
        tm1_0.test_name 
    from
        test_masters tm1_0 
    where
        tm1_0.id=?
Hibernate: 
    select
        p1_0.id,
        p1_0.address,
        p1_0.alternate_phone,
        p1_0.blood_group,
        p1_0.city,
        p1_0.date_of_birth,
        p1_0.district,
        p1_0.email,
        p1_0.emergency_contact_name,
        p1_0.emergency_contact_number,
        p1_0.gender,
        p1_0.marital_status,
        p1_0.name,
        p1_0.national_id,
        p1_0.patient_code,
        p1_0.phone,
        p1_0.postal_code,
        p1_0.relationship 
    from
        patients p1_0 
    where
        p1_0.id=?
Hibernate: 
    select
        pi1_0.prescription_id,
        pi1_0.id,
        pi1_0.dosage,
        pi1_0.duration,
        pi1_0.instruction,
        pi1_0.medicine_id,
        pi1_0.medicine_type 
    from
        prescription_items pi1_0 
    where
        pi1_0.prescription_id=?
Hibernate: 
    select
        t1_0.id,
        t1_0.lab_report_id,
        t1_0.last_updated,
        t1_0.order_status,
        t1_0.ordered_date,
        t1_0.patient_id,
        t1_0.doctor_id,
        t1_0.prescription_id,
        t1_0.report_file_path,
        t1_0.result_entered_by,
        t1_0.result_entered_date,
        t1_0.result_notes,
        t1_0.result_value,
        t1_0.sample_collected_date,
        t1_0.sample_collector_name,
        t1_0.sample_received_by,
        t1_0.sample_received_date,
        t1_0.sample_type,
        t1_0.test_master_id,
        t1_0.testing_start_date,
        t1_0.verification_notes,
        t1_0.verified_by,
        t1_0.verified_date 
    from
        tests t1_0 
    where
        t1_0.prescription_id=?
Hibernate: 
    select
        tm1_0.id,
        tm1_0.active,
        tm1_0.normal_range,
        tm1_0.standard_price,
        tm1_0.test_code,
        tm1_0.test_name 
    from
        test_masters tm1_0 
    where
        tm1_0.id=?
Hibernate: 
    select
        p1_0.id,
        p1_0.address,
        p1_0.alternate_phone,
        p1_0.blood_group,
        p1_0.city,
        p1_0.date_of_birth,
        p1_0.district,
        p1_0.email,
        p1_0.emergency_contact_name,
        p1_0.emergency_contact_number,
        p1_0.gender,
        p1_0.marital_status,
        p1_0.name,
        p1_0.national_id,
        p1_0.patient_code,
        p1_0.phone,
        p1_0.postal_code,
        p1_0.relationship 
    from
        patients p1_0 
    where
        p1_0.id=?
Hibernate: 
    select
        pi1_0.prescription_id,
        pi1_0.id,
        pi1_0.dosage,
        pi1_0.duration,
        pi1_0.instruction,
        pi1_0.medicine_id,
        pi1_0.medicine_type 
    from
        prescription_items pi1_0 
    where
        pi1_0.prescription_id=?
Hibernate: 
    select
        m1_0.id,
        m1_0.dosage,
        g1_0.id,
        g1_0.generic_name,
        m1_0.medicine_name 
    from
        medicines m1_0 
    left join
        generics g1_0 
            on g1_0.id=m1_0.generic_id 
    where
        m1_0.id=?
Hibernate: 
    select
        t1_0.id,
        t1_0.lab_report_id,
        t1_0.last_updated,
        t1_0.order_status,
        t1_0.ordered_date,
        t1_0.patient_id,
        t1_0.doctor_id,
        t1_0.prescription_id,
        t1_0.report_file_path,
        t1_0.result_entered_by,
        t1_0.result_entered_date,
        t1_0.result_notes,
        t1_0.result_value,
        t1_0.sample_collected_date,
        t1_0.sample_collector_name,
        t1_0.sample_received_by,
        t1_0.sample_received_date,
        t1_0.sample_type,
        t1_0.test_master_id,
        t1_0.testing_start_date,
        t1_0.verification_notes,
        t1_0.verified_by,
        t1_0.verified_date 
    from
        tests t1_0 
    where
        t1_0.prescription_id=?
Hibernate: 
    select
        tm1_0.id,
        tm1_0.active,
        tm1_0.normal_range,
        tm1_0.standard_price,
        tm1_0.test_code,
        tm1_0.test_name 
    from
        test_masters tm1_0 
    where
        tm1_0.id=?
Hibernate: 
    select
        tm1_0.id,
        tm1_0.active,
        tm1_0.normal_range,
        tm1_0.standard_price,
        tm1_0.test_code,
        tm1_0.test_name 
    from
        test_masters tm1_0 
    where
        tm1_0.id=?
Hibernate: 
    select
        d1_0.id,
        d1_0.available_days,
        d1_0.chamber,
        d1_0.consultation_fee,
        d1_0.designation,
        d1_0.doctor_department_id,
        d1_0.duty_hours,
        d1_0.experience_years,
        d1_0.follow_up_fee,
        d1_0.gender,
        d1_0.join_date,
        d1_0.photo,
        d1_0.registration_number,
        d1_0.signature,
        d1_0.specialization,
        d1_0.status,
        d1_0.study,
        d1_0.user_id 
    from
        doctors d1_0 
    where
        d1_0.id=?
Hibernate: 
    select
        dd1_0.id,
        dd1_0.department_name,
        dd1_0.description 
    from
        doctor_departments dd1_0 
    where
        dd1_0.id=?
Hibernate: 
    select
        u1_0.id,
        u1_0.active,
        u1_0.email,
        u1_0.image,
        u1_0.name,
        u1_0.password,
        u1_0.phone,
        u1_0.role 
    from
        users u1_0 
    where
        u1_0.id=?
Hibernate: 
    select
        p1_0.id,
        p1_0.address,
        p1_0.alternate_phone,
        p1_0.blood_group,
        p1_0.city,
        p1_0.date_of_birth,
        p1_0.district,
        p1_0.email,
        p1_0.emergency_contact_name,
        p1_0.emergency_contact_number,
        p1_0.gender,
        p1_0.marital_status,
        p1_0.name,
        p1_0.national_id,
        p1_0.patient_code,
        p1_0.phone,
        p1_0.postal_code,
        p1_0.relationship 
    from
        patients p1_0 
    where
        p1_0.id=?
Hibernate: 
    select
        pi1_0.prescription_id,
        pi1_0.id,
        pi1_0.dosage,
        pi1_0.duration,
        pi1_0.instruction,
        pi1_0.medicine_id,
        pi1_0.medicine_type 
    from
        prescription_items pi1_0 
    where
        pi1_0.prescription_id=?
Hibernate: 
    select
        m1_0.id,
        m1_0.dosage,
        g1_0.id,
        g1_0.generic_name,
        m1_0.medicine_name 
    from
        medicines m1_0 
    left join
        generics g1_0 
            on g1_0.id=m1_0.generic_id 
    where
        m1_0.id=?
Hibernate: 
    select
        t1_0.id,
        t1_0.lab_report_id,
        t1_0.last_updated,
        t1_0.order_status,
        t1_0.ordered_date,
        t1_0.patient_id,
        t1_0.doctor_id,
        t1_0.prescription_id,
        t1_0.report_file_path,
        t1_0.result_entered_by,
        t1_0.result_entered_date,
        t1_0.result_notes,
        t1_0.result_value,
        t1_0.sample_collected_date,
        t1_0.sample_collector_name,
        t1_0.sample_received_by,
        t1_0.sample_received_date,
        t1_0.sample_type,
        t1_0.test_master_id,
        t1_0.testing_start_date,
        t1_0.verification_notes,
        t1_0.verified_by,
        t1_0.verified_date 
    from
        tests t1_0 
    where
        t1_0.prescription_id=?
Hibernate: 
    select
        u1_0.id,
        u1_0.active,
        u1_0.email,
        u1_0.image,
        u1_0.name,
        u1_0.password,
        u1_0.phone,
        u1_0.role 
    from
        users u1_0 
    where
        u1_0.email=?
Hibernate: 
    select
        ms1_0.id,
        ms1_0.active,
        ms1_0.barcode,
        ms1_0.batch_number,
        ms1_0.created_date,
        ms1_0.damaged_quantity,
        ms1_0.dosage_form,
        ms1_0.expiry_date,
        ms1_0.generic_name,
        ms1_0.manufacturing_date,
        ms1_0.medicine_name,
        ms1_0.minimum_stock_level,
        ms1_0.purchase_price,
        ms1_0.reorder_level,
        ms1_0.reserved_quantity,
        ms1_0.sale_price,
        ms1_0.stock_quantity,
        ms1_0.strength,
        ms1_0.supplier_id,
        ms1_0.vat 
    from
        medicine_stocks ms1_0 
    where
        ms1_0.active=true 
        and ms1_0.stock_quantity>0 
    order by
        ms1_0.medicine_name
Hibernate: 
    select
        s1_0.id,
        s1_0.active,
        s1_0.address,
        s1_0.company_name,
        s1_0.contact_person,
        s1_0.created_date,
        s1_0.drug_license,
        s1_0.email,
        s1_0.name,
        s1_0.notes,
        s1_0.phone,
        s1_0.total_due,
        s1_0.trade_license,
        s1_0.updated_date,
        s1_0.website 
    from
        suppliers s1_0 
    where
        s1_0.id=?
Hibernate: 
    select
        u1_0.id,
        u1_0.active,
        u1_0.email,
        u1_0.image,
        u1_0.name,
        u1_0.password,
        u1_0.phone,
        u1_0.role 
    from
        users u1_0 
    where
        u1_0.email=?
Hibernate: 
    select
        ms1_0.id,
        ms1_0.active,
        ms1_0.barcode,
        ms1_0.batch_number,
        ms1_0.created_date,
        ms1_0.damaged_quantity,
        ms1_0.dosage_form,
        ms1_0.expiry_date,
        ms1_0.generic_name,
        ms1_0.manufacturing_date,
        ms1_0.medicine_name,
        ms1_0.minimum_stock_level,
        ms1_0.purchase_price,
        ms1_0.reorder_level,
        ms1_0.reserved_quantity,
        ms1_0.sale_price,
        ms1_0.stock_quantity,
        ms1_0.strength,
        ms1_0.supplier_id,
        ms1_0.vat 
    from
        medicine_stocks ms1_0 
    where
        upper(ms1_0.medicine_name) like upper(?) escape '\\'
Hibernate: 
    select
        s1_0.id,
        s1_0.active,
        s1_0.address,
        s1_0.company_name,
        s1_0.contact_person,
        s1_0.created_date,
        s1_0.drug_license,
        s1_0.email,
        s1_0.name,
        s1_0.notes,
        s1_0.phone,
        s1_0.total_due,
        s1_0.trade_license,
        s1_0.updated_date,
        s1_0.website 
    from
        suppliers s1_0 
    where
        s1_0.id=?
Hibernate: 
    select
        u1_0.id,
        u1_0.active,
        u1_0.email,
        u1_0.image,
        u1_0.name,
        u1_0.password,
        u1_0.phone,
        u1_0.role 
    from
        users u1_0 
    where
        u1_0.email=?
Hibernate: 
    select
        ms1_0.id,
        ms1_0.active,
        ms1_0.barcode,
        ms1_0.batch_number,
        ms1_0.created_date,
        ms1_0.damaged_quantity,
        ms1_0.dosage_form,
        ms1_0.expiry_date,
        ms1_0.generic_name,
        ms1_0.manufacturing_date,
        ms1_0.medicine_name,
        ms1_0.minimum_stock_level,
        ms1_0.purchase_price,
        ms1_0.reorder_level,
        ms1_0.reserved_quantity,
        ms1_0.sale_price,
        ms1_0.stock_quantity,
        ms1_0.strength,
        ms1_0.supplier_id,
        ms1_0.vat 
    from
        medicine_stocks ms1_0 
    where
        upper(ms1_0.medicine_name) like upper(?) escape '\\'
Hibernate: 
    select
        s1_0.id,
        s1_0.active,
        s1_0.address,
        s1_0.company_name,
        s1_0.contact_person,
        s1_0.created_date,
        s1_0.drug_license,
        s1_0.email,
        s1_0.name,
        s1_0.notes,
        s1_0.phone,
        s1_0.total_due,
        s1_0.trade_license,
        s1_0.updated_date,
        s1_0.website 
    from
        suppliers s1_0 
    where
        s1_0.id=?
Hibernate: 
    select
        u1_0.id,
        u1_0.active,
        u1_0.email,
        u1_0.image,
        u1_0.name,
        u1_0.password,
        u1_0.phone,
        u1_0.role 
    from
        users u1_0 
    where
        u1_0.email=?
Hibernate: 
    select
        ms1_0.id,
        ms1_0.active,
        ms1_0.barcode,
        ms1_0.batch_number,
        ms1_0.created_date,
        ms1_0.damaged_quantity,
        ms1_0.dosage_form,
        ms1_0.expiry_date,
        ms1_0.generic_name,
        ms1_0.manufacturing_date,
        ms1_0.medicine_name,
        ms1_0.minimum_stock_level,
        ms1_0.purchase_price,
        ms1_0.reorder_level,
        ms1_0.reserved_quantity,
        ms1_0.sale_price,
        ms1_0.stock_quantity,
        ms1_0.strength,
        ms1_0.supplier_id,
        ms1_0.vat 
    from
        medicine_stocks ms1_0 
    where
        upper(ms1_0.medicine_name) like upper(?) escape '\\'
Hibernate: 
    select
        s1_0.id,
        s1_0.active,
        s1_0.address,
        s1_0.company_name,
        s1_0.contact_person,
        s1_0.created_date,
        s1_0.drug_license,
        s1_0.email,
        s1_0.name,
        s1_0.notes,
        s1_0.phone,
        s1_0.total_due,
        s1_0.trade_license,
        s1_0.updated_date,
        s1_0.website 
    from
        suppliers s1_0 
    where
        s1_0.id=?
Hibernate: 
    select
        u1_0.id,
        u1_0.active,
        u1_0.email,
        u1_0.image,
        u1_0.name,
        u1_0.password,
        u1_0.phone,
        u1_0.role 
    from
        users u1_0 
    where
        u1_0.email=?
Hibernate: 
    select
        ps1_0.id,
        ps1_0.billing_id,
        ps1_0.change_amount,
        ps1_0.discount,
        ps1_0.doctor_id,
        ps1_0.doctor_name,
        ps1_0.net_payable,
        ps1_0.paid_amount,
        ps1_0.patient_id,
        ps1_0.patient_name,
        ps1_0.patient_phone,
        ps1_0.patient_type,
        ps1_0.payment_method,
        ps1_0.payment_status,
        ps1_0.prescription_id,
        ps1_0.sale_date,
        ps1_0.sale_invoice_no,
        ps1_0.sale_type,
        ps1_0.total_amount,
        ps1_0.vat 
    from
        pharmacy_sales ps1_0 
    order by
        ps1_0.sale_date desc
Hibernate: 
    select
        i1_0.pharmacy_sale_id,
        i1_0.id,
        i1_0.batch_number,
        i1_0.discount,
        i1_0.medicine_stock_id,
        i1_0.quantity,
        i1_0.subtotal,
        i1_0.unit_price 
    from
        pharmacy_sale_items i1_0 
    where
        i1_0.pharmacy_sale_id=?
Hibernate: 
    select
        ms1_0.id,
        ms1_0.active,
        ms1_0.barcode,
        ms1_0.batch_number,
        ms1_0.created_date,
        ms1_0.damaged_quantity,
        ms1_0.dosage_form,
        ms1_0.expiry_date,
        ms1_0.generic_name,
        ms1_0.manufacturing_date,
        ms1_0.medicine_name,
        ms1_0.minimum_stock_level,
        ms1_0.purchase_price,
        ms1_0.reorder_level,
        ms1_0.reserved_quantity,
        ms1_0.sale_price,
        ms1_0.stock_quantity,
        ms1_0.strength,
        ms1_0.supplier_id,
        ms1_0.vat 
    from
        medicine_stocks ms1_0 
    where
        ms1_0.id=?
Hibernate: 
    select
        ms1_0.id,
        ms1_0.active,
        ms1_0.barcode,
        ms1_0.batch_number,
        ms1_0.created_date,
        ms1_0.damaged_quantity,
        ms1_0.dosage_form,
        ms1_0.expiry_date,
        ms1_0.generic_name,
        ms1_0.manufacturing_date,
        ms1_0.medicine_name,
        ms1_0.minimum_stock_level,
        ms1_0.purchase_price,
        ms1_0.reorder_level,
        ms1_0.reserved_quantity,
        ms1_0.sale_price,
        ms1_0.stock_quantity,
        ms1_0.strength,
        ms1_0.supplier_id,
        ms1_0.vat 
    from
        medicine_stocks ms1_0 
    where
        ms1_0.id=?
Hibernate: 
    select
        i1_0.pharmacy_sale_id,
        i1_0.id,
        i1_0.batch_number,
        i1_0.discount,
        i1_0.medicine_stock_id,
        i1_0.quantity,
        i1_0.subtotal,
        i1_0.unit_price 
    from
        pharmacy_sale_items i1_0 
    where
        i1_0.pharmacy_sale_id=?
Hibernate: 
    select
        i1_0.pharmacy_sale_id,
        i1_0.id,
        i1_0.batch_number,
        i1_0.discount,
        i1_0.medicine_stock_id,
        i1_0.quantity,
        i1_0.subtotal,
        i1_0.unit_price 
    from
        pharmacy_sale_items i1_0 
    where
        i1_0.pharmacy_sale_id=?
Hibernate: 
    select
        i1_0.pharmacy_sale_id,
        i1_0.id,
        i1_0.batch_number,
        i1_0.discount,
        i1_0.medicine_stock_id,
        i1_0.quantity,
        i1_0.subtotal,
        i1_0.unit_price 
    from
        pharmacy_sale_items i1_0 
    where
        i1_0.pharmacy_sale_id=?
Hibernate: 
    select
        i1_0.pharmacy_sale_id,
        i1_0.id,
        i1_0.batch_number,
        i1_0.discount,
        i1_0.medicine_stock_id,
        i1_0.quantity,
        i1_0.subtotal,
        i1_0.unit_price 
    from
        pharmacy_sale_items i1_0 
    where
        i1_0.pharmacy_sale_id=?
Hibernate: 
    select
        u1_0.id,
        u1_0.active,
        u1_0.email,
        u1_0.image,
        u1_0.name,
        u1_0.password,
        u1_0.phone,
        u1_0.role 
    from
        users u1_0 
    where
        u1_0.email=?
Hibernate: 
    select
        ps1_0.id,
        ps1_0.billing_id,
        ps1_0.change_amount,
        ps1_0.discount,
        ps1_0.doctor_id,
        ps1_0.doctor_name,
        ps1_0.net_payable,
        ps1_0.paid_amount,
        ps1_0.patient_id,
        ps1_0.patient_name,
        ps1_0.patient_phone,
        ps1_0.patient_type,
        ps1_0.payment_method,
        ps1_0.payment_status,
        ps1_0.prescription_id,
        ps1_0.sale_date,
        ps1_0.sale_invoice_no,
        ps1_0.sale_type,
        ps1_0.total_amount,
        ps1_0.vat 
    from
        pharmacy_sales ps1_0 
    where
        ps1_0.sale_date between ? and ? 
    order by
        ps1_0.sale_date desc
Hibernate: 
    select
        ps1_0.id,
        ps1_0.billing_id,
        ps1_0.change_amount,
        ps1_0.discount,
        ps1_0.doctor_id,
        ps1_0.doctor_name,
        ps1_0.net_payable,
        ps1_0.paid_amount,
        ps1_0.patient_id,
        ps1_0.patient_name,
        ps1_0.patient_phone,
        ps1_0.patient_type,
        ps1_0.payment_method,
        ps1_0.payment_status,
        ps1_0.prescription_id,
        ps1_0.sale_date,
        ps1_0.sale_invoice_no,
        ps1_0.sale_type,
        ps1_0.total_amount,
        ps1_0.vat 
    from
        pharmacy_sales ps1_0
Hibernate: 
    select
        psi1_0.id,
        psi1_0.batch_number,
        psi1_0.discount,
        psi1_0.medicine_stock_id,
        psi1_0.pharmacy_sale_id,
        psi1_0.quantity,
        psi1_0.subtotal,
        psi1_0.unit_price 
    from
        pharmacy_sale_items psi1_0
Hibernate: 
    select
        coalesce(sum(ps1_0.net_payable), 0) 
    from
        pharmacy_sales ps1_0 
    where
        ps1_0.payment_status='PAID' 
        and ps1_0.sale_date between ? and ?
Hibernate: 
    select
        coalesce(sum(ps1_0.net_payable), 0) 
    from
        pharmacy_sales ps1_0 
    where
        ps1_0.payment_status='PAID' 
        and ps1_0.sale_date between ? and ?
Hibernate: 
    select
        ms1_0.id,
        ms1_0.active,
        ms1_0.barcode,
        ms1_0.batch_number,
        ms1_0.created_date,
        ms1_0.damaged_quantity,
        ms1_0.dosage_form,
        ms1_0.expiry_date,
        ms1_0.generic_name,
        ms1_0.manufacturing_date,
        ms1_0.medicine_name,
        ms1_0.minimum_stock_level,
        ms1_0.purchase_price,
        ms1_0.reorder_level,
        ms1_0.reserved_quantity,
        ms1_0.sale_price,
        ms1_0.stock_quantity,
        ms1_0.strength,
        ms1_0.supplier_id,
        ms1_0.vat 
    from
        medicine_stocks ms1_0 
    where
        ms1_0.id=?
Hibernate: 
    select
        ms1_0.id,
        ms1_0.active,
        ms1_0.barcode,
        ms1_0.batch_number,
        ms1_0.created_date,
        ms1_0.damaged_quantity,
        ms1_0.dosage_form,
        ms1_0.expiry_date,
        ms1_0.generic_name,
        ms1_0.manufacturing_date,
        ms1_0.medicine_name,
        ms1_0.minimum_stock_level,
        ms1_0.purchase_price,
        ms1_0.reorder_level,
        ms1_0.reserved_quantity,
        ms1_0.sale_price,
        ms1_0.stock_quantity,
        ms1_0.strength,
        ms1_0.supplier_id,
        ms1_0.vat 
    from
        medicine_stocks ms1_0 
    where
        ms1_0.id=?
Hibernate: 
    select
        ms1_0.id,
        ms1_0.active,
        ms1_0.barcode,
        ms1_0.batch_number,
        ms1_0.created_date,
        ms1_0.damaged_quantity,
        ms1_0.dosage_form,
        ms1_0.expiry_date,
        ms1_0.generic_name,
        ms1_0.manufacturing_date,
        ms1_0.medicine_name,
        ms1_0.minimum_stock_level,
        ms1_0.purchase_price,
        ms1_0.reorder_level,
        ms1_0.reserved_quantity,
        ms1_0.sale_price,
        ms1_0.stock_quantity,
        ms1_0.strength,
        ms1_0.supplier_id,
        ms1_0.vat 
    from
        medicine_stocks ms1_0 
    where
        ms1_0.active=true 
        and (
            (
                ms1_0.stock_quantity-coalesce(ms1_0.reserved_quantity, 0)
            )-coalesce(ms1_0.damaged_quantity, 0)
        )<=ms1_0.reorder_level
Hibernate: 
    select
        ms1_0.id,
        ms1_0.active,
        ms1_0.barcode,
        ms1_0.batch_number,
        ms1_0.created_date,
        ms1_0.damaged_quantity,
        ms1_0.dosage_form,
        ms1_0.expiry_date,
        ms1_0.generic_name,
        ms1_0.manufacturing_date,
        ms1_0.medicine_name,
        ms1_0.minimum_stock_level,
        ms1_0.purchase_price,
        ms1_0.reorder_level,
        ms1_0.reserved_quantity,
        ms1_0.sale_price,
        ms1_0.stock_quantity,
        ms1_0.strength,
        ms1_0.supplier_id,
        ms1_0.vat 
    from
        medicine_stocks ms1_0 
    where
        ms1_0.active=true 
        and ms1_0.expiry_date<?
Hibernate: 
    select
        ps1_0.id,
        ps1_0.billing_id,
        ps1_0.change_amount,
        ps1_0.discount,
        ps1_0.doctor_id,
        ps1_0.doctor_name,
        ps1_0.net_payable,
        ps1_0.paid_amount,
        ps1_0.patient_id,
        ps1_0.patient_name,
        ps1_0.patient_phone,
        ps1_0.patient_type,
        ps1_0.payment_method,
        ps1_0.payment_status,
        ps1_0.prescription_id,
        ps1_0.sale_date,
        ps1_0.sale_invoice_no,
        ps1_0.sale_type,
        ps1_0.total_amount,
        ps1_0.vat 
    from
        pharmacy_sales ps1_0
Hibernate: 
    select
        psi1_0.id,
        psi1_0.batch_number,
        psi1_0.discount,
        psi1_0.medicine_stock_id,
        psi1_0.pharmacy_sale_id,
        psi1_0.quantity,
        psi1_0.subtotal,
        psi1_0.unit_price 
    from
        pharmacy_sale_items psi1_0
Hibernate: 
    select
        coalesce(sum(ps1_0.net_payable), 0) 
    from
        pharmacy_sales ps1_0 
    where
        ps1_0.payment_status='PAID' 
        and ps1_0.sale_date between ? and ?
Hibernate: 
    select
        coalesce(sum(ps1_0.net_payable), 0) 
    from
        pharmacy_sales ps1_0 
    where
        ps1_0.payment_status='PAID' 
        and ps1_0.sale_date between ? and ?
Hibernate: 
    select
        ms1_0.id,
        ms1_0.active,
        ms1_0.barcode,
        ms1_0.batch_number,
        ms1_0.created_date,
        ms1_0.damaged_quantity,
        ms1_0.dosage_form,
        ms1_0.expiry_date,
        ms1_0.generic_name,
        ms1_0.manufacturing_date,
        ms1_0.medicine_name,
        ms1_0.minimum_stock_level,
        ms1_0.purchase_price,
        ms1_0.reorder_level,
        ms1_0.reserved_quantity,
        ms1_0.sale_price,
        ms1_0.stock_quantity,
        ms1_0.strength,
        ms1_0.supplier_id,
        ms1_0.vat 
    from
        medicine_stocks ms1_0 
    where
        ms1_0.id=?
Hibernate: 
    select
        ms1_0.id,
        ms1_0.active,
        ms1_0.barcode,
        ms1_0.batch_number,
        ms1_0.created_date,
        ms1_0.damaged_quantity,
        ms1_0.dosage_form,
        ms1_0.expiry_date,
        ms1_0.generic_name,
        ms1_0.manufacturing_date,
        ms1_0.medicine_name,
        ms1_0.minimum_stock_level,
        ms1_0.purchase_price,
        ms1_0.reorder_level,
        ms1_0.reserved_quantity,
        ms1_0.sale_price,
        ms1_0.stock_quantity,
        ms1_0.strength,
        ms1_0.supplier_id,
        ms1_0.vat 
    from
        medicine_stocks ms1_0 
    where
        ms1_0.id=?
Hibernate: 
    select
        ms1_0.id,
        ms1_0.active,
        ms1_0.barcode,
        ms1_0.batch_number,
        ms1_0.created_date,
        ms1_0.damaged_quantity,
        ms1_0.dosage_form,
        ms1_0.expiry_date,
        ms1_0.generic_name,
        ms1_0.manufacturing_date,
        ms1_0.medicine_name,
        ms1_0.minimum_stock_level,
        ms1_0.purchase_price,
        ms1_0.reorder_level,
        ms1_0.reserved_quantity,
        ms1_0.sale_price,
        ms1_0.stock_quantity,
        ms1_0.strength,
        ms1_0.supplier_id,
        ms1_0.vat 
    from
        medicine_stocks ms1_0 
    where
        ms1_0.active=true 
        and (
            (
                ms1_0.stock_quantity-coalesce(ms1_0.reserved_quantity, 0)
            )-coalesce(ms1_0.damaged_quantity, 0)
        )<=ms1_0.reorder_level
Hibernate: 
    select
        ms1_0.id,
        ms1_0.active,
        ms1_0.barcode,
        ms1_0.batch_number,
        ms1_0.created_date,
        ms1_0.damaged_quantity,
        ms1_0.dosage_form,
        ms1_0.expiry_date,
        ms1_0.generic_name,
        ms1_0.manufacturing_date,
        ms1_0.medicine_name,
        ms1_0.minimum_stock_level,
        ms1_0.purchase_price,
        ms1_0.reorder_level,
        ms1_0.reserved_quantity,
        ms1_0.sale_price,
        ms1_0.stock_quantity,
        ms1_0.strength,
        ms1_0.supplier_id,
        ms1_0.vat 
    from
        medicine_stocks ms1_0 
    where
        ms1_0.active=true 
        and ms1_0.expiry_date<?
Hibernate: 
    select
        ps1_0.id,
        ps1_0.billing_id,
        ps1_0.change_amount,
        ps1_0.discount,
        ps1_0.doctor_id,
        ps1_0.doctor_name,
        ps1_0.net_payable,
        ps1_0.paid_amount,
        ps1_0.patient_id,
        ps1_0.patient_name,
        ps1_0.patient_phone,
        ps1_0.patient_type,
        ps1_0.payment_method,
        ps1_0.payment_status,
        ps1_0.prescription_id,
        ps1_0.sale_date,
        ps1_0.sale_invoice_no,
        ps1_0.sale_type,
        ps1_0.total_amount,
        ps1_0.vat 
    from
        pharmacy_sales ps1_0
Hibernate: 
    select
        psi1_0.id,
        psi1_0.batch_number,
        psi1_0.discount,
        psi1_0.medicine_stock_id,
        psi1_0.pharmacy_sale_id,
        psi1_0.quantity,
        psi1_0.subtotal,
        psi1_0.unit_price 
    from
        pharmacy_sale_items psi1_0
Hibernate: 
    select
        coalesce(sum(ps1_0.net_payable), 0) 
    from
        pharmacy_sales ps1_0 
    where
        ps1_0.payment_status='PAID' 
        and ps1_0.sale_date between ? and ?
Hibernate: 
    select
        coalesce(sum(ps1_0.net_payable), 0) 
    from
        pharmacy_sales ps1_0 
    where
        ps1_0.payment_status='PAID' 
        and ps1_0.sale_date between ? and ?
Hibernate: 
    select
        ms1_0.id,
        ms1_0.active,
        ms1_0.barcode,
        ms1_0.batch_number,
        ms1_0.created_date,
        ms1_0.damaged_quantity,
        ms1_0.dosage_form,
        ms1_0.expiry_date,
        ms1_0.generic_name,
        ms1_0.manufacturing_date,
        ms1_0.medicine_name,
        ms1_0.minimum_stock_level,
        ms1_0.purchase_price,
        ms1_0.reorder_level,
        ms1_0.reserved_quantity,
        ms1_0.sale_price,
        ms1_0.stock_quantity,
        ms1_0.strength,
        ms1_0.supplier_id,
        ms1_0.vat 
    from
        medicine_stocks ms1_0 
    where
        ms1_0.id=?
Hibernate: 
    select
        ms1_0.id,
        ms1_0.active,
        ms1_0.barcode,
        ms1_0.batch_number,
        ms1_0.created_date,
        ms1_0.damaged_quantity,
        ms1_0.dosage_form,
        ms1_0.expiry_date,
        ms1_0.generic_name,
        ms1_0.manufacturing_date,
        ms1_0.medicine_name,
        ms1_0.minimum_stock_level,
        ms1_0.purchase_price,
        ms1_0.reorder_level,
        ms1_0.reserved_quantity,
        ms1_0.sale_price,
        ms1_0.stock_quantity,
        ms1_0.strength,
        ms1_0.supplier_id,
        ms1_0.vat 
    from
        medicine_stocks ms1_0 
    where
        ms1_0.id=?
Hibernate: 
    select
        ms1_0.id,
        ms1_0.active,
        ms1_0.barcode,
        ms1_0.batch_number,
        ms1_0.created_date,
        ms1_0.damaged_quantity,
        ms1_0.dosage_form,
        ms1_0.expiry_date,
        ms1_0.generic_name,
        ms1_0.manufacturing_date,
        ms1_0.medicine_name,
        ms1_0.minimum_stock_level,
        ms1_0.purchase_price,
        ms1_0.reorder_level,
        ms1_0.reserved_quantity,
        ms1_0.sale_price,
        ms1_0.stock_quantity,
        ms1_0.strength,
        ms1_0.supplier_id,
        ms1_0.vat 
    from
        medicine_stocks ms1_0 
    where
        ms1_0.active=true 
        and (
            (
                ms1_0.stock_quantity-coalesce(ms1_0.reserved_quantity, 0)
            )-coalesce(ms1_0.damaged_quantity, 0)
        )<=ms1_0.reorder_level
Hibernate: 
    select
        ms1_0.id,
        ms1_0.active,
        ms1_0.barcode,
        ms1_0.batch_number,
        ms1_0.created_date,
        ms1_0.damaged_quantity,
        ms1_0.dosage_form,
        ms1_0.expiry_date,
        ms1_0.generic_name,
        ms1_0.manufacturing_date,
        ms1_0.medicine_name,
        ms1_0.minimum_stock_level,
        ms1_0.purchase_price,
        ms1_0.reorder_level,
        ms1_0.reserved_quantity,
        ms1_0.sale_price,
        ms1_0.stock_quantity,
        ms1_0.strength,
        ms1_0.supplier_id,
        ms1_0.vat 
    from
        medicine_stocks ms1_0 
    where
        ms1_0.active=true 
        and ms1_0.expiry_date<?
2026-08-15T16:44:22.654+06:00  INFO 11004 --- [Modern_Hospital_Management_System] [   File Watcher] rtingClassPathChangeChangedEventListener : Restarting due to 1 class path change (0 additions, 1 deletion, 0 modifications)
2026-08-15T16:44:22.659+06:00  INFO 11004 --- [Modern_Hospital_Management_System] [       Thread-1] o.s.boot.tomcat.GracefulShutdown         : Commencing graceful shutdown. Waiting for active requests to complete
2026-08-15T16:44:22.704+06:00  INFO 11004 --- [Modern_Hospital_Management_System] [tomcat-shutdown] o.s.boot.tomcat.GracefulShutdown         : Graceful shutdown complete
2026-08-15T16:44:22.717+06:00  INFO 11004 --- [Modern_Hospital_Management_System] [       Thread-1] j.LocalContainerEntityManagerFactoryBean : Closing JPA EntityManagerFactory for persistence unit 'default'
2026-08-15T16:44:22.721+06:00  INFO 11004 --- [Modern_Hospital_Management_System] [       Thread-1] com.zaxxer.hikari.HikariDataSource       : HikariPool-1 - Shutdown initiated...
2026-08-15T16:44:22.726+06:00  INFO 11004 --- [Modern_Hospital_Management_System] [       Thread-1] com.zaxxer.hikari.HikariDataSource       : HikariPool-1 - Shutdown completed.

  .   ____          _            __ _ _
 /\\ / ___'_ __ _ _(_)_ __  __ _ \ \ \ \
( ( )\___ | '_ | '_| | '_ \/ _` | \ \ \ \
 \\/  ___)| |_)| | | | | || (_| |  ) ) ) )
  '  |____| .__|_| |_|_| |_\__, | / / / /
 =========|_|==============|___/=/_/_/_/

 :: Spring Boot ::                (v4.1.0)

2026-08-15T16:44:22.819+06:00  INFO 11004 --- [Modern_Hospital_Management_System] [  restartedMain] odernHospitalManagementSystemApplication : Starting ModernHospitalManagementSystemApplication using Java 17.0.5 with PID 11004 (F:\JEE69\Final-Project\SPRING_BOOT_Hospital_Management\Modern_Hospital_Management_System\target\classes started by Admin in F:\JEE69\Final-Project\SPRING_BOOT_Hospital_Management\Modern_Hospital_Management_System)
2026-08-15T16:44:22.820+06:00  INFO 11004 --- [Modern_Hospital_Management_System] [  restartedMain] odernHospitalManagementSystemApplication : No active profile set, falling back to 1 default profile: "default"
2026-08-15T16:44:23.198+06:00  INFO 11004 --- [Modern_Hospital_Management_System] [  restartedMain] .s.d.r.c.RepositoryConfigurationDelegate : Bootstrapping Spring Data JPA repositories in DEFAULT mode.
2026-08-15T16:44:23.345+06:00  INFO 11004 --- [Modern_Hospital_Management_System] [  restartedMain] .s.d.r.c.RepositoryConfigurationDelegate : Finished Spring Data repository scanning in 145 ms. Found 75 JPA repository interfaces.
2026-08-15T16:44:23.495+06:00  INFO 11004 --- [Modern_Hospital_Management_System] [  restartedMain] o.s.boot.tomcat.TomcatWebServer          : Tomcat initialized with port 8085 (http)
2026-08-15T16:44:23.496+06:00  INFO 11004 --- [Modern_Hospital_Management_System] [  restartedMain] o.apache.catalina.core.StandardService   : Starting service [Tomcat]
2026-08-15T16:44:23.497+06:00  INFO 11004 --- [Modern_Hospital_Management_System] [  restartedMain] o.apache.catalina.core.StandardEngine    : Starting Servlet engine: [Apache Tomcat/11.0.22]
2026-08-15T16:44:23.511+06:00  INFO 11004 --- [Modern_Hospital_Management_System] [  restartedMain] b.w.c.s.WebApplicationContextInitializer : Root WebApplicationContext: initialization completed in 689 ms
2026-08-15T16:44:23.581+06:00  INFO 11004 --- [Modern_Hospital_Management_System] [  restartedMain] org.hibernate.orm.jpa                    : HHH008540: Processing PersistenceUnitInfo [name: default]
2026-08-15T16:44:23.614+06:00  INFO 11004 --- [Modern_Hospital_Management_System] [  restartedMain] o.s.o.j.p.SpringPersistenceUnitInfo      : No LoadTimeWeaver setup: ignoring JPA class transformer
2026-08-15T16:44:23.616+06:00  INFO 11004 --- [Modern_Hospital_Management_System] [  restartedMain] com.zaxxer.hikari.HikariDataSource       : HikariPool-2 - Starting...
2026-08-15T16:44:23.629+06:00  INFO 11004 --- [Modern_Hospital_Management_System] [  restartedMain] com.zaxxer.hikari.pool.HikariPool        : HikariPool-2 - Added connection com.mysql.cj.jdbc.ConnectionImpl@7a90c122
2026-08-15T16:44:23.629+06:00  INFO 11004 --- [Modern_Hospital_Management_System] [  restartedMain] com.zaxxer.hikari.HikariDataSource       : HikariPool-2 - Start completed.
2026-08-15T16:44:23.631+06:00  INFO 11004 --- [Modern_Hospital_Management_System] [  restartedMain] org.hibernate.orm.connections.pooling    : HHH10001005: Database info:
	Database JDBC URL [jdbc:mysql://localhost:3306/hospital?createDatabaseIfNotExist=true]
	Database driver: MySQL Connector/J
	Database dialect: MySQLDialect
	Database version: 8.0.45
	Default catalog/schema: hospital/undefined
	Autocommit mode: undefined/unknown
	Isolation level: REPEATABLE_READ [default REPEATABLE_READ]
	JDBC fetch size: none
	Pool: DataSourceConnectionProvider
	Minimum pool size: undefined/unknown
	Maximum pool size: undefined/unknown
2026-08-15T16:44:24.301+06:00  WARN 11004 --- [Modern_Hospital_Management_System] [  restartedMain] org.hibernate.orm.deprecation            : HHH90000033: Encountered use of deprecated annotation [interface jakarta.persistence.Temporal] at emranhss.com.Modern_Hospital_Management_System.entity.OfficeStaff.joinDate.
2026-08-15T16:44:24.476+06:00  WARN 11004 --- [Modern_Hospital_Management_System] [  restartedMain] org.hibernate.orm.deprecation            : HHH90000033: Encountered use of deprecated annotation [interface jakarta.persistence.Temporal] at emranhss.com.Modern_Hospital_Management_System.entity.Report.createDate.
2026-08-15T16:44:24.477+06:00  WARN 11004 --- [Modern_Hospital_Management_System] [  restartedMain] org.hibernate.orm.deprecation            : HHH90000033: Encountered use of deprecated annotation [interface jakarta.persistence.Temporal] at emranhss.com.Modern_Hospital_Management_System.entity.Report.deliveryDate.
2026-08-15T16:44:24.491+06:00  WARN 11004 --- [Modern_Hospital_Management_System] [  restartedMain] org.hibernate.orm.deprecation            : HHH90000033: Encountered use of deprecated annotation [interface jakarta.persistence.Temporal] at emranhss.com.Modern_Hospital_Management_System.entity.Report.testDate.
2026-08-15T16:44:25.309+06:00  INFO 11004 --- [Modern_Hospital_Management_System] [  restartedMain] org.hibernate.orm.core                   : HHH000489: No JTA platform available (set 'hibernate.transaction.jta.platform' to enable JTA platform integration)
Hibernate: 
    alter table billing_payments 
       modify column payment_method enum ('BANK_TRANSFER','CARD','CASH','INSURANCE','MOBILE_BANKING','ONLINE_PAYMENT','SPLIT') not null
Hibernate: 
    alter table billing_payments 
       modify column payment_status enum ('COMPLETED','FAILED','PARTIAL','PENDING','REFUNDED') not null
Hibernate: 
    alter table lab_report_results 
       modify column status enum ('ABNORMAL','BORDERLINE','CRITICAL_HIGH','CRITICAL_LOW','HIGH','LOW','NEGATIVE','NON_REACTIVE','NORMAL','PENDING','POSITIVE','REACTIVE') not null
Hibernate: 
    alter table lab_reports 
       modify column report_status enum ('ABNORMAL','CRITICAL','DENGUE_POSITIVE','NEEDS_DOCTOR_REVIEW','NORMAL','PENDING','READY') not null
Hibernate: 
    alter table test_parameters 
       modify column result_type enum ('MULTI_OPTION','NUMERIC','POSITIVE_NEGATIVE','TEXT') not null
2026-08-15T16:44:25.532+06:00  INFO 11004 --- [Modern_Hospital_Management_System] [  restartedMain] j.LocalContainerEntityManagerFactoryBean : Initialized JPA EntityManagerFactory for persistence unit 'default'
2026-08-15T16:44:26.017+06:00  INFO 11004 --- [Modern_Hospital_Management_System] [  restartedMain] eAuthenticationProviderManagerConfigurer : Global AuthenticationManager configured with AuthenticationProvider bean with name authenticationProvider
2026-08-15T16:44:26.018+06:00  WARN 11004 --- [Modern_Hospital_Management_System] [  restartedMain] r$InitializeUserDetailsManagerConfigurer : Global AuthenticationManager configured with an AuthenticationProvider bean. UserDetailsService beans will not be used by Spring Security for automatically configuring username/password login. Consider removing the AuthenticationProvider bean. Alternatively, consider using the UserDetailsService in a manually instantiated DaoAuthenticationProvider. If the current configuration is intentional, to turn off this warning, increase the logging level of 'org.springframework.security.config.annotation.authentication.configuration.InitializeUserDetailsBeanManagerConfigurer' to ERROR
2026-08-15T16:44:26.393+06:00  WARN 11004 --- [Modern_Hospital_Management_System] [  restartedMain] ConfigServletWebServerApplicationContext : Exception encountered during context initialization - cancelling refresh attempt: org.springframework.beans.factory.UnsatisfiedDependencyException: Error creating bean with name 'doctorController' defined in file [F:\JEE69\Final-Project\SPRING_BOOT_Hospital_Management\Modern_Hospital_Management_System\target\classes\emranhss\com\Modern_Hospital_Management_System\controller\DoctorController.class]: Unsatisfied dependency expressed through constructor parameter 0: No qualifying bean of type 'emranhss.com.Modern_Hospital_Management_System.service.DoctorService' available: expected at least 1 bean which qualifies as autowire candidate. Dependency annotations: {}
2026-08-15T16:44:26.395+06:00  INFO 11004 --- [Modern_Hospital_Management_System] [  restartedMain] j.LocalContainerEntityManagerFactoryBean : Closing JPA EntityManagerFactory for persistence unit 'default'
2026-08-15T16:44:26.396+06:00  INFO 11004 --- [Modern_Hospital_Management_System] [  restartedMain] com.zaxxer.hikari.HikariDataSource       : HikariPool-2 - Shutdown initiated...
2026-08-15T16:44:26.398+06:00  INFO 11004 --- [Modern_Hospital_Management_System] [  restartedMain] com.zaxxer.hikari.HikariDataSource       : HikariPool-2 - Shutdown completed.
2026-08-15T16:44:26.402+06:00  INFO 11004 --- [Modern_Hospital_Management_System] [  restartedMain] o.apache.catalina.core.StandardService   : Stopping service [Tomcat]
2026-08-15T16:44:26.407+06:00  INFO 11004 --- [Modern_Hospital_Management_System] [  restartedMain] .s.b.a.l.ConditionEvaluationReportLogger : 

Error starting ApplicationContext. To display the condition evaluation report re-run your application with 'debug' enabled.
2026-08-15T16:44:26.429+06:00 ERROR 11004 --- [Modern_Hospital_Management_System] [  restartedMain] o.s.b.d.LoggingFailureAnalysisReporter   : 

***************************
APPLICATION FAILED TO START
***************************

Description:

Parameter 0 of constructor in emranhss.com.Modern_Hospital_Management_System.controller.DoctorController required a bean of type 'emranhss.com.Modern_Hospital_Management_System.service.DoctorService' that could not be found.


Action:

Consider defining a bean of type 'emranhss.com.Modern_Hospital_Management_System.service.DoctorService' in your configuration.


  .   ____          _            __ _ _
 /\\ / ___'_ __ _ _(_)_ __  __ _ \ \ \ \
( ( )\___ | '_ | '_| | '_ \/ _` | \ \ \ \
 \\/  ___)| |_)| | | | | || (_| |  ) ) ) )
  '  |____| .__|_| |_|_| |_\__, | / / / /
 =========|_|==============|___/=/_/_/_/

 :: Spring Boot ::                (v4.1.0)

2026-08-15T16:44:27.923+06:00  INFO 11004 --- [Modern_Hospital_Management_System] [  restartedMain] odernHospitalManagementSystemApplication : Starting ModernHospitalManagementSystemApplication using Java 17.0.5 with PID 11004 (F:\JEE69\Final-Project\SPRING_BOOT_Hospital_Management\Modern_Hospital_Management_System\target\classes started by Admin in F:\JEE69\Final-Project\SPRING_BOOT_Hospital_Management\Modern_Hospital_Management_System)
2026-08-15T16:44:27.923+06:00  INFO 11004 --- [Modern_Hospital_Management_System] [  restartedMain] odernHospitalManagementSystemApplication : No active profile set, falling back to 1 default profile: "default"
2026-08-15T16:44:28.223+06:00  INFO 11004 --- [Modern_Hospital_Management_System] [  restartedMain] .s.d.r.c.RepositoryConfigurationDelegate : Bootstrapping Spring Data JPA repositories in DEFAULT mode.
2026-08-15T16:44:28.337+06:00  INFO 11004 --- [Modern_Hospital_Management_System] [  restartedMain] .s.d.r.c.RepositoryConfigurationDelegate : Finished Spring Data repository scanning in 112 ms. Found 75 JPA repository interfaces.
2026-08-15T16:44:28.467+06:00  INFO 11004 --- [Modern_Hospital_Management_System] [  restartedMain] o.s.boot.tomcat.TomcatWebServer          : Tomcat initialized with port 8085 (http)
2026-08-15T16:44:28.469+06:00  INFO 11004 --- [Modern_Hospital_Management_System] [  restartedMain] o.apache.catalina.core.StandardService   : Starting service [Tomcat]
2026-08-15T16:44:28.470+06:00  INFO 11004 --- [Modern_Hospital_Management_System] [  restartedMain] o.apache.catalina.core.StandardEngine    : Starting Servlet engine: [Apache Tomcat/11.0.22]
2026-08-15T16:44:28.484+06:00  INFO 11004 --- [Modern_Hospital_Management_System] [  restartedMain] b.w.c.s.WebApplicationContextInitializer : Root WebApplicationContext: initialization completed in 559 ms
2026-08-15T16:44:28.550+06:00  INFO 11004 --- [Modern_Hospital_Management_System] [  restartedMain] org.hibernate.orm.jpa                    : HHH008540: Processing PersistenceUnitInfo [name: default]
2026-08-15T16:44:28.585+06:00  INFO 11004 --- [Modern_Hospital_Management_System] [  restartedMain] o.s.o.j.p.SpringPersistenceUnitInfo      : No LoadTimeWeaver setup: ignoring JPA class transformer
2026-08-15T16:44:28.586+06:00  INFO 11004 --- [Modern_Hospital_Management_System] [  restartedMain] com.zaxxer.hikari.HikariDataSource       : HikariPool-3 - Starting...
2026-08-15T16:44:28.596+06:00  INFO 11004 --- [Modern_Hospital_Management_System] [  restartedMain] com.zaxxer.hikari.pool.HikariPool        : HikariPool-3 - Added connection com.mysql.cj.jdbc.ConnectionImpl@74b7a00e
2026-08-15T16:44:28.597+06:00  INFO 11004 --- [Modern_Hospital_Management_System] [  restartedMain] com.zaxxer.hikari.HikariDataSource       : HikariPool-3 - Start completed.
2026-08-15T16:44:28.598+06:00  INFO 11004 --- [Modern_Hospital_Management_System] [  restartedMain] org.hibernate.orm.connections.pooling    : HHH10001005: Database info:
	Database JDBC URL [jdbc:mysql://localhost:3306/hospital?createDatabaseIfNotExist=true]
	Database driver: MySQL Connector/J
	Database dialect: MySQLDialect
	Database version: 8.0.45
	Default catalog/schema: hospital/undefined
	Autocommit mode: undefined/unknown
	Isolation level: REPEATABLE_READ [default REPEATABLE_READ]
	JDBC fetch size: none
	Pool: DataSourceConnectionProvider
	Minimum pool size: undefined/unknown
	Maximum pool size: undefined/unknown
2026-08-15T16:44:29.009+06:00  WARN 11004 --- [Modern_Hospital_Management_System] [  restartedMain] org.hibernate.orm.deprecation            : HHH90000033: Encountered use of deprecated annotation [interface jakarta.persistence.Temporal] at emranhss.com.Modern_Hospital_Management_System.entity.OfficeStaff.joinDate.
2026-08-15T16:44:29.172+06:00  WARN 11004 --- [Modern_Hospital_Management_System] [  restartedMain] org.hibernate.orm.deprecation            : HHH90000033: Encountered use of deprecated annotation [interface jakarta.persistence.Temporal] at emranhss.com.Modern_Hospital_Management_System.entity.Report.createDate.
2026-08-15T16:44:29.173+06:00  WARN 11004 --- [Modern_Hospital_Management_System] [  restartedMain] org.hibernate.orm.deprecation            : HHH90000033: Encountered use of deprecated annotation [interface jakarta.persistence.Temporal] at emranhss.com.Modern_Hospital_Management_System.entity.Report.deliveryDate.
2026-08-15T16:44:29.177+06:00  WARN 11004 --- [Modern_Hospital_Management_System] [  restartedMain] org.hibernate.orm.deprecation            : HHH90000033: Encountered use of deprecated annotation [interface jakarta.persistence.Temporal] at emranhss.com.Modern_Hospital_Management_System.entity.Report.testDate.
2026-08-15T16:44:29.874+06:00  INFO 11004 --- [Modern_Hospital_Management_System] [  restartedMain] org.hibernate.orm.core                   : HHH000489: No JTA platform available (set 'hibernate.transaction.jta.platform' to enable JTA platform integration)
Hibernate: 
    alter table billing_payments 
       modify column payment_method enum ('BANK_TRANSFER','CARD','CASH','INSURANCE','MOBILE_BANKING','ONLINE_PAYMENT','SPLIT') not null
Hibernate: 
    alter table billing_payments 
       modify column payment_status enum ('COMPLETED','FAILED','PARTIAL','PENDING','REFUNDED') not null
Hibernate: 
    alter table lab_report_results 
       modify column status enum ('ABNORMAL','BORDERLINE','CRITICAL_HIGH','CRITICAL_LOW','HIGH','LOW','NEGATIVE','NON_REACTIVE','NORMAL','PENDING','POSITIVE','REACTIVE') not null
Hibernate: 
    alter table lab_reports 
       modify column report_status enum ('ABNORMAL','CRITICAL','DENGUE_POSITIVE','NEEDS_DOCTOR_REVIEW','NORMAL','PENDING','READY') not null
Hibernate: 
    alter table test_parameters 
       modify column result_type enum ('MULTI_OPTION','NUMERIC','POSITIVE_NEGATIVE','TEXT') not null
2026-08-15T16:44:30.100+06:00  INFO 11004 --- [Modern_Hospital_Management_System] [  restartedMain] j.LocalContainerEntityManagerFactoryBean : Initialized JPA EntityManagerFactory for persistence unit 'default'
2026-08-15T16:44:30.647+06:00  INFO 11004 --- [Modern_Hospital_Management_System] [  restartedMain] eAuthenticationProviderManagerConfigurer : Global AuthenticationManager configured with AuthenticationProvider bean with name authenticationProvider
2026-08-15T16:44:30.648+06:00  WARN 11004 --- [Modern_Hospital_Management_System] [  restartedMain] r$InitializeUserDetailsManagerConfigurer : Global AuthenticationManager configured with an AuthenticationProvider bean. UserDetailsService beans will not be used by Spring Security for automatically configuring username/password login. Consider removing the AuthenticationProvider bean. Alternatively, consider using the UserDetailsService in a manually instantiated DaoAuthenticationProvider. If the current configuration is intentional, to turn off this warning, increase the logging level of 'org.springframework.security.config.annotation.authentication.configuration.InitializeUserDetailsBeanManagerConfigurer' to ERROR
2026-08-15T16:44:31.788+06:00  WARN 11004 --- [Modern_Hospital_Management_System] [  restartedMain] JpaBaseConfiguration$JpaWebConfiguration : spring.jpa.open-in-view is enabled by default. Therefore, database queries may be performed during view rendering. Explicitly configure spring.jpa.open-in-view to disable this warning
2026-08-15T16:44:32.003+06:00  INFO 11004 --- [Modern_Hospital_Management_System] [  restartedMain] o.s.v.b.OptionalValidatorFactoryBean     : Failed to set up a Bean Validation provider: jakarta.validation.NoProviderFoundException: Unable to create a Configuration, because no Jakarta Validation provider could be found. Add a provider like Hibernate Validator (RI) to your classpath.
2026-08-15T16:44:32.239+06:00  INFO 11004 --- [Modern_Hospital_Management_System] [  restartedMain] o.s.boot.tomcat.TomcatWebServer          : Tomcat started on port 8085 (http) with context path '/'
2026-08-15T16:44:32.243+06:00  INFO 11004 --- [Modern_Hospital_Management_System] [  restartedMain] odernHospitalManagementSystemApplication : Started ModernHospitalManagementSystemApplication in 4.337 seconds (process running for 1131.22)
Hibernate: 
    select
        tm1_0.id,
        tm1_0.active,
        tm1_0.normal_range,
        tm1_0.standard_price,
        tm1_0.test_code,
        tm1_0.test_name 
    from
        test_masters tm1_0 
    where
        tm1_0.test_code=?
Hibernate: 
    select
        tp1_0.id,
        tp1_0.active,
        tp1_0.allowed_values,
        tp1_0.decimal_precision,
        tp1_0.display_order,
        tp1_0.normal_text,
        tp1_0.parameter_code,
        tp1_0.parameter_name,
        tp1_0.result_type,
        tp1_0.test_master_id,
        tp1_0.unit 
    from
        test_parameters tp1_0 
    where
        tp1_0.test_master_id=? 
    order by
        tp1_0.display_order
Hibernate: 
    select
        rr1_0.id,
        rr1_0.active,
        rr1_0.critical_high,
        rr1_0.critical_low,
        rr1_0.display_range,
        rr1_0.gender_scope,
        rr1_0.max_age_years,
        rr1_0.max_value,
        rr1_0.min_age_years,
        rr1_0.min_value,
        rr1_0.priority,
        rr1_0.test_parameter_id 
    from
        reference_ranges rr1_0 
    where
        rr1_0.test_parameter_id=? 
    order by
        rr1_0.priority
Hibernate: 
    select
        ir1_0.id,
        ir1_0.active,
        ir1_0.display_order,
        ir1_0.interpretation_text,
        ir1_0.parameter_status,
        ir1_0.test_parameter_id,
        ir1_0.value_match 
    from
        interpretation_rules ir1_0 
    where
        ir1_0.test_parameter_id=? 
    order by
        ir1_0.display_order
Hibernate: 
    select
        tp1_0.id,
        tp1_0.active,
        tp1_0.allowed_values,
        tp1_0.decimal_precision,
        tp1_0.display_order,
        tp1_0.normal_text,
        tp1_0.parameter_code,
        tp1_0.parameter_name,
        tp1_0.result_type,
        tp1_0.test_master_id,
        tp1_0.unit 
    from
        test_parameters tp1_0 
    where
        tp1_0.test_master_id=? 
    order by
        tp1_0.display_order
Hibernate: 
    select
        rr1_0.id,
        rr1_0.active,
        rr1_0.critical_high,
        rr1_0.critical_low,
        rr1_0.display_range,
        rr1_0.gender_scope,
        rr1_0.max_age_years,
        rr1_0.max_value,
        rr1_0.min_age_years,
        rr1_0.min_value,
        rr1_0.priority,
        rr1_0.test_parameter_id 
    from
        reference_ranges rr1_0 
    where
        rr1_0.test_parameter_id=? 
    order by
        rr1_0.priority
Hibernate: 
    select
        ir1_0.id,
        ir1_0.active,
        ir1_0.display_order,
        ir1_0.interpretation_text,
        ir1_0.parameter_status,
        ir1_0.test_parameter_id,
        ir1_0.value_match 
    from
        interpretation_rules ir1_0 
    where
        ir1_0.test_parameter_id=? 
    order by
        ir1_0.display_order
Hibernate: 
    select
        tp1_0.id,
        tp1_0.active,
        tp1_0.allowed_values,
        tp1_0.decimal_precision,
        tp1_0.display_order,
        tp1_0.normal_text,
        tp1_0.parameter_code,
        tp1_0.parameter_name,
        tp1_0.result_type,
        tp1_0.test_master_id,
        tp1_0.unit 
    from
        test_parameters tp1_0 
    where
        tp1_0.test_master_id=? 
    order by
        tp1_0.display_order
Hibernate: 
    select
        rr1_0.id,
        rr1_0.active,
        rr1_0.critical_high,
        rr1_0.critical_low,
        rr1_0.display_range,
        rr1_0.gender_scope,
        rr1_0.max_age_years,
        rr1_0.max_value,
        rr1_0.min_age_years,
        rr1_0.min_value,
        rr1_0.priority,
        rr1_0.test_parameter_id 
    from
        reference_ranges rr1_0 
    where
        rr1_0.test_parameter_id=? 
    order by
        rr1_0.priority
Hibernate: 
    select
        ir1_0.id,
        ir1_0.active,
        ir1_0.display_order,
        ir1_0.interpretation_text,
        ir1_0.parameter_status,
        ir1_0.test_parameter_id,
        ir1_0.value_match 
    from
        interpretation_rules ir1_0 
    where
        ir1_0.test_parameter_id=? 
    order by
        ir1_0.display_order
Hibernate: 
    select
        tp1_0.id,
        tp1_0.active,
        tp1_0.allowed_values,
        tp1_0.decimal_precision,
        tp1_0.display_order,
        tp1_0.normal_text,
        tp1_0.parameter_code,
        tp1_0.parameter_name,
        tp1_0.result_type,
        tp1_0.test_master_id,
        tp1_0.unit 
    from
        test_parameters tp1_0 
    where
        tp1_0.test_master_id=? 
    order by
        tp1_0.display_order
Hibernate: 
    select
        rr1_0.id,
        rr1_0.active,
        rr1_0.critical_high,
        rr1_0.critical_low,
        rr1_0.display_range,
        rr1_0.gender_scope,
        rr1_0.max_age_years,
        rr1_0.max_value,
        rr1_0.min_age_years,
        rr1_0.min_value,
        rr1_0.priority,
        rr1_0.test_parameter_id 
    from
        reference_ranges rr1_0 
    where
        rr1_0.test_parameter_id=? 
    order by
        rr1_0.priority
Hibernate: 
    select
        ir1_0.id,
        ir1_0.active,
        ir1_0.display_order,
        ir1_0.interpretation_text,
        ir1_0.parameter_status,
        ir1_0.test_parameter_id,
        ir1_0.value_match 
    from
        interpretation_rules ir1_0 
    where
        ir1_0.test_parameter_id=? 
    order by
        ir1_0.display_order
Hibernate: 
    select
        tp1_0.id,
        tp1_0.active,
        tp1_0.allowed_values,
        tp1_0.decimal_precision,
        tp1_0.display_order,
        tp1_0.normal_text,
        tp1_0.parameter_code,
        tp1_0.parameter_name,
        tp1_0.result_type,
        tp1_0.test_master_id,
        tp1_0.unit 
    from
        test_parameters tp1_0 
    where
        tp1_0.test_master_id=? 
    order by
        tp1_0.display_order
Hibernate: 
    select
        rr1_0.id,
        rr1_0.active,
        rr1_0.critical_high,
        rr1_0.critical_low,
        rr1_0.display_range,
        rr1_0.gender_scope,
        rr1_0.max_age_years,
        rr1_0.max_value,
        rr1_0.min_age_years,
        rr1_0.min_value,
        rr1_0.priority,
        rr1_0.test_parameter_id 
    from
        reference_ranges rr1_0 
    where
        rr1_0.test_parameter_id=? 
    order by
        rr1_0.priority
Hibernate: 
    select
        ir1_0.id,
        ir1_0.active,
        ir1_0.display_order,
        ir1_0.interpretation_text,
        ir1_0.parameter_status,
        ir1_0.test_parameter_id,
        ir1_0.value_match 
    from
        interpretation_rules ir1_0 
    where
        ir1_0.test_parameter_id=? 
    order by
        ir1_0.display_order
Hibernate: 
    select
        tp1_0.id,
        tp1_0.active,
        tp1_0.allowed_values,
        tp1_0.decimal_precision,
        tp1_0.display_order,
        tp1_0.normal_text,
        tp1_0.parameter_code,
        tp1_0.parameter_name,
        tp1_0.result_type,
        tp1_0.test_master_id,
        tp1_0.unit 
    from
        test_parameters tp1_0 
    where
        tp1_0.test_master_id=? 
    order by
        tp1_0.display_order
Hibernate: 
    select
        rr1_0.id,
        rr1_0.active,
        rr1_0.critical_high,
        rr1_0.critical_low,
        rr1_0.display_range,
        rr1_0.gender_scope,
        rr1_0.max_age_years,
        rr1_0.max_value,
        rr1_0.min_age_years,
        rr1_0.min_value,
        rr1_0.priority,
        rr1_0.test_parameter_id 
    from
        reference_ranges rr1_0 
    where
        rr1_0.test_parameter_id=? 
    order by
        rr1_0.priority
Hibernate: 
    select
        ir1_0.id,
        ir1_0.active,
        ir1_0.display_order,
        ir1_0.interpretation_text,
        ir1_0.parameter_status,
        ir1_0.test_parameter_id,
        ir1_0.value_match 
    from
        interpretation_rules ir1_0 
    where
        ir1_0.test_parameter_id=? 
    order by
        ir1_0.display_order
Hibernate: 
    select
        tm1_0.id,
        tm1_0.active,
        tm1_0.normal_range,
        tm1_0.standard_price,
        tm1_0.test_code,
        tm1_0.test_name 
    from
        test_masters tm1_0 
    where
        tm1_0.test_code=?
Hibernate: 
    select
        tp1_0.id,
        tp1_0.active,
        tp1_0.allowed_values,
        tp1_0.decimal_precision,
        tp1_0.display_order,
        tp1_0.normal_text,
        tp1_0.parameter_code,
        tp1_0.parameter_name,
        tp1_0.result_type,
        tp1_0.test_master_id,
        tp1_0.unit 
    from
        test_parameters tp1_0 
    where
        tp1_0.test_master_id=? 
    order by
        tp1_0.display_order
Hibernate: 
    select
        rr1_0.id,
        rr1_0.active,
        rr1_0.critical_high,
        rr1_0.critical_low,
        rr1_0.display_range,
        rr1_0.gender_scope,
        rr1_0.max_age_years,
        rr1_0.max_value,
        rr1_0.min_age_years,
        rr1_0.min_value,
        rr1_0.priority,
        rr1_0.test_parameter_id 
    from
        reference_ranges rr1_0 
    where
        rr1_0.test_parameter_id=? 
    order by
        rr1_0.priority
Hibernate: 
    select
        ir1_0.id,
        ir1_0.active,
        ir1_0.display_order,
        ir1_0.interpretation_text,
        ir1_0.parameter_status,
        ir1_0.test_parameter_id,
        ir1_0.value_match 
    from
        interpretation_rules ir1_0 
    where
        ir1_0.test_parameter_id=? 
    order by
        ir1_0.display_order
Hibernate: 
    select
        tp1_0.id,
        tp1_0.active,
        tp1_0.allowed_values,
        tp1_0.decimal_precision,
        tp1_0.display_order,
        tp1_0.normal_text,
        tp1_0.parameter_code,
        tp1_0.parameter_name,
        tp1_0.result_type,
        tp1_0.test_master_id,
        tp1_0.unit 
    from
        test_parameters tp1_0 
    where
        tp1_0.test_master_id=? 
    order by
        tp1_0.display_order
Hibernate: 
    select
        rr1_0.id,
        rr1_0.active,
        rr1_0.critical_high,
        rr1_0.critical_low,
        rr1_0.display_range,
        rr1_0.gender_scope,
        rr1_0.max_age_years,
        rr1_0.max_value,
        rr1_0.min_age_years,
        rr1_0.min_value,
        rr1_0.priority,
        rr1_0.test_parameter_id 
    from
        reference_ranges rr1_0 
    where
        rr1_0.test_parameter_id=? 
    order by
        rr1_0.priority
Hibernate: 
    select
        ir1_0.id,
        ir1_0.active,
        ir1_0.display_order,
        ir1_0.interpretation_text,
        ir1_0.parameter_status,
        ir1_0.test_parameter_id,
        ir1_0.value_match 
    from
        interpretation_rules ir1_0 
    where
        ir1_0.test_parameter_id=? 
    order by
        ir1_0.display_order
Hibernate: 
    select
        tp1_0.id,
        tp1_0.active,
        tp1_0.allowed_values,
        tp1_0.decimal_precision,
        tp1_0.display_order,
        tp1_0.normal_text,
        tp1_0.parameter_code,
        tp1_0.parameter_name,
        tp1_0.result_type,
        tp1_0.test_master_id,
        tp1_0.unit 
    from
        test_parameters tp1_0 
    where
        tp1_0.test_master_id=? 
    order by
        tp1_0.display_order
Hibernate: 
    select
        rr1_0.id,
        rr1_0.active,
        rr1_0.critical_high,
        rr1_0.critical_low,
        rr1_0.display_range,
        rr1_0.gender_scope,
        rr1_0.max_age_years,
        rr1_0.max_value,
        rr1_0.min_age_years,
        rr1_0.min_value,
        rr1_0.priority,
        rr1_0.test_parameter_id 
    from
        reference_ranges rr1_0 
    where
        rr1_0.test_parameter_id=? 
    order by
        rr1_0.priority
Hibernate: 
    select
        ir1_0.id,
        ir1_0.active,
        ir1_0.display_order,
        ir1_0.interpretation_text,
        ir1_0.parameter_status,
        ir1_0.test_parameter_id,
        ir1_0.value_match 
    from
        interpretation_rules ir1_0 
    where
        ir1_0.test_parameter_id=? 
    order by
        ir1_0.display_order
Hibernate: 
    select
        tm1_0.id,
        tm1_0.active,
        tm1_0.normal_range,
        tm1_0.standard_price,
        tm1_0.test_code,
        tm1_0.test_name 
    from
        test_masters tm1_0 
    where
        tm1_0.test_code=?
Hibernate: 
    select
        tp1_0.id,
        tp1_0.active,
        tp1_0.allowed_values,
        tp1_0.decimal_precision,
        tp1_0.display_order,
        tp1_0.normal_text,
        tp1_0.parameter_code,
        tp1_0.parameter_name,
        tp1_0.result_type,
        tp1_0.test_master_id,
        tp1_0.unit 
    from
        test_parameters tp1_0 
    where
        tp1_0.test_master_id=? 
    order by
        tp1_0.display_order
Hibernate: 
    select
        rr1_0.id,
        rr1_0.active,
        rr1_0.critical_high,
        rr1_0.critical_low,
        rr1_0.display_range,
        rr1_0.gender_scope,
        rr1_0.max_age_years,
        rr1_0.max_value,
        rr1_0.min_age_years,
        rr1_0.min_value,
        rr1_0.priority,
        rr1_0.test_parameter_id 
    from
        reference_ranges rr1_0 
    where
        rr1_0.test_parameter_id=? 
    order by
        rr1_0.priority
Hibernate: 
    select
        ir1_0.id,
        ir1_0.active,
        ir1_0.display_order,
        ir1_0.interpretation_text,
        ir1_0.parameter_status,
        ir1_0.test_parameter_id,
        ir1_0.value_match 
    from
        interpretation_rules ir1_0 
    where
        ir1_0.test_parameter_id=? 
    order by
        ir1_0.display_order
Hibernate: 
    select
        tp1_0.id,
        tp1_0.active,
        tp1_0.allowed_values,
        tp1_0.decimal_precision,
        tp1_0.display_order,
        tp1_0.normal_text,
        tp1_0.parameter_code,
        tp1_0.parameter_name,
        tp1_0.result_type,
        tp1_0.test_master_id,
        tp1_0.unit 
    from
        test_parameters tp1_0 
    where
        tp1_0.test_master_id=? 
    order by
        tp1_0.display_order
Hibernate: 
    select
        rr1_0.id,
        rr1_0.active,
        rr1_0.critical_high,
        rr1_0.critical_low,
        rr1_0.display_range,
        rr1_0.gender_scope,
        rr1_0.max_age_years,
        rr1_0.max_value,
        rr1_0.min_age_years,
        rr1_0.min_value,
        rr1_0.priority,
        rr1_0.test_parameter_id 
    from
        reference_ranges rr1_0 
    where
        rr1_0.test_parameter_id=? 
    order by
        rr1_0.priority
Hibernate: 
    select
        ir1_0.id,
        ir1_0.active,
        ir1_0.display_order,
        ir1_0.interpretation_text,
        ir1_0.parameter_status,
        ir1_0.test_parameter_id,
        ir1_0.value_match 
    from
        interpretation_rules ir1_0 
    where
        ir1_0.test_parameter_id=? 
    order by
        ir1_0.display_order
Hibernate: 
    select
        tp1_0.id,
        tp1_0.active,
        tp1_0.allowed_values,
        tp1_0.decimal_precision,
        tp1_0.display_order,
        tp1_0.normal_text,
        tp1_0.parameter_code,
        tp1_0.parameter_name,
        tp1_0.result_type,
        tp1_0.test_master_id,
        tp1_0.unit 
    from
        test_parameters tp1_0 
    where
        tp1_0.test_master_id=? 
    order by
        tp1_0.display_order
Hibernate: 
    select
        rr1_0.id,
        rr1_0.active,
        rr1_0.critical_high,
        rr1_0.critical_low,
        rr1_0.display_range,
        rr1_0.gender_scope,
        rr1_0.max_age_years,
        rr1_0.max_value,
        rr1_0.min_age_years,
        rr1_0.min_value,
        rr1_0.priority,
        rr1_0.test_parameter_id 
    from
        reference_ranges rr1_0 
    where
        rr1_0.test_parameter_id=? 
    order by
        rr1_0.priority
Hibernate: 
    select
        ir1_0.id,
        ir1_0.active,
        ir1_0.display_order,
        ir1_0.interpretation_text,
        ir1_0.parameter_status,
        ir1_0.test_parameter_id,
        ir1_0.value_match 
    from
        interpretation_rules ir1_0 
    where
        ir1_0.test_parameter_id=? 
    order by
        ir1_0.display_order
Hibernate: 
    select
        tp1_0.id,
        tp1_0.active,
        tp1_0.allowed_values,
        tp1_0.decimal_precision,
        tp1_0.display_order,
        tp1_0.normal_text,
        tp1_0.parameter_code,
        tp1_0.parameter_name,
        tp1_0.result_type,
        tp1_0.test_master_id,
        tp1_0.unit 
    from
        test_parameters tp1_0 
    where
        tp1_0.test_master_id=? 
    order by
        tp1_0.display_order
Hibernate: 
    select
        rr1_0.id,
        rr1_0.active,
        rr1_0.critical_high,
        rr1_0.critical_low,
        rr1_0.display_range,
        rr1_0.gender_scope,
        rr1_0.max_age_years,
        rr1_0.max_value,
        rr1_0.min_age_years,
        rr1_0.min_value,
        rr1_0.priority,
        rr1_0.test_parameter_id 
    from
        reference_ranges rr1_0 
    where
        rr1_0.test_parameter_id=? 
    order by
        rr1_0.priority
Hibernate: 
    select
        ir1_0.id,
        ir1_0.active,
        ir1_0.display_order,
        ir1_0.interpretation_text,
        ir1_0.parameter_status,
        ir1_0.test_parameter_id,
        ir1_0.value_match 
    from
        interpretation_rules ir1_0 
    where
        ir1_0.test_parameter_id=? 
    order by
        ir1_0.display_order
Hibernate: 
    select
        tp1_0.id,
        tp1_0.active,
        tp1_0.allowed_values,
        tp1_0.decimal_precision,
        tp1_0.display_order,
        tp1_0.normal_text,
        tp1_0.parameter_code,
        tp1_0.parameter_name,
        tp1_0.result_type,
        tp1_0.test_master_id,
        tp1_0.unit 
    from
        test_parameters tp1_0 
    where
        tp1_0.test_master_id=? 
    order by
        tp1_0.display_order
Hibernate: 
    select
        rr1_0.id,
        rr1_0.active,
        rr1_0.critical_high,
        rr1_0.critical_low,
        rr1_0.display_range,
        rr1_0.gender_scope,
        rr1_0.max_age_years,
        rr1_0.max_value,
        rr1_0.min_age_years,
        rr1_0.min_value,
        rr1_0.priority,
        rr1_0.test_parameter_id 
    from
        reference_ranges rr1_0 
    where
        rr1_0.test_parameter_id=? 
    order by
        rr1_0.priority
Hibernate: 
    select
        ir1_0.id,
        ir1_0.active,
        ir1_0.display_order,
        ir1_0.interpretation_text,
        ir1_0.parameter_status,
        ir1_0.test_parameter_id,
        ir1_0.value_match 
    from
        interpretation_rules ir1_0 
    where
        ir1_0.test_parameter_id=? 
    order by
        ir1_0.display_order
Hibernate: 
    select
        tp1_0.id,
        tp1_0.active,
        tp1_0.allowed_values,
        tp1_0.decimal_precision,
        tp1_0.display_order,
        tp1_0.normal_text,
        tp1_0.parameter_code,
        tp1_0.parameter_name,
        tp1_0.result_type,
        tp1_0.test_master_id,
        tp1_0.unit 
    from
        test_parameters tp1_0 
    where
        tp1_0.test_master_id=? 
    order by
        tp1_0.display_order
Hibernate: 
    select
        rr1_0.id,
        rr1_0.active,
        rr1_0.critical_high,
        rr1_0.critical_low,
        rr1_0.display_range,
        rr1_0.gender_scope,
        rr1_0.max_age_years,
        rr1_0.max_value,
        rr1_0.min_age_years,
        rr1_0.min_value,
        rr1_0.priority,
        rr1_0.test_parameter_id 
    from
        reference_ranges rr1_0 
    where
        rr1_0.test_parameter_id=? 
    order by
        rr1_0.priority
Hibernate: 
    select
        ir1_0.id,
        ir1_0.active,
        ir1_0.display_order,
        ir1_0.interpretation_text,
        ir1_0.parameter_status,
        ir1_0.test_parameter_id,
        ir1_0.value_match 
    from
        interpretation_rules ir1_0 
    where
        ir1_0.test_parameter_id=? 
    order by
        ir1_0.display_order
Hibernate: 
    select
        tp1_0.id,
        tp1_0.active,
        tp1_0.allowed_values,
        tp1_0.decimal_precision,
        tp1_0.display_order,
        tp1_0.normal_text,
        tp1_0.parameter_code,
        tp1_0.parameter_name,
        tp1_0.result_type,
        tp1_0.test_master_id,
        tp1_0.unit 
    from
        test_parameters tp1_0 
    where
        tp1_0.test_master_id=? 
    order by
        tp1_0.display_order
Hibernate: 
    select
        rr1_0.id,
        rr1_0.active,
        rr1_0.critical_high,
        rr1_0.critical_low,
        rr1_0.display_range,
        rr1_0.gender_scope,
        rr1_0.max_age_years,
        rr1_0.max_value,
        rr1_0.min_age_years,
        rr1_0.min_value,
        rr1_0.priority,
        rr1_0.test_parameter_id 
    from
        reference_ranges rr1_0 
    where
        rr1_0.test_parameter_id=? 
    order by
        rr1_0.priority
Hibernate: 
    select
        ir1_0.id,
        ir1_0.active,
        ir1_0.display_order,
        ir1_0.interpretation_text,
        ir1_0.parameter_status,
        ir1_0.test_parameter_id,
        ir1_0.value_match 
    from
        interpretation_rules ir1_0 
    where
        ir1_0.test_parameter_id=? 
    order by
        ir1_0.display_order
Hibernate: 
    select
        tm1_0.id,
        tm1_0.active,
        tm1_0.normal_range,
        tm1_0.standard_price,
        tm1_0.test_code,
        tm1_0.test_name 
    from
        test_masters tm1_0 
    where
        tm1_0.test_code=?
Hibernate: 
    select
        tp1_0.id,
        tp1_0.active,
        tp1_0.allowed_values,
        tp1_0.decimal_precision,
        tp1_0.display_order,
        tp1_0.normal_text,
        tp1_0.parameter_code,
        tp1_0.parameter_name,
        tp1_0.result_type,
        tp1_0.test_master_id,
        tp1_0.unit 
    from
        test_parameters tp1_0 
    where
        tp1_0.test_master_id=? 
    order by
        tp1_0.display_order
Hibernate: 
    select
        rr1_0.id,
        rr1_0.active,
        rr1_0.critical_high,
        rr1_0.critical_low,
        rr1_0.display_range,
        rr1_0.gender_scope,
        rr1_0.max_age_years,
        rr1_0.max_value,
        rr1_0.min_age_years,
        rr1_0.min_value,
        rr1_0.priority,
        rr1_0.test_parameter_id 
    from
        reference_ranges rr1_0 
    where
        rr1_0.test_parameter_id=? 
    order by
        rr1_0.priority
Hibernate: 
    select
        ir1_0.id,
        ir1_0.active,
        ir1_0.display_order,
        ir1_0.interpretation_text,
        ir1_0.parameter_status,
        ir1_0.test_parameter_id,
        ir1_0.value_match 
    from
        interpretation_rules ir1_0 
    where
        ir1_0.test_parameter_id=? 
    order by
        ir1_0.display_order
Hibernate: 
    select
        tm1_0.id,
        tm1_0.active,
        tm1_0.normal_range,
        tm1_0.standard_price,
        tm1_0.test_code,
        tm1_0.test_name 
    from
        test_masters tm1_0 
    where
        tm1_0.test_code=?
Hibernate: 
    select
        tp1_0.id,
        tp1_0.active,
        tp1_0.allowed_values,
        tp1_0.decimal_precision,
        tp1_0.display_order,
        tp1_0.normal_text,
        tp1_0.parameter_code,
        tp1_0.parameter_name,
        tp1_0.result_type,
        tp1_0.test_master_id,
        tp1_0.unit 
    from
        test_parameters tp1_0 
    where
        tp1_0.test_master_id=? 
    order by
        tp1_0.display_order
Hibernate: 
    select
        rr1_0.id,
        rr1_0.active,
        rr1_0.critical_high,
        rr1_0.critical_low,
        rr1_0.display_range,
        rr1_0.gender_scope,
        rr1_0.max_age_years,
        rr1_0.max_value,
        rr1_0.min_age_years,
        rr1_0.min_value,
        rr1_0.priority,
        rr1_0.test_parameter_id 
    from
        reference_ranges rr1_0 
    where
        rr1_0.test_parameter_id=? 
    order by
        rr1_0.priority
Hibernate: 
    select
        ir1_0.id,
        ir1_0.active,
        ir1_0.display_order,
        ir1_0.interpretation_text,
        ir1_0.parameter_status,
        ir1_0.test_parameter_id,
        ir1_0.value_match 
    from
        interpretation_rules ir1_0 
    where
        ir1_0.test_parameter_id=? 
    order by
        ir1_0.display_order
Hibernate: 
    select
        tm1_0.id,
        tm1_0.active,
        tm1_0.normal_range,
        tm1_0.standard_price,
        tm1_0.test_code,
        tm1_0.test_name 
    from
        test_masters tm1_0 
    where
        tm1_0.test_code=?
Hibernate: 
    select
        tp1_0.id,
        tp1_0.active,
        tp1_0.allowed_values,
        tp1_0.decimal_precision,
        tp1_0.display_order,
        tp1_0.normal_text,
        tp1_0.parameter_code,
        tp1_0.parameter_name,
        tp1_0.result_type,
        tp1_0.test_master_id,
        tp1_0.unit 
    from
        test_parameters tp1_0 
    where
        tp1_0.test_master_id=? 
    order by
        tp1_0.display_order
Hibernate: 
    select
        rr1_0.id,
        rr1_0.active,
        rr1_0.critical_high,
        rr1_0.critical_low,
        rr1_0.display_range,
        rr1_0.gender_scope,
        rr1_0.max_age_years,
        rr1_0.max_value,
        rr1_0.min_age_years,
        rr1_0.min_value,
        rr1_0.priority,
        rr1_0.test_parameter_id 
    from
        reference_ranges rr1_0 
    where
        rr1_0.test_parameter_id=? 
    order by
        rr1_0.priority
Hibernate: 
    select
        ir1_0.id,
        ir1_0.active,
        ir1_0.display_order,
        ir1_0.interpretation_text,
        ir1_0.parameter_status,
        ir1_0.test_parameter_id,
        ir1_0.value_match 
    from
        interpretation_rules ir1_0 
    where
        ir1_0.test_parameter_id=? 
    order by
        ir1_0.display_order
Hibernate: 
    select
        tm1_0.id,
        tm1_0.active,
        tm1_0.normal_range,
        tm1_0.standard_price,
        tm1_0.test_code,
        tm1_0.test_name 
    from
        test_masters tm1_0 
    where
        tm1_0.test_code=?
Hibernate: 
    select
        tp1_0.id,
        tp1_0.active,
        tp1_0.allowed_values,
        tp1_0.decimal_precision,
        tp1_0.display_order,
        tp1_0.normal_text,
        tp1_0.parameter_code,
        tp1_0.parameter_name,
        tp1_0.result_type,
        tp1_0.test_master_id,
        tp1_0.unit 
    from
        test_parameters tp1_0 
    where
        tp1_0.test_master_id=? 
    order by
        tp1_0.display_order
Hibernate: 
    select
        rr1_0.id,
        rr1_0.active,
        rr1_0.critical_high,
        rr1_0.critical_low,
        rr1_0.display_range,
        rr1_0.gender_scope,
        rr1_0.max_age_years,
        rr1_0.max_value,
        rr1_0.min_age_years,
        rr1_0.min_value,
        rr1_0.priority,
        rr1_0.test_parameter_id 
    from
        reference_ranges rr1_0 
    where
        rr1_0.test_parameter_id=? 
    order by
        rr1_0.priority
Hibernate: 
    select
        ir1_0.id,
        ir1_0.active,
        ir1_0.display_order,
        ir1_0.interpretation_text,
        ir1_0.parameter_status,
        ir1_0.test_parameter_id,
        ir1_0.value_match 
    from
        interpretation_rules ir1_0 
    where
        ir1_0.test_parameter_id=? 
    order by
        ir1_0.display_order
Hibernate: 
    select
        tm1_0.id,
        tm1_0.active,
        tm1_0.normal_range,
        tm1_0.standard_price,
        tm1_0.test_code,
        tm1_0.test_name 
    from
        test_masters tm1_0 
    where
        tm1_0.test_code=?
Hibernate: 
    select
        tp1_0.id,
        tp1_0.active,
        tp1_0.allowed_values,
        tp1_0.decimal_precision,
        tp1_0.display_order,
        tp1_0.normal_text,
        tp1_0.parameter_code,
        tp1_0.parameter_name,
        tp1_0.result_type,
        tp1_0.test_master_id,
        tp1_0.unit 
    from
        test_parameters tp1_0 
    where
        tp1_0.test_master_id=? 
    order by
        tp1_0.display_order
Hibernate: 
    select
        rr1_0.id,
        rr1_0.active,
        rr1_0.critical_high,
        rr1_0.critical_low,
        rr1_0.display_range,
        rr1_0.gender_scope,
        rr1_0.max_age_years,
        rr1_0.max_value,
        rr1_0.min_age_years,
        rr1_0.min_value,
        rr1_0.priority,
        rr1_0.test_parameter_id 
    from
        reference_ranges rr1_0 
    where
        rr1_0.test_parameter_id=? 
    order by
        rr1_0.priority
Hibernate: 
    select
        ir1_0.id,
        ir1_0.active,
        ir1_0.display_order,
        ir1_0.interpretation_text,
        ir1_0.parameter_status,
        ir1_0.test_parameter_id,
        ir1_0.value_match 
    from
        interpretation_rules ir1_0 
    where
        ir1_0.test_parameter_id=? 
    order by
        ir1_0.display_order
Hibernate: 
    select
        tm1_0.id,
        tm1_0.active,
        tm1_0.normal_range,
        tm1_0.standard_price,
        tm1_0.test_code,
        tm1_0.test_name 
    from
        test_masters tm1_0 
    where
        tm1_0.test_code=?
Hibernate: 
    select
        tp1_0.id,
        tp1_0.active,
        tp1_0.allowed_values,
        tp1_0.decimal_precision,
        tp1_0.display_order,
        tp1_0.normal_text,
        tp1_0.parameter_code,
        tp1_0.parameter_name,
        tp1_0.result_type,
        tp1_0.test_master_id,
        tp1_0.unit 
    from
        test_parameters tp1_0 
    where
        tp1_0.test_master_id=? 
    order by
        tp1_0.display_order
Hibernate: 
    select
        rr1_0.id,
        rr1_0.active,
        rr1_0.critical_high,
        rr1_0.critical_low,
        rr1_0.display_range,
        rr1_0.gender_scope,
        rr1_0.max_age_years,
        rr1_0.max_value,
        rr1_0.min_age_years,
        rr1_0.min_value,
        rr1_0.priority,
        rr1_0.test_parameter_id 
    from
        reference_ranges rr1_0 
    where
        rr1_0.test_parameter_id=? 
    order by
        rr1_0.priority
Hibernate: 
    select
        ir1_0.id,
        ir1_0.active,
        ir1_0.display_order,
        ir1_0.interpretation_text,
        ir1_0.parameter_status,
        ir1_0.test_parameter_id,
        ir1_0.value_match 
    from
        interpretation_rules ir1_0 
    where
        ir1_0.test_parameter_id=? 
    order by
        ir1_0.display_order
Hibernate: 
    select
        tm1_0.id,
        tm1_0.active,
        tm1_0.normal_range,
        tm1_0.standard_price,
        tm1_0.test_code,
        tm1_0.test_name 
    from
        test_masters tm1_0 
    where
        tm1_0.test_code=?
Hibernate: 
    select
        tp1_0.id,
        tp1_0.active,
        tp1_0.allowed_values,
        tp1_0.decimal_precision,
        tp1_0.display_order,
        tp1_0.normal_text,
        tp1_0.parameter_code,
        tp1_0.parameter_name,
        tp1_0.result_type,
        tp1_0.test_master_id,
        tp1_0.unit 
    from
        test_parameters tp1_0 
    where
        tp1_0.test_master_id=? 
    order by
        tp1_0.display_order
Hibernate: 
    select
        rr1_0.id,
        rr1_0.active,
        rr1_0.critical_high,
        rr1_0.critical_low,
        rr1_0.display_range,
        rr1_0.gender_scope,
        rr1_0.max_age_years,
        rr1_0.max_value,
        rr1_0.min_age_years,
        rr1_0.min_value,
        rr1_0.priority,
        rr1_0.test_parameter_id 
    from
        reference_ranges rr1_0 
    where
        rr1_0.test_parameter_id=? 
    order by
        rr1_0.priority
Hibernate: 
    select
        ir1_0.id,
        ir1_0.active,
        ir1_0.display_order,
        ir1_0.interpretation_text,
        ir1_0.parameter_status,
        ir1_0.test_parameter_id,
        ir1_0.value_match 
    from
        interpretation_rules ir1_0 
    where
        ir1_0.test_parameter_id=? 
    order by
        ir1_0.display_order
Hibernate: 
    select
        count(*) 
    from
        lab_rules lr1_0
2026-08-15T16:44:32.396+06:00  INFO 11004 --- [Modern_Hospital_Management_System] [  restartedMain] e.c.M.config.LabDataSeeder               : Lab data seeding completed.
Hibernate: 
    select
        count(*) 
    from
        surgery_categories sc1_0
Hibernate: 
    select
        count(*) 
    from
        operation_theatres ot1_0
2026-08-15T16:44:32.401+06:00  INFO 11004 --- [Modern_Hospital_Management_System] [  restartedMain] e.c.M.config.SurgeryDataSeeder           : Surgery data already seeded. Skipping.
Hibernate: 
    select
        count(*) 
    from
        charge_categories cc1_0
2026-08-15T16:44:32.404+06:00  INFO 11004 --- [Modern_Hospital_Management_System] [  restartedMain] e.c.M.config.ChargeCategorySeeder        : Charge categories already seeded. Skipping.
Hibernate: 
    select
        u1_0.id,
        u1_0.active,
        u1_0.email,
        u1_0.image,
        u1_0.name,
        u1_0.password,
        u1_0.phone,
        u1_0.role 
    from
        users u1_0 
    where
        u1_0.email=?
Hibernate: 
    select
        count(*) 
    from
        patients p1_0
Hibernate: 
    select
        count(*) 
    from
        dieticians d1_0
[SKIP] Dietary data already seeded.
2026-08-15T16:44:32.414+06:00  INFO 11004 --- [Modern_Hospital_Management_System] [  restartedMain] .ConditionEvaluationDeltaLoggingListener : Condition evaluation unchanged
[INFO] ------------------------------------------------------------------------
[INFO] BUILD FAILURE
[INFO] ------------------------------------------------------------------------
[INFO] Total time:  20:15 min
[INFO] Finished at: 2026-08-15T16:45:52+06:00
[INFO] ------------------------------------------------------------------------
[ERROR] Failed to execute goal org.springframework.boot:spring-boot-maven-plugin:4.1.0:run (default-cli) on project Modern_Hospital_Management_System: Process terminated with exit code: -1 -> [Help 1]
[ERROR] 
[ERROR] To see the full stack trace of the errors, re-run Maven with the -e switch.
[ERROR] Re-run Maven using the -X switch to enable full debug logging.
[ERROR] 
[ERROR] For more information about the errors and possible solutions, please read the following articles:
[ERROR] [Help 1] http://cwiki.apache.org/confluence/display/MAVEN/MojoExecutionException
